"sampling_id","date_from","date_to","varroa_count","quality_control","hive_id","yard_id"
814,,"0004-07-17",1,1,"713","391"
1670,"0005-02-18","0005-09-18",3,1,"145","335"
1853,,,46,1,"248","87"
4074,"0004-01-18","0004-09-18",3,1,"269","85"
6928,"0006-07-19","0006-12-19",0,2,"299","87"
2625,"0009-08-17",,22,0,"600","414"
2459,,,0,0,"748","441"
4457,"0006-11-18",,13,1,"826","444"
7168,,,82,1,"51","595"
5046,,"0009-01-18",2,0,"458","369"
9389,,,0,0,"747","441"
9246,,,0,1,"2077","638"
4474,,,0,1,"1021","536"
7124,"0009-09-15",,14,1,"62","595"
8245,"0005-02-19",,19,2,"1722","618"
10035,,,6,2,"315","324"
1795,,"0008-03-15",224,1,"241","88"
8380,"2011-11-19",,24,0,"1752","621"
10521,"0007-01-20",,78,2,"96","646"
9928,"0006-09-20",,5,2,"265","87"
6067,,,1,0,"927","505"
10593,"0004-05-20",,8,2,"1271","528"
10715,"0009-03-20","0009-11-20",5,2,"330","79"
1783,,,43,1,"240","87"
273,"0008-05-17",,8,0,"483","376"
5491,,"2012-04-18",8,1,"831","444"
8059,,,20,0,"1210","565"
4021,,"0004-03-18",0,1,"939","510"
1838,,,224,1,"246","87"
7384,,,30,2,"248","324"
471,"0008-10-17",,3,1,"582","407"
6179,"0004-06-19",,35,2,"1282","528"
5382,"2010-04-18","2010-11-18",34,1,"717","391"
4177,"0004-09-18",,0,0,"971","366"
4951,"0005-01-18","0005-08-18",0,1,"305","87"
11393,,"2011-04-20",19,2,"2349","659"
8068,,,9,1,"220","214"
4968,,"0005-01-18",0,1,"264","87"
9025,"0004-04-20","0004-09-20",9,2,"2009","83"
4518,"0006-11-18",,5,0,"212","329"
5393,"2010-07-18",,23,0,"505","383"
1273,,,4,1,"152","335"
8756,,,0,0,"702","429"
8142,,,4,0,"1219","441"
983,"0008-10-17",,0,0,"198","325"
9810,,,80,1,"1967","587"
7947,,"0009-07-19",71,0,"1503","594"
9415,,,7,0,"1207","565"
1686,"0004-03-12","0004-10-12",4,1,"9","90"
767,,,0,0,"703","429"
9922,"0006-09-20",,19,2,"1763","87"
5741,,"2010-02-18",0,0,"1203","565"
1560,"0003-01-16","0003-10-16",9,1,"136","407"
5596,"0003-10-19",,1,2,"262","87"
7083,"2010-08-15",,17,1,"57","595"
1148,"0008-11-17",,51,1,"189","333"
189,"0008-07-17",,2,0,"453","369"
3676,,"0004-06-16",0,1,"939","510"
248,,,0,0,"463","374"
8894,,"0004-02-20",2,2,"1886","97"
4101,"0004-10-18",,0,1,"832","444"
4549,,,0,1,"941","510"
6955,"0006-07-19","0006-12-19",3,2,"309","324"
5300,,"0005-01-18",2,1,"299","353"
10703,"0009-08-20",,3,0,"439","367"
10295,"0004-04-20",,257,2,"2241","588"
9010,,"0004-04-20",3,2,"1994","99"
7378,,,862,2,"273","324"
8274,"2011-06-19","2011-11-19",51,0,"1529","522"
1605,"0007-06-16","0007-10-16",5,1,"138","407"
1992,"0004-11-16",,0,1,"266","87"
6682,,,0,1,"944","510"
4947,"0006-09-18",,0,1,"280","87"
7679,"0007-08-19","0007-12-19",5,2,"1288","528"
10941,,,2,2,"1760","87"
2621,"0009-08-17",,0,0,"641","411"
9553,"0005-02-20","0005-12-20",1,1,"827","444"
6289,"0005-01-19","0005-07-19",1,0,"1219","441"
9856,,,5,2,"259","87"
11221,,,9,2,"2420","618"
9303,"0004-06-20",,28,2,"1432","589"
9608,,"0005-10-20",0,0,"508","383"
10342,"0007-07-20",,198,2,"1420","588"
11381,,"2011-03-20",41,2,"327","74"
7240,"0005-07-19","0005-12-19",4,0,"1503","594"
7831,"0009-03-19","0009-09-19",1,0,"1202","565"
11093,,,3,2,"259","87"
8054,,,5,0,"1205","565"
9583,,,0,0,"1667","610"
325,,,0,0,"525","393"
10988,"2010-06-20","2010-12-20",6,0,"1531","522"
3667,,,0,1,"939","510"
8887,,"0004-02-20",2,2,"1879","98"
9070,,"0004-06-20",0,0,"438","367"
11394,,"2011-04-20",43,2,"2350","659"
603,"0009-01-17","0009-08-17",4,0,"611","414"
1194,,"0009-05-17",3,0,"546","396"
5840,,"2010-03-18",5,0,"1219","441"
11100,,,0,2,"1760","87"
6591,,,1,1,"19","91"
7079,"2010-08-15",,10,1,"53","595"
10749,"0009-03-20","0009-11-20",5,2,"364","80"
1083,,"0009-06-17",7,0,"491","377"
6038,"0004-12-19",,3,2,"253","353"
3937,,,0,0,"441","366"
10196,,,4,0,"445","371"
5567,"0003-09-19",,2,1,"223","214"
10602,"0004-05-20",,8,2,"1282","528"
11071,,,20,2,"264","324"
9317,"0004-10-20",,7,2,"1456","591"
2669,"0009-01-17","0009-08-17",0,0,"808","451"
9092,"0004-11-20",,0,1,"2071","637"
5666,,,0,1,"1071","346"
568,"0007-05-17","0007-12-17",1,0,"440","367"
10478,"0007-12-20",,10,2,"1465","590"
5237,"0006-09-18",,5,1,"246","87"
7946,,"0009-07-19",149,0,"1502","594"
6314,,,108,2,"1312","577"
6701,,"0006-03-19",1,1,"1507","587"
8554,,,0,0,"1216","441"
417,"0008-12-17",,5,0,"571","401"
1353,"0007-07-16","0007-10-16",6,1,"151","335"
5145,,,4,0,"1010","535"
7265,"0007-12-19",,12,0,"1504","594"
2165,"0009-11-15",,5,1,"288","89"
5019,,"0009-01-18",1,0,"453","518"
2550,"0009-10-17",,3,1,"258","87"
1408,"0007-04-17","0007-09-17",1,1,"146","335"
855,"0007-10-17",,24,1,"720","391"
5299,"0005-07-18","0005-12-18",2,1,"251","353"
2342,,,52,1,"306","87"
10641,"0009-05-20","0009-12-20",19,2,"264","324"
10597,"0004-05-20",,5,2,"1274","528"
870,,,48,1,"232","346"
10454,"0007-02-20","0007-07-20",435,2,"1337","578"
4336,"0005-03-18","0005-10-18",0,0,"460","519"
5232,,,21,2,"263","87"
460,,"0005-02-17",2,1,"583","407"
5068,"0009-01-18","0009-09-18",1,0,"456","519"
8656,,"0002-06-20",0,0,"1787","625"
6797,"0006-02-19","0006-07-19",0,1,"939","510"
9590,"0005-01-20","0005-08-20",0,0,"1667","610"
6898,"0005-08-19",,5,2,"251","85"
10364,"0008-06-20",,53,2,"1350","579"
1228,"0007-08-15","0007-12-15",0,1,"147","335"
2492,"0009-05-17","0009-09-17",2,0,"215","349"
5489,,"2012-03-18",7,1,"829","444"
2898,,,22,0,"498","378"
3691,"0004-06-16","0004-11-16",1,1,"945","510"
8787,,,0,0,"1849","632"
6339,,"0005-03-19",8,2,"1337","578"
9214,"0004-09-20",,33,2,"2057","636"
7418,"0007-04-19","0007-09-19",26,2,"1148","87"
3237,,,0,0,"897","470"
8718,"0003-01-20","0003-06-20",0,0,"1792","625"
3681,,"0004-06-16",1,1,"944","510"
3803,,"0008-08-16",3,1,"939","510"
9002,,"0004-04-20",7,2,"1986","99"
8878,,"0004-02-20",0,2,"1870","98"
8754,,"0004-02-20",1,1,"1862","346"
2573,"0004-02-17","0004-09-17",0,0,"788","445"
9852,,,11,2,"265","87"
10973,"2010-08-20","2010-11-20",6,0,"2072","637"
5732,,"2010-02-18",25,0,"1201","565"
7791,"0009-06-19","0009-09-19",14,0,"1528","522"
7648,,"0008-06-19",0,0,"448","369"
7036,"0007-10-15",,1,1,"46","595"
1406,"0007-04-17","0007-09-17",1,1,"144","335"
7707,,,11,2,"1293","528"
4811,,,5,1,"939","510"
7808,"0009-07-19","0009-12-19",5,0,"1062","551"
1364,,,0,1,"164","335"
10540,"0007-02-20","0007-07-20",56,2,"115","578"
6481,"0005-02-19","0005-07-19",15,2,"1459","591"
5032,"0009-01-18","0009-09-18",19,0,"445","371"
7560,,,9,2,"1396","588"
6988,,,8,2,"299","87"
319,"0007-10-17","0007-12-17",14,0,"514","389"
2317,,,52,1,"304","87"
10494,,"0007-04-20",9,2,"111","81"
746,"0007-11-17",,2,0,"696","428"
4477,"0006-06-18",,0,1,"236","324"
4946,"0005-08-18","0005-12-18",1,1,"280","87"
9409,,,0,0,"1201","565"
109,,,3,1,"298","87"
9754,"0007-04-20","0007-10-20",5,0,"1642","612"
3962,,,0,0,"522","393"
5960,,,5,2,"310","87"
3327,"0009-02-17","0009-07-17",14,0,"898","470"
2957,"0009-05-17",,10,0,"812","405"
7012,,,107,2,"300","324"
10518,"0007-01-20",,87,2,"101","646"
2198,,"2010-08-15",2,1,"291","88"
9641,,"0006-02-20",0,1,"946","510"
6011,"0004-12-19",,1,2,"295","85"
5092,"0005-01-18","0005-07-18",1,1,"269","85"
8842,,,7,2,"306","352"
3824,"0008-08-16","0008-09-16",6,1,"940","510"
11103,,,2,2,"246","324"
7349,,,20,2,"1144","87"
4392,"0005-02-18","0005-11-18",0,1,"942","510"
2026,"0004-11-16",,1,1,"269","87"
10386,,,8,1,"2201","561"
7816,"0009-03-19","0009-10-19",15,0,"742","441"
9223,"0004-09-20",,2,2,"2066","636"
2045,,,0,1,"271","87"
8304,"2010-01-19","2010-07-19",19,2,"247","87"
2655,"0009-10-17",,1,1,"245","194"
3246,"0009-02-17","0009-07-17",29,0,"900","470"
2001,"0009-10-15",,8,1,"266","88"
1755,,,38,1,"238","85"
2773,"0009-11-17",,10,0,"614","416"
10582,,"0008-01-20",266,2,"281","324"
5116,,"0005-01-18",0,1,"314","352"
11152,,"2011-07-20",7,2,"281","324"
5850,"0001-04-19",,12,0,"750","441"
7236,"0007-02-19","0007-07-19",5,0,"1537","597"
4502,,,2,1,"265","85"
2687,"0007-07-17",,13,1,"833","444"
6580,,,0,1,"8","90"
4153,"0004-09-18",,2,1,"306","85"
5274,"0006-09-18",,1,1,"262","87"
1114,"0007-07-17",,118,1,"172","333"
10963,"2010-08-20","2010-11-20",11,0,"2083","638"
6599,,,3,1,"29","92"
2765,,,36,0,"506","383"
5436,"2011-01-18","2011-04-18",9,0,"964","522"
10513,"0007-01-20",,7,2,"105","646"
1255,,,0,1,"156","335"
4538,,,2,0,"524","393"
7882,"0009-04-19","0009-10-19",5,0,"448","369"
8860,,,1,2,"253","87"
10776,"0009-03-20","0009-11-20",2,2,"391","76"
5615,"0003-10-19",,3,2,"1139","89"
6715,,"0003-02-19",10,0,"1494","594"
10240,"0008-08-20","0008-11-20",0,0,"443","369"
11178,,,37,2,"2381","577"
11134,,"2011-07-20",16,2,"1764","87"
10642,"0009-05-20","0009-12-20",12,2,"1024","324"
8026,"2010-01-19","2010-08-19",10,1,"1671","391"
6659,,,2,0,"1006","369"
3437,,,23,1,"847","351"
8188,"0007-06-19",,633,2,"1316","577"
7534,,,4,2,"1381","580"
5616,"0003-10-19",,0,2,"1140","89"
2924,,,3,0,"216","349"
9612,,,0,1,"936","510"
4840,,,9,0,"1008","369"
9183,,,2,2,"2115","642"
10712,"0009-03-20","0009-11-20",15,2,"327","79"
7469,"0007-09-19",,31,2,"247","87"
4838,,,2,0,"459","369"
9120,"0004-11-20",,2,0,"1638","611"
4939,,"0005-01-18",3,1,"317","89"
4428,,,0,1,"942","510"
10586,"0009-03-20","0009-09-20",36,0,"1664","612"
451,"0007-12-17",,0,0,"570","399"
4569,,,0,0,"451","518"
6506,"0005-02-19","0005-07-19",15,2,"1484","593"
4853,,,0,0,"969","523"
2304,"0009-03-15","0009-10-15",1,1,"302","87"
550,"0004-10-17",,1,0,"432","366"
9114,"0004-10-20",,0,0,"1854","631"
6931,"0006-07-19","0006-12-19",11,2,"1140","87"
5156,,,3,2,"306","353"
3646,"2010-12-17",,2,1,"940","510"
10027,"0004-04-20","0004-09-20",9,2,"275","324"
5539,"0001-02-19","0001-09-19",0,0,"1132","558"
4458,"0006-11-18",,12,1,"830","444"
10799,"0009-03-20",,3,2,"2339","73"
3394,"2011-04-17","2011-12-17",7,0,"487","376"
5167,"0009-11-18",,19,2,"247","324"
4656,"0007-09-18",,25,2,"300","324"
4246,,,0,1,"315","87"
1024,,,2,0,"208","328"
5243,"0006-09-18",,3,1,"284","87"
4446,,,0,1,"1016","536"
9727,,,0,1,"942","510"
976,,"0007-05-17",10,0,"199","325"
3830,"0008-08-16","0008-09-16",10,1,"946","510"
1790,,,15,1,"241","85"
7927,,"2010-04-19",1,0,"1538","597"
7254,"0006-01-19","0006-10-19",4,0,"1505","594"
7416,"0007-04-19","0007-09-19",7,2,"1152","87"
8394,"2011-10-19",,1,1,"220","214"
1012,"0005-01-17","0005-07-17",6,0,"208","328"
8251,"0007-04-19",,2274,2,"1724","618"
3418,"2010-04-17",,8,0,"467","373"
2072,,"2010-08-15",7,1,"274","88"
7902,,,2,0,"1592","586"
2722,,,1,1,"833","444"
2150,"0009-03-15","0009-10-15",1,1,"286","87"
6329,,"0005-03-19",20,2,"1327","578"
1761,,"0005-07-15",2,1,"239","85"
4655,"0007-09-18",,24,2,"285","324"
8487,,,3,0,"1754","621"
4327,"0005-05-18","0005-10-18",0,0,"447","370"
8752,,,5,0,"1014","393"
24,,,1,1,"312","87"
7322,,,21,1,"1513","346"
979,,"0008-05-17",10,0,"198","325"
4649,"0007-12-18",,0,1,"1016","536"
2729,"0003-11-17",,1,1,"832","444"
159,,,1,0,"453","369"
3707,,,0,1,"943","510"
9192,"0004-12-20",,1,2,"2139","643"
8784,,,1,0,"1846","632"
6235,,,2,2,"248","85"
3930,,,0,0,"438","367"
279,"0008-05-17",,6,0,"489","376"
197,"0008-07-17",,0,0,"461","369"
9251,,,0,1,"2082","638"
8372,,,55,2,"295","324"
6088,"0003-06-19",,3,0,"440","367"
2273,,,22,1,"300","85"
10164,,,107,2,"1024","324"
5310,"0005-01-18","0005-08-18",0,1,"313","89"
4980,,,6,1,"311","87"
1594,"0007-06-16","0007-10-16",5,1,"131","407"
9607,,"0005-10-20",4,0,"506","383"
8648,,"0002-01-20",4,0,"1793","625"
10543,"0007-02-20","0007-07-20",71,2,"118","578"
5037,,"0009-01-18",25,0,"443","370"
3668,,,0,1,"940","510"
5971,"0004-12-19",,0,2,"269","89"
7908,,,2,0,"1588","586"
118,,"0005-04-17",2,1,"237","85"
5725,,"2010-02-18",16,0,"1199","565"
6926,"0006-07-19","0006-12-19",3,2,"1149","87"
2154,,,71,1,"286","324"
3357,,"2011-01-17",3,0,"912","372"
8495,,,72,0,"1774","470"
6985,,,11,2,"1144","87"
10533,,"0007-04-20",30,2,"1439","589"
989,,"0007-09-17",10,0,"200","326"
10308,"0004-04-20",,31,2,"1413","588"
2987,,"2010-04-17",1,1,"718","391"
11164,,"0004-07-20",4,2,"2373","661"
11061,,,9,2,"253","87"
5208,"0005-01-18","0005-08-18",1,1,"242","324"
148,,,0,0,"462","369"
7387,,,28,2,"283","85"
5591,"0003-10-19",,0,2,"305","87"
10607,"0004-05-20",,4,2,"1295","528"
676,"0009-03-17","0009-10-17",20,0,"671","419"
1530,"0001-04-16",,3,1,"578","407"
5015,,,13,1,"312","87"
5137,,,22,2,"291","352"
3280,"2010-07-17",,0,0,"566","397"
10723,"0009-03-20","0009-11-20",6,2,"338","79"
1587,,,20,1,"140","407"
6073,,,15,0,"440","367"
8254,"0007-04-19",,1532,2,"1727","618"
4359,,,0,0,"1011","535"
6212,,,2,2,"287","87"
8658,,"0002-06-20",0,0,"1788","625"
5497,,"2012-07-18",38,1,"713","391"
3070,,"2010-07-17",17,1,"833","444"
11308,,"2011-03-20",10,2,"354","80"
11327,,"2011-03-20",454,2,"2478","76"
8940,,"0004-01-20",2,2,"1932","86"
3434,,,11,0,"523","393"
1823,,,21,1,"245","85"
10877,,,22,2,"1606","579"
10122,,"0007-03-20",31,2,"295","324"
11365,,"2011-04-20",19,2,"406","73"
6593,,,0,1,"21","92"
5552,,"0002-05-19",2,0,"1014","393"
5180,,"0005-01-18",1,1,"285","324"
6648,,"0002-08-19",0,0,"1503","594"
8116,,,21,0,"1659","566"
2549,"0009-10-17",,4,1,"264","87"
10276,"0004-04-20",,30,2,"2223","588"
8480,,,5,0,"1754","621"
11374,,"2011-04-20",32,2,"2340","73"
9416,,,3,0,"1208","565"
5826,,"0009-01-18",9,0,"748","441"
360,,"0009-01-17",2,0,"531","395"
520,"0007-10-17",,2,0,"592","409"
274,"0008-05-17",,7,0,"484","376"
89,,,18,1,"292","87"
7959,,,16,2,"1274","528"
9528,"0005-04-20","0005-07-20",0,1,"941","510"
7244,"0006-01-19","0006-10-19",9,0,"1495","594"
6489,"0005-02-19","0005-07-19",8,2,"1467","592"
5408,"2010-05-18","2010-12-18",31,0,"897","470"
9221,"0004-09-20",,4,2,"2064","636"
3980,,,0,0,"455","369"
8058,,,6,0,"1209","565"
6100,"0004-10-19",,1,0,"1136","560"
3406,"2011-07-17",,0,0,"464","372"
8096,,,4,1,"723","391"
8012,"2010-06-19",,21,1,"791","447"
1486,,,47,1,"140","407"
10336,"0007-07-20",,2341,2,"2241","588"
11272,,"2011-04-20",16,2,"2458","77"
2809,,,0,0,"651","412"
3074,"2010-07-17",,0,0,"873","462"
994,"0008-05-17",,3,0,"202","326"
7152,,,0,0,"1528","522"
727,,,0,0,"676","420"
1461,,,25,1,"582","407"
2357,"0005-09-14",,3,1,"308","89"
8393,"2011-11-19",,6,0,"703","429"
2519,"0007-02-17","0007-10-17",19,0,"766","442"
1087,,"0009-06-17",1,0,"496","377"
10547,,"0007-04-20",8,2,"121","591"
2349,,,2,1,"307","87"
9220,"0004-09-20",,9,2,"2063","636"
8465,"2012-08-19",,0,0,"1772","470"
8730,"0003-12-20",,0,0,"1854","631"
6976,,,6,2,"265","87"
6629,,,1,0,"1496","594"
11012,"2010-10-20",,3,2,"295","324"
7647,,,1,0,"462","369"
8278,,,13,2,"1736","620"
3649,"2010-12-17",,0,1,"943","510"
3628,"2010-02-17","2010-04-17",1,1,"946","510"
7298,,,0,0,"964","522"
4116,,,3,1,"264","87"
3300,,,1,0,"887","467"
10070,"0005-01-20","0005-07-20",0,2,"305","324"
6358,"0005-03-19","0005-08-19",1,2,"1351","579"
463,"0007-04-17","0007-11-17",3,1,"580","407"
4295,,,0,1,"981","528"
5742,,"0001-07-19",0,0,"1203","565"
2785,,,6,0,"639","411"
7210,,"0007-02-19",63,1,"827","444"
10228,,"0008-08-20",1,0,"443","369"
6474,"0005-02-19","0005-07-19",4,2,"1452","590"
4964,"0005-08-18","0005-12-18",0,1,"315","87"
5351,,"2010-04-18",2,1,"718","391"
5715,"0004-08-19",,1,0,"899","470"
3227,,,0,0,"552","396"
8386,"2011-11-19",,10,0,"1757","621"
5692,,"0004-08-19",3,0,"899","470"
3938,,"0003-05-18",0,1,"936","510"
1246,,,0,1,"145","335"
4651,"0007-12-18",,1,1,"1018","536"
4752,,,9,1,"221","214"
9034,"0004-04-20","0004-09-20",2,2,"2019","83"
5545,,,24,0,"1042","522"
2649,"0009-08-17",,4,0,"665","412"
3055,"2010-03-17","2010-06-17",1,0,"868","460"
4094,"0004-03-18","0004-12-18",1,1,"242","89"
6090,,"0002-12-19",0,0,"973","367"
9495,,"0004-03-20",4,2,"253","87"
6027,"0004-12-19",,3,2,"254","194"
8963,,"0004-01-20",11,2,"1955","86"
2620,"0009-08-17",,1,0,"640","411"
9043,"0004-04-20","0004-09-20",11,2,"2028","83"
9552,"0005-02-20","0005-12-20",0,1,"1022","444"
10509,,"0007-04-20",291,2,"87","591"
3861,,,4,1,"941","510"
8877,,"0004-02-20",6,2,"1869","98"
5512,"2012-02-18","2012-11-18",8,0,"524","393"
8610,,,2,0,"1041","522"
1634,,,20,1,"131","407"
8608,,,12,0,"964","522"
8463,"2012-04-19",,2,0,"1759","622"
5178,"0009-08-18",,3,1,"984","528"
7237,"0007-02-19","0007-07-19",3,0,"1538","597"
955,,"0009-04-17",0,0,"451","369"
6032,"0004-12-19",,0,2,"282","194"
9986,"0007-10-20",,81,2,"1093","87"
2522,"0007-02-17","0007-10-17",3,0,"769","442"
421,,,5,0,"574","400"
11351,,"2011-03-20",17,2,"396","75"
9982,"0007-10-20",,76,2,"314","87"
8289,"0007-09-19",,238,2,"1735","620"
7860,"0009-02-19","0009-11-19",3,0,"1226","566"
10918,"0009-12-20",,13,2,"251","87"
4453,,,7,0,"964","522"
6777,"0005-07-19","0005-12-19",0,0,"1496","594"
2350,,,46,1,"307","89"
7141,,,1,0,"964","522"
4714,,,3,1,"1016","536"
3103,"2010-04-17","2010-11-17",3,1,"729","391"
5280,,,10,2,"258","87"
7074,"2010-08-15",,13,1,"52","595"
6603,,,2,1,"34","93"
9518,,"0004-04-20",2,2,"246","352"
4277,,,0,0,"540","396"
9354,"0004-10-20",,27,2,"94","646"
10229,,"0008-08-20",26,0,"1006","369"
7680,"0007-08-19","0007-12-19",14,2,"1290","528"
5966,,,1,2,"314","85"
4355,,,0,1,"727","391"
2988,,"2010-04-17",5,1,"719","391"
948,"0007-05-17","0007-12-17",3,0,"216","349"
3150,"0004-03-17",,0,0,"837","468"
10919,"0009-12-20",,21,2,"1151","87"
784,"0005-10-17",,6,0,"707","432"
7390,,,24,2,"277","353"
4534,,,0,1,"727","391"
8021,"2010-12-19",,3,0,"1137","560"
3636,"2010-04-17","2010-12-17",0,1,"942","510"
2759,,,7,0,"594","410"
5062,,"0009-01-18",1,0,"455","519"
8242,,,25,2,"1719","617"
6692,,"0006-02-19",0,1,"942","510"
2389,,,39,1,"312","324"
5304,"0005-01-18","0005-08-18",1,1,"296","89"
10728,"0009-03-20",,3,2,"343","78"
8362,,,27,2,"263","353"
5323,,,5,0,"1106","554"
5853,,,2,0,"751","441"
8665,"0002-06-20",,0,0,"1781","625"
6381,,,3,2,"1374","580"
3016,,"2010-05-17",1,0,"462","369"
5155,,,5,2,"259","353"
6215,,,8,2,"1138","87"
8009,"2010-11-19",,5,0,"1257","555"
1830,"0004-11-16",,0,1,"245","87"
3887,,"0002-03-17",2,1,"947","510"
5885,"0001-06-19",,0,0,"1229","566"
5456,"2011-09-18",,10,0,"524","393"
9391,,,0,0,"1216","441"
785,"0005-10-17",,8,0,"708","432"
5475,,,7,1,"1086","346"
3271,,,1,0,"565","397"
293,,"0008-05-17",0,0,"497","377"
3759,"0006-02-16","0006-12-16",0,1,"941","510"
6937,"0006-07-19","0006-12-19",5,2,"1148","87"
5467,,,0,1,"1070","346"
1776,,"0007-09-14",4,1,"240","85"
1221,"0007-08-15","0007-12-15",0,1,"162","335"
1078,,"0009-05-17",2,0,"478","375"
9213,"0004-09-20",,42,2,"2056","636"
10885,,"2010-01-20",24,1,"725","391"
1015,,"0007-05-17",39,0,"208","328"
4889,,"0008-08-18",19,0,"1068","368"
8212,,"0005-03-19",4,2,"1715","617"
5234,,"0005-01-18",1,1,"246","87"
8313,"2010-01-19","2010-07-19",22,2,"265","87"
1991,"2010-08-14",,25,1,"266","87"
2153,,,13,1,"286","324"
2927,,,2,0,"215","349"
2008,,"0008-03-15",25,1,"267","88"
4433,,,0,1,"947","510"
9041,"0004-04-20","0004-09-20",4,2,"2026","83"
7817,"0009-03-19","0009-10-19",6,0,"744","441"
27,,,2,1,"307","87"
1943,,"2010-03-14",89,1,"258","85"
8568,,,0,0,"1207","565"
9302,"0004-06-20",,31,2,"1429","589"
1022,,,55,0,"206","328"
4040,,"0004-03-18",5,1,"285","324"
8667,"0002-06-20",,1,0,"1784","625"
11031,"2010-04-20","2010-10-20",27,2,"259","87"
6787,"0006-03-19","0006-06-19",1,1,"1516","346"
9397,,,0,0,"751","441"
7275,"0007-11-19",,0,0,"1257","555"
1502,"0009-01-15","0009-05-15",2,1,"137","407"
9536,"0005-07-20","0005-11-20",0,1,"937","510"
1542,"0001-04-16",,1,1,"137","407"
8535,"0001-07-20","0001-12-20",1,0,"1538","597"
6678,,,0,1,"940","510"
1925,,"2010-08-15",11,1,"255","194"
1435,"0007-08-15","0007-11-15",8,1,"133","407"
4981,,"0005-01-18",2,1,"311","87"
11362,,"2011-04-20",27,2,"404","73"
7467,"0007-04-19","0007-09-19",70,2,"254","85"
1736,,"0005-07-15",26,1,"237","85"
10054,,,5,2,"305","324"
10950,"2010-01-20","2010-08-20",20,1,"1670","391"
4056,,"0004-01-18",1,1,"261","85"
8948,,"0004-01-20",18,2,"1940","86"
5886,"0001-06-19",,0,0,"1230","566"
1726,"0004-02-12","0004-10-12",2,1,"296","94"
6700,,"0006-03-19",2,1,"1509","587"
826,"0007-04-17","0007-11-17",12,0,"731","433"
2233,,"0008-03-15",18,1,"296","88"
2109,"0007-10-15",,12,1,"279","88"
9878,,,5,2,"1764","87"
2700,,,0,1,"833","444"
3922,,"0003-09-17",0,1,"940","510"
4042,,"0004-03-18",1,1,"313","89"
126,,"0005-08-17",0,1,"300","324"
6875,"0005-08-19",,0,2,"243","87"
1918,,,49,1,"255","87"
9809,,,160,1,"1962","587"
2753,"0004-03-17",,0,0,"834","455"
6240,,,1,2,"298","85"
5994,"0004-12-19",,1,2,"1140","87"
2486,"0009-05-17","0009-07-17",1,0,"739","439"
9784,,,10,0,"1014","393"
4930,,"0005-01-18",1,1,"261","85"
5765,,,1,0,"1209","565"
3174,"2010-12-17",,7,0,"462","369"
10186,,,2,1,"2166","536"
1946,,,12,1,"258","324"
600,"0009-01-17","0009-08-17",1,0,"608","414"
1067,"0004-12-17",,0,0,"190","332"
10977,"2010-06-20","2010-12-20",0,0,"1041","522"
7755,,"0009-03-19",17,2,"1637","579"
8081,,,10,0,"1537","597"
6123,,"0004-04-19",0,0,"461","519"
5856,"0001-04-19",,4,0,"751","441"
3307,,,40,0,"494","377"
7017,,,52,2,"295","324"
10727,"0009-03-20",,5,2,"342","78"
4548,,,0,1,"940","510"
4405,"0005-11-18",,0,1,"943","510"
3160,"2010-11-17",,45,1,"716","391"
10990,"2010-06-20","2010-12-20",7,0,"2264","522"
9949,,"0007-03-20",5,2,"1094","87"
2281,,,71,1,"301","87"
7215,,,0,0,"1303","575"
16,,,0,1,"284","87"
6006,"0004-12-19",,1,2,"245","85"
7718,,,23,0,"1631","606"
71,,,2,1,"244","353"
5962,,,6,2,"273","85"
5165,"0009-11-18",,44,2,"300","324"
5531,"0001-02-19","0001-09-19",2,0,"1124","558"
5224,"0005-01-18","0005-08-18",0,1,"293","87"
4816,,,0,1,"944","510"
7161,,,1,2,"1355","579"
7670,"0007-08-19","0007-12-19",12,2,"1279","528"
3754,,,0,1,"945","510"
6017,"0004-12-19",,1,2,"258","352"
10299,"0004-04-20","0004-10-20",1,2,"1400","588"
10665,,"0009-05-20",10,2,"253","87"
2017,,,95,1,"268","85"
6135,,"0004-07-19",3,0,"1264","442"
1035,,"0008-01-17",2,0,"211","329"
4194,,,2,1,"283","85"
10230,,"0008-08-20",17,0,"459","369"
2766,,,19,0,"507","383"
2276,,,3,1,"300","87"
991,,"0007-09-17",4,0,"202","326"
3193,,,6,1,"228","351"
8800,,,4,2,"309","194"
10003,,,24,2,"266","87"
2335,,"0005-01-14",1,1,"305","89"
560,"0007-07-17",,0,0,"432","366"
10041,,,24,2,"293","324"
6308,"0005-02-19","0005-07-19",0,0,"1198","564"
6062,"0004-07-19",,0,1,"1022","444"
2266,"2010-08-14",,7,1,"299","87"
8098,,,10,1,"726","391"
920,"2010-08-16","2010-09-16",3,1,"221","214"
2306,,"0004-07-14",2,1,"303","87"
4182,"0004-12-18",,14,1,"242","89"
10218,,"0008-08-20",1,0,"955","371"
2958,"0009-05-17",,2,0,"577","405"
10094,,,2,2,"306","324"
7932,,"2010-06-19",1,0,"1587","586"
8216,,"0005-03-19",0,2,"1719","617"
2952,,"2010-02-17",3,0,"807","451"
7924,"0009-11-19",,10,0,"1267","442"
3009,,"2010-05-17",57,0,"449","371"
1579,,,33,1,"134","407"
6391,,,23,2,"1384","580"
10734,"0009-03-20",,91,2,"349","78"
11121,"2011-02-20","2011-07-20",6,0,"2367","660"
9020,"0004-04-20","0004-09-20",3,2,"2004","83"
6103,,"0004-04-19",0,0,"450","371"
7119,"0009-09-15",,3,1,"57","595"
6915,"0006-07-19","0006-12-19",29,2,"261","87"
11298,,"2011-03-20",15,2,"334","79"
7994,"2010-06-19","2010-12-19",1,0,"1588","586"
9258,,,0,1,"2068","637"
4160,"0004-09-18",,6,1,"240","85"
5790,,"0009-01-18",26,0,"742","441"
2894,,,12,0,"493","377"
10436,,"0009-05-20",8,1,"224","214"
7109,,,2,1,"59","595"
8760,"0003-12-20",,0,0,"1672","429"
8167,"0007-06-19",,695,2,"1334","578"
2905,,"2010-01-17",107,0,"505","383"
9999,,,64,2,"319","87"
1597,"0007-06-16","0007-10-16",3,1,"580","407"
1616,,,30,1,"133","407"
6651,,,2,0,"443","370"
7751,,"0009-03-19",2,2,"1349","579"
531,,"0009-09-17",2,1,"261","85"
4466,,,0,1,"943","510"
9053,"0004-06-20","0004-11-20",4,2,"73","596"
1669,"0005-02-18","0005-09-18",4,1,"144","335"
11190,"0007-02-20",,113,2,"2394","662"
3581,,,0,1,"943","510"
3030,,,52,0,"593","409"
6923,"0006-07-19","0006-12-19",20,2,"289","87"
1314,,,4,1,"146","335"
29,,"0005-08-17",0,1,"307","87"
151,"0008-07-17",,0,0,"449","371"
2149,"2010-08-14",,11,1,"286","87"
4065,"0004-01-18","0004-09-18",2,1,"311","85"
5287,,"0005-02-18",5,1,"282","353"
1310,,,0,1,"163","335"
4328,"0005-05-18","0005-10-18",0,0,"446","370"
9079,,"0004-09-20",0,0,"971","366"
6652,,,1,0,"444","370"
11403,,"2011-04-20",32,2,"2358","659"
1676,"0005-02-18","0005-09-18",3,1,"151","335"
10095,,,3,2,"244","324"
10013,,,8,2,"1151","87"
11338,,"2011-03-20",13,2,"383","76"
10949,"2010-01-20","2010-08-20",71,1,"718","391"
7805,,"0009-05-19",3,0,"1639","611"
11332,,"2011-03-20",37,2,"379","76"
5008,"0006-09-18",,1,1,"248","87"
10470,"0007-12-20",,66,2,"1451","590"
11040,"2010-10-20",,9,2,"1762","87"
558,,,0,0,"439","367"
9795,"0007-08-20",,4,1,"936","510"
10039,,,1,2,"276","324"
45,,"0005-08-17",3,1,"317","87"
1999,,"0008-03-15",5,1,"266","88"
3976,,,0,0,"461","369"
5036,"0009-01-18","0009-09-18",15,0,"1005","371"
6973,,,7,2,"1153","87"
7930,,"2010-04-19",8,0,"1542","597"
6706,"0002-08-19",,0,0,"1497","594"
8193,,"0005-03-19",0,2,"1696","617"
10803,"0009-03-20",,5,2,"2343","73"
6439,"0004-12-19",,2,2,"1417","588"
8967,,"0004-04-20",1,1,"1959","346"
830,"0007-04-17","0007-11-17",8,0,"735","433"
7661,"0007-08-19","0007-12-19",3,2,"1270","528"
582,"0004-07-17",,6,0,"594","410"
6740,,"0004-04-19",1,0,"1495","594"
1499,"0009-01-15","0009-05-15",2,1,"135","407"
3497,,"2011-04-17",12,0,"568","398"
5922,,,2,2,"284","353"
9184,,,0,2,"2116","642"
1720,"0004-02-12","0004-10-12",12,1,"45","94"
8652,,"0002-06-20",1,0,"1783","625"
11180,,,91,2,"2380","577"
3594,,,0,1,"936","510"
9609,,"0005-10-20",1,0,"509","383"
2227,"0009-10-15",,37,1,"295","88"
6917,"0006-07-19","0006-12-19",1,2,"1147","87"
3226,,,1,0,"551","396"
9588,"0005-01-20","0005-08-20",0,0,"1644","608"
4856,,,4,0,"968","523"
10463,"0007-12-20",,75,2,"1441","590"
4976,"0005-08-18","0005-12-18",0,1,"249","87"
6278,"0005-01-19","0005-07-19",0,0,"742","441"
5134,,,14,2,"295","352"
6459,"0005-05-19","0005-10-19",8,2,"1440","589"
10007,,,107,2,"282","87"
6968,"0006-07-19","0006-12-19",7,2,"1151","85"
3376,,,0,0,"190","332"
72,,"0005-08-17",1,1,"244","353"
5700,"0004-01-19",,3,2,"1190","563"
3149,"0009-01-17",,84,0,"836","455"
5963,,,0,2,"298","85"
1351,"0007-07-16","0007-10-16",2,1,"149","335"
10935,,,25,2,"259","87"
6775,"0005-07-19","0005-12-19",2,0,"1494","594"
4937,,,23,2,"278","87"
6935,"0006-07-19","0006-12-19",9,2,"236","87"
5955,,,0,2,"287","87"
4344,,,0,1,"715","391"
4954,,,11,2,"305","87"
6298,"0005-01-19","0005-07-19",2,0,"1204","565"
4054,,"0004-01-18",3,1,"297","85"
9722,,,0,1,"937","510"
7539,,,5,2,"1368","580"
10067,"0005-01-20","0005-07-20",3,2,"315","324"
11289,,"2011-03-20",16,2,"326","79"
10248,,"0008-08-20",2,0,"462","370"
6168,"0004-06-19",,4,2,"1293","528"
5901,,,0,2,"315","352"
4061,,"0004-01-18",2,1,"269","85"
5468,,,11,1,"1088","346"
3653,"2010-12-17",,3,1,"947","510"
8404,,,2,0,"1770","621"
5447,"2010-11-18",,42,1,"723","391"
1487,,,53,1,"141","407"
9969,"0007-03-20","0007-10-20",17,2,"282","87"
1016,,"0008-06-17",18,0,"206","328"
6276,"0005-01-19","0005-07-19",1,0,"741","441"
11271,,"2011-04-20",9,2,"2457","77"
3012,,"2010-05-17",21,0,"444","370"
890,,,37,1,"220","214"
8924,,"0004-02-20",23,2,"1916","96"
8291,"0007-09-19",,186,2,"1737","620"
10390,,,11,0,"2253","656"
7818,"0009-03-19","0009-10-19",21,0,"745","441"
3637,"2010-04-17","2010-12-17",1,1,"943","510"
5023,,"0009-01-18",2,0,"449","371"
2981,,"2010-04-17",3,1,"712","391"
5795,,"0009-01-18",24,0,"744","441"
4346,,,1,1,"717","391"
5507,,"2012-07-18",178,1,"726","391"
7892,,,10,0,"1638","611"
7564,,,9,2,"1400","588"
7705,,,5,2,"1290","528"
851,"0007-10-17",,5,1,"713","391"
4643,"0007-12-18",,0,1,"938","510"
11148,,"2011-07-20",24,2,"293","324"
5131,,"0005-01-18",0,1,"273","352"
8227,,,26,2,"1704","617"
7308,"0007-07-19",,2,1,"792","447"
1802,,,9,1,"242","85"
3104,"2010-04-17","2010-11-17",2,1,"730","391"
9321,"0004-10-20",,20,2,"1447","590"
5487,,"2012-02-18",0,0,"964","522"
9300,"0004-10-20",,1,2,"1691","578"
5975,"0004-12-19",,0,2,"1155","87"
1346,"0007-07-16","0007-10-16",1,1,"144","335"
4097,"0004-10-18",,0,1,"828","444"
11029,"2010-04-20","2010-10-20",2,2,"282","87"
6726,,"0003-02-19",12,0,"1505","594"
5744,,"0009-01-18",6,0,"1204","565"
4621,"0007-04-18","0007-12-18",0,1,"1020","536"
9555,"0005-11-20",,0,1,"936","510"
2070,,,2,1,"274","88"
4863,,"0008-06-18",4,1,"940","510"
4455,"0006-11-18",,3,1,"828","444"
8308,"2010-01-19","2010-07-19",18,2,"243","87"
9715,"0006-08-20",,0,1,"942","510"
1088,,"0009-06-17",7,0,"497","377"
678,"0009-03-17","0009-10-17",30,0,"673","418"
4531,,,3,1,"724","391"
3917,,,0,1,"947","510"
7116,"0009-09-15",,4,1,"54","595"
8664,"0002-06-20",,1,0,"1780","625"
6584,,,0,1,"12","91"
2199,"2010-08-15",,11,1,"291","88"
6460,"0005-05-19","0005-10-19",2,2,"1437","589"
2319,"0007-10-15",,6,1,"304","88"
3520,,,0,0,"558","396"
5926,,,0,2,"246","353"
8738,,,1,0,"1587","586"
10511,"0007-01-20",,181,2,"95","646"
7714,,,1,1,"1563","345"
4471,,,0,1,"1018","536"
9161,"0004-08-20",,0,1,"718","391"
8488,,,2,0,"1755","622"
921,"2010-08-16","2010-09-16",12,1,"222","214"
2124,,,112,1,"280","87"
4671,"0007-09-18",,17,2,"249","87"
490,,"0005-02-17",4,1,"589","408"
8055,,,4,0,"1206","565"
10337,"0007-07-20",,1229,2,"2242","588"
10173,,,8,2,"306","324"
3075,"2010-07-17",,1,0,"875","462"
2156,,,15,1,"286","324"
1136,"0008-11-17",,13,1,"174","333"
8579,,,4,0,"1198","564"
8905,,"0004-02-20",4,2,"1897","97"
5967,,,1,2,"275","85"
5309,,"0005-01-18",6,1,"313","89"
10651,"0009-05-20","0009-12-20",82,2,"306","324"
11385,,"2011-03-20",108,2,"2488","74"
2697,,,5,1,"829","444"
4899,,,84,1,"1073","345"
9486,,"0004-03-20",4,2,"311","87"
41,,"0005-08-17",52,1,"318","87"
1835,"0009-11-15",,41,1,"246","85"
2100,"0004-11-16",,4,1,"278","87"
9604,,,0,1,"947","510"
8788,,,0,0,"1850","631"
6666,,,0,0,"1007","369"
5055,"0009-01-18","0009-09-18",21,0,"459","369"
11417,,"2011-10-20",6,0,"1788","625"
7726,,,6,0,"1043","522"
9886,"0005-01-20","0005-07-20",2,2,"291","87"
7438,"0007-04-19","0007-09-19",14,2,"317","87"
2296,,"2010-04-14",31,1,"301","89"
2948,,"2010-02-17",0,0,"801","452"
5821,,"2010-10-18",18,0,"747","441"
2904,,,1,0,"597","410"
9939,"0006-09-20",,2,2,"1760","87"
10244,"0008-08-20","0008-11-20",6,0,"453","369"
6614,,,13,1,"314","94"
6410,"0005-09-19",,1,0,"1233","566"
7388,,,27,2,"1094","85"
5777,,"0001-07-19",0,0,"1212","565"
11201,,,6,2,"2390","662"
8936,,"0004-02-20",43,2,"1928","96"
6284,"0005-01-19","0005-07-19",0,0,"747","441"
6936,"0006-07-19","0006-12-19",9,2,"1152","87"
3550,,,1,0,"899","470"
9769,"0007-08-20",,4,1,"718","391"
2305,,,9,1,"302","87"
3508,,,3,0,"544","396"
5302,,,11,1,"296","89"
2711,,,14,1,"833","444"
5912,,,0,2,"259","194"
8297,"0007-09-19",,119,2,"1743","620"
5136,,,40,2,"314","352"
303,,,9,0,"492","377"
8764,,"0004-04-20",0,0,"1823","629"
10701,"0009-08-20",,1,0,"436","367"
10354,,"0007-10-20",199,2,"2046","635"
1361,,,0,1,"161","335"
3359,,"2011-01-17",5,0,"914","372"
8314,"2010-01-19","2010-07-19",2,2,"1146","87"
1319,,,1,1,"152","335"
6213,,,2,2,"288","87"
543,"0009-01-17","0009-09-17",3,0,"483","376"
3355,,"2011-01-17",2,0,"910","372"
11366,,"2011-04-20",29,2,"407","73"
9551,"0005-02-20","0005-12-20",0,1,"833","444"
2842,,,1,0,"843","456"
2230,"2010-08-14",,55,1,"296","87"
7591,"0008-01-19","0008-04-19",1,0,"1587","586"
4571,,,0,0,"453","518"
4367,"0005-10-18",,0,0,"954","371"
2592,"0009-12-17",,5,0,"694","428"
10870,,,468,2,"2099","579"
632,"0009-01-17","0009-08-17",0,0,"638","411"
4464,,,0,1,"940","510"
1770,"0005-09-14",,1,1,"239","89"
10025,"0004-04-20","0004-09-20",9,2,"293","324"
8717,"0003-01-20","0003-06-20",0,0,"1791","625"
10654,,"0009-05-20",25,2,"1763","87"
9653,"0006-02-20","0006-08-20",0,1,"946","510"
660,"0009-01-17","0009-08-17",1,0,"661","412"
721,,,1,0,"685","422"
5064,,"0009-01-18",0,0,"460","519"
9489,,"0004-03-20",1,2,"1146","87"
11079,,,3,2,"1150","324"
5327,,,40,0,"219","350"
5775,"0008-04-18","0008-07-18",0,0,"1212","565"
2080,,"2010-04-14",41,1,"275","194"
2303,"2010-08-14",,20,1,"302","87"
6585,,,1,1,"13","91"
8848,,,4,2,"243","87"
9704,,,60,0,"1137","560"
3115,"2010-05-17","2010-12-17",5,0,"458","369"
10047,,,0,2,"244","324"
2318,,,115,1,"304","87"
5845,"0009-08-17",,34,0,"750","441"
10922,"0009-12-20",,13,2,"1762","87"
787,"0005-10-17",,4,0,"710","432"
1622,,,40,1,"582","407"
9387,,,0,0,"1214","441"
7429,"0007-04-19","0007-09-19",14,2,"243","87"
47,,,1,1,"241","87"
4941,,"0005-01-18",6,1,"298","352"
4737,,,30,1,"161","335"
7938,,"2010-06-19",0,0,"1594","586"
8203,,"0005-03-19",5,2,"1706","617"
1494,"0009-01-15","0009-05-15",3,1,"132","407"
8060,,,29,0,"1211","565"
306,,,2,0,"496","377"
2079,,,6,1,"275","194"
10052,,,8,2,"264","324"
6111,,"0004-04-19",11,0,"1025","370"
9190,"0004-12-20",,7,2,"2137","643"
2376,,"2010-04-14",12,1,"311","194"
355,,,3,0,"531","395"
1476,,,21,1,"580","407"
6246,,,2,2,"262","352"
7632,,"0008-04-19",27,2,"1603","579"
4082,,"0004-02-18",1,1,"299","194"
9668,"0006-06-20","0006-09-20",15,0,"1851","631"
7445,"0007-04-19","0007-09-19",43,2,"315","352"
9504,,"0004-03-20",3,2,"1155","85"
1428,,,6,1,"163","335"
2631,"0009-08-17",,9,0,"608","414"
5098,,,10,1,"295","85"
9643,"0006-02-20","0006-08-20",0,1,"936","510"
1239,,,0,1,"160","335"
972,,"0009-04-17",2,0,"445","370"
7864,"0009-02-19","0009-11-19",88,0,"1230","566"
11023,"2010-04-20","2010-10-20",4,2,"266","87"
2661,"0009-01-17","0009-08-17",32,0,"801","452"
30,"0007-06-17","0007-10-17",249,1,"307","87"
4312,,"0005-02-18",0,1,"943","510"
10407,,,4,0,"1528","522"
3511,,,1,0,"547","396"
3612,,"2010-02-17",0,1,"942","510"
1061,"0009-01-17","0009-04-17",9,0,"524","393"
8094,,,36,1,"1670","391"
1854,,,37,1,"248","87"
2119,"2010-08-14",,24,1,"280","87"
2037,,,57,1,"270","85"
8315,"2010-01-19","2010-07-19",7,2,"299","87"
2340,,,4,1,"306","87"
2931,,,15,0,"219","350"
5377,"2010-04-18","2010-11-18",18,1,"521","391"
10351,,"0007-10-20",213,2,"2035","635"
8515,,"0001-07-20",0,0,"1538","597"
8759,"0003-12-20",,0,0,"702","429"
6393,,,85,2,"1386","580"
8023,"2010-12-19",,0,0,"1135","559"
3985,,,0,0,"456","369"
8837,,,1,2,"264","352"
1924,"0009-11-15",,8,1,"255","194"
10282,"0004-04-20",,63,2,"2229","588"
1102,"0004-05-17",,2,1,"181","333"
755,"0009-02-17","0009-07-17",200,0,"696","428"
1611,,,8,1,"578","407"
6789,"0006-03-19","0006-07-19",1,1,"1519","574"
9603,,,0,1,"946","510"
8644,,"0002-01-20",2,0,"1789","625"
11050,,,59,2,"1763","87"
3605,,,0,1,"947","510"
3502,,,1,0,"538","396"
10474,"0007-12-20",,133,2,"81","590"
1256,,,1,1,"157","335"
2030,"0009-11-15",,3,1,"269","89"
3946,,"0003-05-18",0,1,"944","510"
9185,,,0,2,"2117","642"
10388,"0008-06-20",,150,2,"2251","579"
8165,"0007-06-19",,93,2,"1332","578"
2190,,,123,1,"290","324"
1843,,,40,1,"247","85"
4922,"0009-06-18","0009-09-18",0,1,"225","214"
4144,"0004-10-18",,0,0,"959","521"
9425,,,0,0,"1225","440"
2960,"0009-05-17",,4,0,"814","405"
981,"0008-05-17","0008-10-17",1,0,"198","325"
5364,,"2010-05-18",50,0,"1108","469"
958,,"0009-04-17",4,0,"454","369"
9909,,,7,2,"265","87"
222,"0008-03-17","0008-07-17",12,0,"477","375"
9968,"0007-03-20","0007-10-20",4,2,"1094","87"
6868,"0005-08-19",,1,2,"236","87"
9169,"0004-11-20",,0,0,"1257","555"
2704,"0009-09-17",,5,1,"830","444"
481,,,2,1,"580","407"
6986,,,22,2,"1149","87"
4967,"0009-01-18","0009-05-18",1,2,"315","87"
8471,,,1,0,"1756","622"
10347,"0007-07-20",,218,2,"1414","588"
8124,,,79,0,"1229","566"
7836,"0009-03-19","0009-09-19",6,0,"1208","565"
10650,"0009-05-20","0009-12-20",25,2,"281","324"
10709,"0009-03-20","0009-11-20",15,2,"324","79"
7466,"0007-04-19","0007-09-19",41,2,"311","85"
5712,"0004-01-19",,12,2,"1178","563"
8606,,,0,0,"1234","566"
4242,,,0,1,"280","87"
6444,"0004-12-19",,4,2,"1422","588"
3241,,,42,0,"898","470"
2547,"0009-10-17",,3,1,"281","87"
5891,,,2,2,"300","324"
8745,,,0,0,"1594","586"
11048,,,28,0,"1640","611"
6806,"0006-07-19",,0,1,"936","510"
9477,,"0004-03-20",2,2,"242","87"
3971,,,0,0,"443","370"
5622,"0003-10-19",,2,2,"239","89"
2888,,,4,0,"487","376"
2949,,"2010-02-17",10,0,"804","450"
9942,,"0007-03-20",26,2,"319","87"
6373,,,4,2,"1366","580"
7372,,,35,2,"305","352"
8920,,"0004-02-20",66,2,"1912","97"
6491,"0005-02-19","0005-07-19",6,2,"1469","592"
10426,,,8,0,"505","383"
2167,,,13,1,"288","324"
1227,"0007-08-15","0007-12-15",1,1,"146","335"
10687,,"0009-05-20",21,2,"298","324"
5669,,,0,1,"1077","345"
4912,,,17,1,"947","510"
10948,"2010-01-20","2010-08-20",29,1,"2182","391"
6195,"0004-06-19",,3,2,"1294","528"
8580,,,5,0,"1221","440"
1400,"0007-04-17","0007-09-17",0,1,"160","335"
4193,,,1,1,"282","85"
10004,,,96,2,"265","87"
1966,,,95,1,"262","324"
8042,,,17,1,"1670","391"
8469,"2012-08-19",,76,0,"1776","470"
9937,"0006-09-20",,5,2,"1151","87"
3411,"2011-07-17",,9,0,"914","372"
9508,,"0004-04-20",10,2,"275","352"
9464,,"0004-03-20",1,2,"286","85"
4080,,"0004-02-18",1,1,"236","194"
389,"0007-01-17","0007-09-17",19,0,"520","390"
3180,"2010-12-17",,0,0,"456","369"
9216,"0004-09-20",,16,2,"2059","636"
3506,,,1,0,"542","396"
2833,,,3,0,"838","456"
8461,"2012-04-19",,3,0,"1756","622"
997,,,1,0,"202","326"
4320,"0005-04-18","0005-09-18",0,0,"211","329"
57,,"0005-08-17",2,1,"319","352"
1014,,"0007-05-17",50,0,"207","328"
667,"0007-07-17",,18,0,"667","417"
3685,"0004-06-16","0004-11-16",0,1,"939","510"
11025,"2010-04-20","2010-10-20",37,2,"265","87"
10209,,,1,0,"453","369"
11330,,"2011-03-20",14,2,"377","76"
1418,"0009-09-17",,6,1,"163","335"
8228,,,18,2,"1705","617"
11368,,"2011-04-20",32,2,"409","73"
1681,"0004-03-12","0004-10-12",0,1,"4","90"
5004,,,23,2,"266","87"
10367,"0008-06-20",,22,2,"1637","579"
11263,,"2011-04-20",14,2,"2449","78"
10466,"0007-12-20",,10,2,"1444","590"
5837,,"2010-03-18",4,0,"1218","441"
10443,"0007-02-20","0007-07-20",42,2,"1323","578"
4037,,"0004-05-18",0,0,"446","370"
7646,,,21,0,"1027","369"
4218,,,0,1,"941","510"
8805,,,2,2,"300","89"
7928,,"2010-04-19",0,0,"1539","597"
5236,"0005-08-18","0005-12-18",0,1,"246","87"
9987,"0007-10-20",,11,2,"1094","87"
9028,"0004-04-20","0004-09-20",3,2,"2012","83"
3541,"0001-12-18",,0,0,"523","393"
4540,,,2,0,"1014","393"
6477,"0005-02-19","0005-07-19",23,2,"1455","591"
8679,"0002-11-20",,2,0,"524","393"
1949,,"2010-03-14",31,1,"259","88"
4294,,,1,1,"980","527"
3274,,"2010-07-17",0,0,"564","397"
622,"0009-01-17","0009-08-17",6,0,"628","411"
845,"0007-10-17",,6,1,"723","391"
904,,"0002-06-16",0,1,"225","214"
10284,"0004-04-20",,55,2,"2231","588"
9956,,"0007-03-20",9,2,"1151","87"
7651,,"0008-06-19",1,0,"459","369"
9853,,,12,2,"1093","87"
7201,,,4,1,"1521","574"
3897,"0002-03-17",,2,1,"947","510"
7710,,,2,2,"1298","528"
6526,,,65,1,"12","91"
3365,"2011-01-17","2011-06-17",3,0,"914","372"
4629,"0007-01-18",,34,1,"983","528"
11132,,"2011-07-20",31,2,"283","87"
181,"0008-07-17",,0,0,"443","370"
5727,,,16,0,"1200","565"
259,"0004-08-17",,0,0,"510","387"
4011,,"0004-02-18",0,0,"549","396"
6640,,"0002-08-19",1,0,"1495","594"
9717,"0006-08-20",,0,1,"944","510"
2781,,,2,0,"628","411"
10203,,,3,0,"444","369"
1412,"0009-09-17",,6,1,"157","335"
1532,"0001-04-16",,0,1,"130","407"
5547,,,0,0,"1044","522"
2651,"0009-10-17",,44,0,"506","383"
5154,,,8,2,"282","353"
1564,"0003-01-16","0003-10-16",1,1,"138","407"
5865,,"0009-03-18",32,0,"1223","440"
10391,,,6,0,"2254","656"
6292,"0005-01-19","0005-07-19",1,0,"751","441"
5373,,"2010-06-18",27,0,"507","383"
9695,"0006-10-20",,5,1,"833","444"
6065,,,0,0,"1257","555"
7043,"0007-10-15",,15,1,"53","595"
3453,,,7,1,"171","333"
5981,"0004-12-19",,1,2,"1139","87"
5367,"2010-04-18","2010-07-18",3,0,"523","393"
2002,,,27,1,"266","88"
10585,,"0008-01-20",105,2,"298","324"
3733,"0005-12-16",,0,1,"942","510"
776,"0004-03-17","0004-10-17",0,0,"165","431"
7811,"0009-05-19","0009-12-19",70,0,"1645","608"
1142,"0008-11-17",,8,1,"183","333"
4522,,,0,1,"714","391"
8539,,,3,0,"1771","470"
5704,"0004-01-19",,1,2,"1186","563"
10781,"0009-03-20","0009-11-20",5,2,"396","75"
5313,,,20,0,"1097","554"
4089,"0004-02-18","0004-11-18",1,1,"299","194"
5027,,"0009-01-18",6,0,"955","371"
5761,,"0009-01-18",19,0,"1208","565"
6045,"0004-12-19",,2,2,"246","353"
7452,"0007-04-19","0007-09-19",198,2,"309","324"
11265,,"2011-04-20",425,2,"2451","77"
5452,"2010-11-18",,15,1,"728","391"
6716,,"0003-02-19",1,0,"1495","594"
741,"0004-08-17",,0,0,"699","428"
10182,,,4,1,"1017","536"
8367,,,34,2,"271","324"
10180,,,0,1,"944","510"
7303,,,8,0,"1525","522"
8443,"2012-03-19","2012-08-19",90,0,"1044","522"
11175,,"0004-05-20",1,2,"2383","577"
4975,"0005-01-18","0005-08-18",0,1,"249","87"
4893,"0008-05-18","0008-12-18",12,0,"507","383"
1671,"0005-02-18","0005-09-18",2,1,"146","335"
4279,,,0,0,"544","396"
2851,,,3,0,"842","456"
281,,,8,0,"505","383"
5070,"0009-01-18","0009-09-18",6,0,"461","519"
2826,,,2,0,"736","433"
7434,"0007-04-19","0007-09-19",27,2,"236","87"
8351,,,8,2,"1763","194"
5129,"0005-01-18","0005-07-18",0,1,"287","352"
4109,,,1,1,"244","194"
479,,,1,1,"584","407"
2023,,,6,1,"268","87"
5306,,"0005-01-18",5,1,"239","89"
6509,"0005-02-19","0005-07-19",46,2,"1487","593"
7304,,,1,0,"1526","522"
7895,,,15,0,"1257","555"
4036,,"0004-05-18",1,0,"444","370"
9948,,"0007-03-20",71,2,"1093","87"
3523,,,235,0,"707","432"
2951,,"2010-02-17",38,0,"806","451"
10190,,"0008-01-20",8,0,"1493","555"
5477,,,11,1,"1088","346"
2846,,,0,0,"840","456"
8371,,,108,2,"309","324"
4047,,"0004-03-18",2,1,"296","89"
7656,,"0008-06-19",4,0,"456","519"
8390,,,4,0,"1759","622"
3618,"2010-02-17","2010-04-17",0,1,"936","510"
5513,"2012-02-18","2012-11-18",7,0,"525","393"
720,,,1,0,"684","422"
7225,,"0007-06-19",0,1,"1017","536"
9570,"0005-11-20",,0,1,"939","510"
5124,"0005-07-18","0005-12-18",35,1,"291","352"
4266,,,2,1,"301","353"
167,,,1,0,"461","369"
10220,,"0008-08-20",1,0,"450","371"
1553,"0003-01-16","0003-10-16",5,1,"131","407"
3551,,,0,0,"900","470"
3753,,,1,1,"944","510"
2998,,"2010-04-17",6,1,"729","391"
7076,"0009-09-15",,4,1,"53","595"
2712,,,5,1,"832","444"
5627,,,2,2,"1149","194"
4870,,"0008-06-18",0,1,"947","510"
1831,,,69,1,"245","87"
7091,"2010-08-15",,20,1,"65","595"
54,,,6,1,"273","352"
9373,"0004-10-20",,14,2,"88","591"
10311,"0004-04-20",,29,2,"2248","588"
5579,"0003-10-19",,2,2,"301","353"
11411,,"2011-10-20",8,0,"1781","625"
7373,,,37,2,"315","352"
540,"0009-05-17","0009-09-17",3,0,"480","375"
1047,,,0,0,"211","329"
11344,,"2011-03-20",14,2,"392","76"
6040,"0004-12-19",,0,2,"263","353"
595,"0009-01-17","0009-08-17",0,0,"603","414"
10810,"0009-03-20",,29,2,"2350","659"
10320,"0007-07-20",,1529,2,"2223","588"
6791,"0006-03-19","0006-07-19",1,1,"1521","574"
7525,,,26,2,"1144","87"
6709,"0002-08-19",,1,0,"1500","594"
2915,,,2,0,"738","439"
10480,"0007-12-20",,23,2,"79","590"
2078,"0005-10-14",,0,1,"275","194"
1731,"0004-02-12","0004-10-12",2,1,"269","95"
6705,"0002-08-19",,1,0,"1496","594"
8377,"2011-11-19",,49,0,"1749","621"
8333,"2010-04-19","2010-10-19",52,2,"245","324"
11004,"2010-10-20",,1,2,"246","324"
884,"0003-01-15",,13,1,"223","214"
1963,,,169,1,"262","324"
3900,,,0,1,"938","510"
4430,,,0,1,"944","510"
2716,"0004-10-17",,0,1,"833","444"
7772,,"0009-04-19",3,0,"462","369"
8689,,,2,0,"1787","625"
9606,,"0005-10-20",0,0,"505","383"
9055,"0004-06-20","0004-11-20",13,2,"1533","596"
7566,,,147,2,"1402","588"
9074,,"0004-09-20",0,0,"432","366"
2504,"0004-09-17",,5,0,"765","442"
11047,,,28,0,"1638","611"
7579,,,35,2,"1416","588"
6029,"0004-12-19",,1,2,"1094","194"
115,,,2,1,"243","85"
8250,"0007-04-19",,1081,2,"1723","618"
4599,,"0007-03-18",0,1,"945","510"
1846,"0009-03-15","0009-10-15",2,1,"247","87"
4660,"0007-09-18",,36,2,"308","324"
6637,,,5,0,"1504","594"
7024,,,23,2,"1094","85"
2414,,"0008-03-15",21,1,"315","88"
2006,"0007-10-15",,10,1,"267","88"
8408,,,2,0,"1757","621"
2738,"0009-09-17",,6,0,"485","376"
5878,"0006-11-18",,5,0,"1222","440"
5365,,"2010-05-18",13,0,"1110","469"
3447,,,3,0,"929","507"
8341,,,31,2,"276","352"
11420,,"2011-10-20",10,0,"1791","625"
9685,,,2,1,"2081","638"
5851,"0009-08-17",,32,0,"751","441"
2423,,,73,1,"316","87"
8560,,,1,0,"751","441"
278,"0008-05-17",,12,0,"488","376"
848,"0007-10-17",,3,1,"729","391"
5904,,,1,2,"248","85"
4373,"0005-10-18",,0,0,"444","370"
5982,"0004-12-19",,0,2,"1154","87"
1248,,,2,1,"147","335"
8853,,,1,2,"265","87"
3774,,"0007-10-16",18,1,"948","512"
1814,,,191,1,"244","85"
7360,,,3,2,"1152","87"
8052,,,4,0,"1203","565"
10254,"0008-08-20","0008-12-20",10,0,"456","370"
10721,"0009-03-20","0009-11-20",9,2,"336","79"
626,"0009-01-17","0009-08-17",77,0,"632","411"
8027,"2010-01-19","2010-08-19",4,1,"521","391"
1379,,,4,1,"159","335"
10065,"0005-01-20","0005-07-20",1,2,"262","324"
1295,"0009-10-15",,2,1,"163","335"
2151,,,4,1,"286","87"
5413,"2010-05-18","2010-12-18",240,0,"902","470"
3821,"0008-08-16","0008-09-16",4,1,"937","510"
8776,,"0004-03-20",0,0,"1854","631"
9039,"0004-04-20","0004-09-20",6,2,"2024","83"
4410,,,0,0,"898","470"
10446,"0007-02-20","0007-07-20",111,2,"1328","578"
4063,"0004-01-18","0004-09-18",1,1,"282","85"
10425,,,7,0,"2148","383"
9384,,,1,0,"742","441"
9445,"0004-11-20",,12,0,"2143","647"
6282,"0005-01-19","0005-07-19",1,0,"1215","441"
9931,"0006-09-20",,7,2,"282","87"
4057,,"0004-01-18",0,1,"310","85"
8808,,,0,2,"317","89"
5504,,"2012-07-18",74,1,"723","391"
10112,"0006-09-20",,17,2,"298","324"
2179,,,0,1,"289","194"
6501,"0005-02-19","0005-07-19",5,2,"1479","593"
10720,"0009-03-20","0009-11-20",32,2,"335","79"
1134,"0008-11-17",,51,1,"172","333"
9616,,,0,1,"940","510"
10104,"0006-09-20",,1,2,"271","324"
1029,,"0007-05-17",11,0,"209","329"
8737,,,0,0,"1586","586"
1355,,,2,1,"155","335"
2619,"0009-08-17",,8,0,"639","411"
9919,,,1,2,"1152","87"
4897,,,12,1,"1071","346"
8281,,,21,2,"1739","620"
10866,,,0,1,"728","391"
1791,,,26,1,"241","85"
4706,"0007-12-18",,23,0,"1032","546"
11108,,,5,2,"276","324"
8559,,,3,0,"750","441"
7070,"0009-02-15","0009-09-15",1,1,"52","595"
807,"0004-03-17","0004-10-17",0,1,"722","391"
7781,"0009-06-19","0009-09-19",10,0,"964","522"
3375,,"2011-10-17",7,0,"194","332"
6780,"0005-07-19","0005-12-19",8,0,"1499","594"
5169,"0009-11-18",,16,2,"271","324"
10797,"0009-03-20",,6,2,"922","73"
519,"0007-10-17",,9,0,"591","409"
9796,"0007-08-20",,3,1,"939","510"
1272,,,0,1,"151","335"
8448,"2012-03-19","2012-08-19",16,0,"1528","522"
3247,,,51,0,"900","470"
473,"0008-10-17",,4,1,"584","407"
7487,"0007-09-19",,42,2,"1139","87"
9443,,"0005-04-20",0,1,"946","510"
9340,"0004-10-20",,9,2,"110","81"
6932,"0006-07-19","0006-12-19",4,2,"313","87"
5033,"0009-01-18","0009-09-18",19,0,"954","371"
1811,,,16,1,"243","324"
3992,,,0,1,"940","510"
7130,"0009-02-15","0009-09-15",2,1,"56","595"
5191,"0005-01-18","0005-07-18",0,1,"289","324"
112,,"0005-04-17",2,1,"275","85"
11408,"2011-08-20","2011-11-20",1,0,"524","393"
5820,,"0009-01-18",9,0,"747","441"
6695,,"0006-02-19",1,1,"945","510"
9322,"0004-10-20",,14,2,"1446","590"
9198,,,82,2,"2131","644"
4670,"0007-09-18",,6,2,"262","87"
1202,,"0009-05-17",3,0,"554","396"
11194,"0007-02-20",,181,2,"2392","662"
7602,,"0008-05-19",9,2,"1178","563"
9274,,,0,1,"943","510"
5949,,,1,2,"1152","87"
2706,"0009-09-17",,14,1,"833","444"
4847,,"0008-01-18",0,0,"460","519"
4887,,"0008-08-18",22,0,"1066","552"
3417,"2010-04-17",,10,0,"466","373"
10635,"0009-05-20","0009-12-20",46,2,"1152","87"
10675,,"0009-05-20",11,2,"264","324"
10490,"0007-09-20",,8,2,"1491","593"
10673,,"0009-05-20",22,2,"246","324"
2271,,,422,1,"300","85"
9386,,,0,0,"745","441"
982,"0008-10-17",,6,0,"199","325"
6078,,"0002-12-19",7,0,"440","367"
6465,"0005-05-19","0005-10-19",12,2,"1443","589"
551,"0004-10-17",,0,0,"433","366"
2223,"0007-10-15",,81,1,"295","88"
3363,"2011-01-17","2011-06-17",3,0,"912","372"
1384,,,3,1,"164","335"
10905,"0009-12-20",,16,2,"1763","87"
5500,,"2012-07-18",141,1,"717","391"
1359,,,1,1,"159","335"
1561,"0003-01-16","0003-10-16",3,1,"582","407"
6291,"0005-01-19","0005-07-19",3,0,"750","441"
1519,"0009-08-15","0009-12-15",5,1,"135","407"
10756,"0009-03-20","0009-11-20",1,2,"371","76"
3109,"2010-05-17","2010-12-17",0,0,"452","369"
9267,,,0,1,"936","510"
1740,,,23,1,"237","85"
10569,,"0008-01-20",19,2,"1762","87"
6266,,,0,0,"1257","555"
1534,"0001-04-16",,1,1,"132","407"
10037,,,4,2,"1024","324"
11036,"2010-10-20",,44,2,"251","87"
146,,,1,0,"460","369"
8220,,,532,2,"1697","617"
6384,,,6,2,"1377","580"
1509,"0009-01-15","0009-05-15",30,1,"142","407"
1242,,,0,1,"163","335"
3179,"2010-12-17",,35,0,"457","369"
1547,"0001-04-16",,0,1,"141","407"
8092,,,10,1,"715","391"
10986,"2010-06-20","2010-12-20",5,0,"1529","522"
3114,"2010-05-17","2010-12-17",0,0,"457","369"
4050,,"0004-01-18",4,1,"282","85"
11146,,"2011-07-20",8,2,"276","324"
10349,"0007-07-20",,730,2,"1413","588"
3966,,,3,0,"449","371"
4761,,,9,0,"1053","439"
1070,"0004-12-17",,1,0,"193","332"
10368,"0008-06-20",,5,2,"1357","579"
7716,,,6,1,"1567","345"
1659,,,1,0,"128","340"
7611,,"0008-05-19",10,2,"1187","563"
9140,,,0,1,"159","335"
4385,"0005-09-18",,0,0,"457","534"
3220,,,5,0,"545","396"
10968,"2010-08-20","2010-11-20",0,0,"2075","637"
7050,"0007-10-15",,19,1,"60","595"
3990,,,0,1,"938","510"
2175,,,2,1,"289","88"
6722,,"0003-02-19",11,0,"1501","594"
951,"0007-05-17","0007-12-17",4,0,"213","349"
257,"0004-08-17",,2,0,"512","386"
3397,"0004-06-17",,0,0,"897","470"
10167,,,51,2,"271","324"
6026,"0004-12-19",,0,2,"251","194"
6270,"0005-02-19","0005-05-19",0,0,"1300","575"
8615,,,4,0,"1525","522"
232,,,17,0,"502","382"
11019,"2010-04-20","2010-10-20",3,2,"319","87"
3229,,,0,0,"554","396"
5002,"0005-08-18","0005-12-18",1,1,"266","87"
10485,"0007-09-20",,24,2,"1484","593"
3490,,,5,0,"570","399"
7629,,"0008-04-19",3,2,"1605","579"
10647,"0009-05-20","0009-12-20",9,2,"295","324"
6956,"0006-07-19","0006-12-19",2,2,"308","324"
552,"0004-10-17",,0,0,"434","366"
163,,,0,0,"457","369"
7482,"0007-09-19",,13,2,"316","87"
4626,"0007-01-18",,18,1,"980","527"
119,,,2,1,"269","85"
10252,"0008-08-20","0008-12-20",2,0,"462","370"
8029,"2010-01-19","2010-08-19",13,1,"714","391"
11312,,"2011-03-20",34,2,"356","80"
7417,"0007-04-19","0007-09-19",44,2,"1149","87"
3480,,"0009-01-17",9,1,"184","333"
3926,,"0003-09-17",0,1,"945","510"
2111,,"0008-03-15",28,1,"279","88"
9554,"0005-01-20",,0,0,"1348","555"
2437,,,107,1,"320","87"
8900,,"0004-02-20",24,2,"1892","97"
6738,"0003-02-19",,8,0,"1505","594"
11285,,"2011-04-20",41,2,"2471","77"
2372,"0009-11-15",,24,1,"310","85"
2902,,,1,0,"595","410"
2614,"0009-08-17",,6,0,"625","413"
6570,,,398,1,"242","95"
2246,,,5,1,"297","87"
6547,,,32,1,"33","93"
8255,,,240,2,"1728","619"
10661,,"0009-05-20",2,2,"1094","87"
8722,"0003-12-20",,0,0,"1846","632"
7477,"0007-09-19",,27,2,"1149","87"
726,,,0,0,"675","420"
888,,,30,1,"223","214"
11143,,"2011-07-20",7,2,"264","324"
9103,"0004-11-20",,0,1,"2085","638"
2432,"0009-03-15","0009-10-15",19,1,"317","87"
4369,"0005-09-18",,0,0,"451","518"
5368,"2010-04-18","2010-07-18",0,0,"524","393"
5938,,,2,2,"1138","87"
859,,,0,0,"470","379"
7665,"0007-08-19","0007-12-19",97,2,"1274","528"
3484,,"0009-01-17",24,1,"188","333"
3076,"2010-07-17",,1,0,"876","462"
6071,,,50,0,"438","367"
4088,"0004-02-18","0004-11-18",1,1,"244","194"
416,"0008-12-17",,8,0,"572","401"
496,"0007-04-17","0007-11-17",25,1,"589","408"
3106,"2010-02-17","2010-12-17",13,1,"792","447"
7979,,,2,2,"1298","528"
4307,,"0005-02-18",0,1,"938","510"
10669,,"0009-05-20",41,2,"1152","87"
3348,,,3,0,"128","340"
3285,,,0,0,"563","397"
11054,,,9,2,"311","87"
7933,,"2010-06-19",2,0,"1589","586"
8440,"2012-03-19","2012-08-19",2,0,"1041","522"
6848,"0005-08-19",,3,2,"261","87"
2585,"0009-10-17",,4,0,"770","442"
5906,,,1,2,"975","87"
766,,,0,0,"702","429"
905,,,18,1,"220","214"
1006,"0008-06-17",,19,0,"205","327"
10834,,,2,2,"2309","353"
6939,"0006-07-19","0006-12-19",3,2,"240","87"
10199,,,6,0,"456","370"
7587,,,17,2,"1424","588"
489,,"0005-02-17",2,1,"588","408"
4340,,,0,1,"521","391"
6010,"0004-12-19",,8,2,"291","85"
5133,"0005-07-18","0005-12-18",1,1,"273","352"
8681,,,1,0,"1638","611"
5928,,,11,2,"280","353"
2012,,,17,1,"267","89"
11188,,,24,2,"2385","577"
1663,"0005-02-18","0005-09-18",2,1,"160","335"
4334,"0005-03-18","0005-12-18",0,0,"459","369"
10818,"0009-03-20",,75,2,"2358","659"
3720,,"0005-12-16",0,1,"937","510"
6126,,,10,0,"1253","569"
8265,"2011-06-19","2011-11-19",1,0,"1041","522"
1714,"0004-04-12","0004-10-12",1,1,"37","93"
7851,"0009-02-19","0009-11-19",7,0,"1655","440"
7178,,,139,1,"57","595"
4852,,,0,0,"968","523"
6034,"0004-12-19",,0,2,"297","194"
10928,,"2010-04-20",3,2,"266","87"
10907,"0009-12-20",,57,2,"291","87"
10272,"0004-04-20",,77,2,"2219","588"
4070,"0004-01-18","0004-09-18",1,1,"310","85"
6537,,,116,1,"23","92"
4659,"0007-09-18",,44,2,"247","324"
4819,,,0,1,"946","510"
9488,,"0004-03-20",2,2,"265","87"
2329,,,86,1,"305","85"
8893,,"0004-02-20",14,2,"1885","97"
226,"0008-03-17","0008-07-17",4,0,"482","375"
3345,,"2011-05-17",8,0,"507","383"
10115,,"0007-03-20",31,2,"315","324"
5200,"0009-08-18",,19,1,"791","447"
2668,"0009-01-17","0009-08-17",0,0,"807","451"
5747,,,4,0,"1205","565"
5808,"0009-12-17",,2,0,"1215","441"
7684,"0007-08-19","0007-12-19",2,2,"1295","528"
3911,,,0,1,"938","510"
2300,,,2,1,"302","85"
11230,,"0007-10-20",51,2,"2435","663"
5152,,,4,2,"1093","353"
3806,"0008-03-16","0008-08-16",9,1,"943","510"
6372,,,5,2,"1365","580"
8063,,,4,0,"1650","564"
2780,,,6,0,"625","413"
7592,"0008-01-19","0008-04-19",1,0,"1588","586"
4961,"0009-01-18","0009-05-18",6,2,"281","87"
4673,"0007-09-18",,11,2,"316","87"
2507,"0004-09-17",,1,0,"768","442"
1426,,,0,1,"161","335"
9008,,"0004-04-20",8,2,"1992","99"
11210,"0007-12-20",,224,2,"2427","618"
9395,,,0,0,"1220","441"
9475,,"0004-03-20",3,2,"317","89"
8821,,,1,2,"1143","324"
2173,"0009-10-15",,3,1,"289","88"
6781,"0005-07-19","0005-12-19",45,0,"1500","594"
8085,,,15,0,"1542","597"
7412,"0007-04-19","0007-09-19",7,2,"1155","87"
6983,,,61,2,"289","87"
10937,,,25,2,"1764","87"
1454,,,10,1,"132","407"
5776,,"2010-02-18",2,0,"1212","565"
7509,,,52,2,"1149","87"
758,"0009-02-17","0009-07-17",150,0,"699","428"
7263,"0007-12-19",,19,0,"1502","594"
9669,"0006-06-20","0006-09-20",12,0,"1852","631"
9831,"0004-03-20","0004-09-20",5,2,"311","87"
571,"0009-02-17","0009-09-17",7,0,"564","397"
3751,,,1,1,"942","510"
8847,,,4,2,"310","87"
5686,,,1,2,"1172","562"
6969,"0006-07-19","0006-12-19",17,2,"311","85"
7234,,"0007-06-19",0,1,"1021","536"
6540,,,157,1,"26","92"
10759,"0009-03-20","0009-11-20",1,2,"374","76"
2561,"0009-10-17",,23,1,"259","87"
7699,,,295,2,"1283","528"
10879,,"2010-01-20",29,1,"714","391"
11243,,,0,2,"2443","663"
2126,,,63,1,"280","87"
7855,"0009-02-19","0009-11-19",11,0,"1659","566"
942,"0009-02-17","0009-03-17",26,1,"223","214"
4223,,,0,1,"946","510"
1691,"0004-03-12","0004-10-12",3,1,"14","91"
5830,,"2010-03-18",6,0,"1216","441"
4728,,,0,0,"1043","548"
10152,"0007-11-20",,31,2,"271","324"
4972,,,23,2,"264","87"
2810,,,2,0,"653","412"
261,"0007-11-17",,0,0,"511","388"
4686,"0007-09-18",,0,1,"521","391"
2850,,,0,0,"841","456"
5786,"0001-04-19",,0,0,"1213","441"
3828,"0008-08-16","0008-09-16",10,1,"944","510"
1727,"0004-02-12","0004-10-12",2,1,"247","94"
6436,"0004-12-19",,4,2,"1414","588"
11002,"2010-11-20",,30,0,"2256","597"
10859,,,21,1,"714","391"
1313,,,1,1,"145","335"
1475,,,48,1,"133","407"
6510,"0005-02-19","0005-07-19",6,2,"1488","593"
7671,"0007-08-19","0007-12-19",82,2,"1280","528"
3347,,"2011-05-17",82,0,"509","383"
8851,,,2,2,"311","87"
81,,,2,1,"277","89"
262,"0007-11-17",,0,0,"510","387"
5074,"0005-01-18","0005-07-18",0,1,"310","85"
10906,"0009-12-20",,13,2,"319","87"
9396,,,0,0,"750","441"
9966,"0007-03-20","0007-10-20",4,2,"265","87"
5030,"0009-01-18","0009-09-18",7,0,"449","371"
7701,,,156,2,"1285","528"
10616,"0007-02-20",,17,2,"2303","657"
5007,"0005-08-18","0005-12-18",1,1,"248","87"
4944,,"0005-01-18",3,1,"280","87"
2801,,,7,0,"607","414"
7142,,,13,0,"965","522"
8772,,"0004-03-20",0,0,"1850","631"
10770,"0009-03-20","0009-11-20",1,2,"385","76"
166,,,0,0,"460","369"
2652,"0009-10-17",,56,0,"507","383"
3161,"2010-11-17",,43,1,"717","391"
2629,"0009-08-17",,10,0,"606","414"
6461,"0005-05-19","0005-10-19",11,2,"1438","589"
4034,,"0004-05-18",0,0,"955","371"
3277,"2010-07-17",,1,0,"563","397"
9904,,,2,2,"319","87"
2011,,,32,1,"267","89"
3683,,"0004-06-16",0,1,"947","510"
4152,"0004-09-18",,4,1,"297","85"
3538,"0001-07-18","0001-12-18",5,1,"826","444"
6922,"0006-07-19","0006-12-19",5,2,"288","87"
3065,,,6,0,"864","458"
6367,,,5,2,"1360","580"
11179,,"0004-05-20",6,2,"2380","577"
2062,,,30,1,"274","87"
10197,,,0,0,"462","370"
10298,"0004-04-20","0004-10-20",45,2,"1408","588"
407,"0007-08-17",,1,0,"573","400"
10664,,"0009-05-20",32,2,"283","87"
4546,,,0,1,"1021","536"
3873,,,0,1,"941","510"
6950,"0006-07-19","0006-12-19",96,2,"280","352"
2748,"0009-06-17",,3,0,"496","377"
5724,,"0009-01-18",17,0,"1199","565"
7253,"0006-01-19","0006-10-19",3,0,"1504","594"
2134,"0009-11-15",,1,1,"282","89"
8799,,,2,2,"269","194"
5699,"0004-01-19",,1,2,"1191","563"
4393,"0005-02-18","0005-11-18",0,1,"943","510"
4982,"0005-01-18","0005-08-18",8,1,"311","87"
7224,,"0007-06-19",0,1,"1016","536"
7115,,,10,1,"65","595"
4402,"0005-11-18",,0,1,"940","510"
38,"0007-06-17","0007-10-17",183,1,"253","87"
8011,"2010-11-19",,6,0,"1493","555"
6665,,,0,0,"1006","369"
11334,,"2011-03-20",138,2,"391","76"
4541,,,3,1,"1016","536"
6110,,"0004-04-19",0,0,"446","370"
2194,"0009-03-15","0009-07-15",5,1,"291","88"
5803,"0009-08-17",,7,0,"1214","441"
5618,"0003-10-19",,3,2,"1145","89"
968,,"0009-04-17",7,0,"444","370"
8859,,,0,2,"283","87"
11162,,"0004-07-20",11,2,"2371","661"
8834,,,1,2,"305","352"
3978,,,0,0,"458","369"
6828,,,0,1,"1020","536"
853,"0007-10-17",,9,1,"724","391"
4315,,"0005-02-18",0,1,"946","510"
6843,,,11,1,"827","444"
2540,"0009-06-17",,11,1,"300","324"
7800,,"0009-07-19",30,1,"225","214"
9981,"0007-10-20",,211,2,"291","87"
7186,,,0,1,"1016","536"
742,"0004-08-17",,0,0,"700","428"
2229,,,4,1,"296","87"
6980,,,15,2,"285","87"
9201,,,15,2,"2134","644"
6141,,,0,1,"829","444"
7220,"0006-01-19",,7,0,"438","367"
6934,"0006-07-19","0006-12-19",4,2,"317","87"
877,"0007-12-14",,2,1,"220","214"
3222,,,4,0,"547","396"
10093,,,1,2,"281","324"
7910,,,72,0,"1642","612"
2343,,,94,1,"306","87"
4545,,,0,1,"1020","536"
8093,,,7,1,"718","391"
10682,,"0009-05-20",51,2,"275","324"
2381,"0007-10-15",,89,1,"312","88"
7132,"0009-02-15","0009-09-15",1,1,"58","595"
7519,,,44,2,"1139","87"
10537,,"0007-04-20",27,2,"92","589"
8211,,"0005-03-19",8,2,"1714","617"
11410,,"2011-10-20",8,0,"1780","625"
9248,,,0,1,"2079","638"
10981,"2010-06-20","2010-12-20",7,0,"1523","522"
10123,,"0007-03-20",102,2,"275","324"
5860,"0006-11-18",,6,0,"755","440"
6186,"0004-06-19",,10,2,"1297","528"
3820,"0008-08-16","0008-09-16",2,1,"936","510"
2798,,,4,0,"604","414"
5223,,"0005-01-18",1,1,"293","87"
10382,,,62,1,"2193","561"
7282,"0007-06-19",,0,1,"1019","536"
7812,"0009-05-19","0009-12-19",23,0,"1644","608"
8546,,,1,0,"742","441"
9072,,"0004-06-20",0,0,"440","367"
8868,,,3,2,"1152","87"
4361,,,6,0,"1010","535"
5339,"0008-11-18",,40,0,"887","467"
7762,,"0009-05-19",7,0,"443","370"
7251,"0006-01-19","0006-10-19",0,0,"1502","594"
5171,"0009-08-18",,8,1,"977","527"
5701,"0004-01-19",,2,2,"1189","563"
5537,"0001-02-19","0001-09-19",2,0,"1130","558"
3762,"0006-02-16","0006-12-16",0,1,"944","510"
2681,,,1,1,"833","444"
6206,,,5,2,"261","87"
8122,,,10,0,"1227","566"
4145,"0004-10-18",,0,0,"960","521"
1188,,"0009-05-17",1,0,"539","396"
8427,,"2012-04-19",5,0,"1759","622"
8896,,"0004-02-20",18,2,"1888","97"
2656,"0004-02-12","0004-10-12",1,1,"43","95"
6101,"0004-10-19",,2,0,"1137","560"
3693,"0004-11-16",,0,1,"937","510"
9891,"0005-01-20","0005-07-20",6,2,"1093","87"
2488,"0009-05-17","0009-07-17",6,0,"740","439"
3954,"0003-05-18",,0,1,"940","510"
10356,,"0007-10-20",106,2,"2049","635"
5601,"0003-10-19",,0,2,"288","87"
7456,"0007-04-19","0007-09-19",230,2,"249","324"
7904,,,2,0,"1594","586"
6680,,,1,1,"942","510"
5782,,"2010-03-18",20,0,"741","441"
8575,,,0,0,"1650","564"
9900,"0005-01-20","0005-07-20",1,2,"1152","87"
10775,"0009-03-20","0009-11-20",3,2,"390","76"
3311,,,42,0,"491","377"
3780,,"0007-10-16",6,1,"937","510"
3168,"2010-11-17",,10,1,"724","391"
11345,,"2011-03-20",176,2,"2480","75"
8388,,,7,0,"1756","622"
7305,,,18,0,"1529","522"
3408,"2011-07-17",,23,0,"911","372"
4813,,,1,1,"941","510"
9972,"0007-03-20","0007-10-20",36,2,"253","87"
5587,"0003-10-19",,0,2,"271","324"
4525,,,1,1,"717","391"
7970,,,2,2,"1285","528"
1648,,,75,1,"141","407"
5644,,,3,2,"275","85"
7703,,,11,2,"1287","528"
9110,"0004-10-20",,1,0,"1850","631"
7499,"0007-09-19",,20,2,"313","87"
10210,,,0,0,"448","369"
8517,,"0001-07-20",0,0,"1541","597"
237,"0008-06-17",,0,0,"464","372"
1602,"0007-06-16","0007-10-16",12,1,"582","407"
235,,,18,0,"503","382"
6494,"0005-02-19","0005-07-19",10,2,"1472","592"
2658,"0009-01-17","0009-08-17",0,0,"797","452"
1108,"0004-05-17",,0,1,"187","333"
9876,,,6,2,"283","87"
10589,"0009-07-20","0009-11-20",13,0,"2184","611"
11077,,,6,2,"295","324"
9466,,"0004-03-20",0,2,"1765","85"
11361,,"2011-04-20",18,2,"403","73"
1405,"0007-04-17","0007-09-17",0,1,"143","335"
4238,,,3,1,"245","194"
7092,,"2010-08-15",4,1,"54","595"
1075,"0007-10-17",,13,0,"193","332"
10129,"0007-03-20","0007-10-20",6,2,"262","324"
2806,,,4,0,"648","412"
6472,"0005-02-19","0005-07-19",0,2,"1450","590"
3778,,"0007-10-16",5,1,"952","512"
5286,,,3,1,"282","85"
10424,,,9,0,"1095","383"
798,,,83,0,"709","432"
5324,,,35,0,"1052","439"
6180,"0004-06-19",,32,2,"1283","528"
6281,"0005-01-19","0005-07-19",1,0,"1214","441"
3059,,,3,0,"861","459"
3568,,,7,1,"830","444"
4750,,,26,1,"152","335"
9766,"0007-08-20",,6,1,"521","391"
956,,"0009-04-17",0,0,"452","369"
6176,"0004-06-19",,7,2,"1278","528"
10845,"0009-12-20",,26,2,"1148","194"
1362,,,1,1,"162","335"
7194,,,0,1,"944","510"
5194,"0005-01-18","0005-07-18",0,1,"247","324"
6233,,,0,2,"243","87"
6620,"0005-01-13","0005-06-13",0,1,"269","95"
10086,,,4,2,"305","324"
1030,,"0007-05-17",10,0,"210","329"
2498,"0009-05-17","0009-12-17",9,0,"217","350"
7491,"0007-09-19",,15,2,"240","87"
7674,"0007-08-19","0007-12-19",189,2,"1283","528"
9815,,,20,0,"2155","555"
9468,,"0004-03-20",1,2,"1767","85"
1821,,,3,1,"244","87"
11384,,"2011-03-20",241,2,"2487","74"
1960,"2010-08-14",,34,1,"261","87"
7628,,"0008-04-19",0,2,"1357","579"
307,,,8,0,"497","377"
4732,,,11,1,"156","335"
10400,,,1,0,"1042","522"
753,"0009-02-17","0009-07-17",100,0,"694","428"
3832,"0008-09-16","0008-12-16",10,1,"936","510"
2913,"0009-04-17","0009-10-17",1,0,"846","457"
6318,,,326,2,"1316","577"
5624,,,2,2,"1146","194"
3727,,"0005-12-16",0,1,"945","510"
3033,"0009-10-17",,58,0,"593","409"
4663,"0007-09-18",,1,2,"280","87"
3744,,,0,1,"944","510"
3517,,,0,0,"555","396"
886,,,20,1,"220","214"
4287,,,0,0,"560","396"
922,"2010-08-16","2010-09-16",6,1,"223","214"
5265,,"0005-01-18",2,1,"254","87"
3,,,0,1,"278","87"
2937,,,0,0,"445","370"
6689,,"0006-02-19",0,1,"939","510"
9482,,"0004-03-20",2,2,"287","87"
142,,,1,0,"456","369"
365,,,11,0,"535","396"
4523,,,0,1,"715","391"
10355,,"0007-10-20",508,2,"2047","635"
10107,"0006-09-20",,171,2,"275","324"
3356,,"2011-01-17",14,0,"911","372"
6801,"0006-02-19","0006-07-19",0,1,"943","510"
6734,"0003-02-19",,3,0,"1501","594"
6242,,,0,2,"314","85"
8709,"0003-01-20","0003-06-20",0,0,"1781","625"
4038,,"0004-05-18",2,0,"447","370"
4526,,,0,1,"718","391"
4118,,,1,1,"262","87"
11214,"0007-12-20",,118,2,"2429","618"
202,"0007-04-17","0007-11-17",4,0,"447","370"
5565,"0003-09-19",,4,1,"221","214"
7094,,"2010-08-15",8,1,"56","595"
10825,,,352,2,"299","353"
5523,"2012-02-18","2012-09-18",11,0,"1129","558"
2831,,,3,0,"842","456"
4480,"0006-06-18",,4,1,"308","324"
5214,,,38,0,"509","383"
9496,,"0004-03-20",2,2,"1764","87"
74,,,0,1,"265","353"
4293,,,3,1,"979","527"
10672,,"0009-05-20",11,2,"262","324"
3330,,"2011-04-17",5,0,"480","375"
5816,,"2010-03-18",40,0,"746","441"
1288,"0009-03-15","0009-06-15",1,1,"151","335"
6365,,,1,2,"1358","580"
8035,"2010-01-19","2010-08-19",88,1,"728","391"
10092,,,4,2,"1150","324"
3301,,,1,0,"888","467"
10578,,"0008-01-20",287,2,"293","324"
7682,"0007-08-19","0007-12-19",12,2,"1293","528"
2645,"0009-08-17",,4,0,"661","412"
11291,,"2011-03-20",53,2,"329","79"
1215,"0007-08-15","0007-12-15",5,1,"156","335"
8637,,"0002-01-20",0,0,"1782","625"
7657,,"0008-06-19",2,0,"460","519"
5617,"0003-10-19",,0,2,"1141","89"
5474,,,7,1,"1085","346"
7369,,,36,2,"264","352"
10362,"0008-06-20",,161,2,"2098","579"
7813,"0009-06-19",,26,0,"1647","609"
11218,"0007-12-20",,71,2,"2426","618"
7098,,"2010-08-15",13,1,"60","595"
5588,"0003-10-19",,1,2,"242","324"
610,"0009-01-17","0009-08-17",1,0,"621","413"
8318,"2010-01-19","2010-07-19",20,2,"1140","87"
5075,"0005-07-18","0005-12-18",0,1,"310","85"
6766,,"0005-07-19",1,0,"1497","594"
10211,,,2,0,"455","369"
5357,,"2010-04-18",4,1,"725","391"
4520,,,0,1,"712","391"
9067,"0004-03-20","0004-11-20",0,0,"1348","555"
2968,"0009-05-17",,8,0,"821","405"
7311,,,6,1,"713","391"
6230,,,3,2,"240","87"
9288,"0004-10-20",,6,2,"1334","578"
8573,,,1,0,"1212","565"
640,"0009-01-17","0009-08-17",55,0,"646","411"
3902,,,0,1,"940","510"
4493,"0006-06-18",,7,1,"275","85"
11099,,,12,2,"1152","87"
3839,"0008-09-16","0008-12-16",4,1,"943","510"
1820,"0009-03-15","0009-10-15",2,1,"244","87"
2102,,"2010-03-14",12,1,"278","88"
7465,"0007-04-19","0007-09-19",47,2,"1151","85"
7913,,"2010-01-19",37,0,"1645","608"
3202,,,8,0,"740","439"
9238,"0004-09-20",,23,2,"2047","635"
4527,,,0,1,"720","391"
100,,,4,1,"316","87"
487,,"0005-02-17",3,1,"586","408"
10824,,,3,2,"2307","353"
1280,"0009-03-15","0009-06-15",0,1,"163","335"
2849,,,0,0,"839","456"
7211,,,1,0,"1299","575"
7190,,,0,1,"1019","536"
744,"0007-11-17",,0,0,"694","428"
10042,,,33,2,"295","324"
559,,,0,0,"440","367"
3230,,,0,0,"555","396"
10917,"0009-12-20",,6,2,"1764","87"
1373,,,4,1,"151","335"
8856,,,1,2,"1094","87"
6633,,,1,0,"1500","594"
8036,"2010-01-19","2010-08-19",1,1,"729","391"
11176,,,77,2,"2383","577"
6646,,"0002-08-19",1,0,"1501","594"
5338,"0008-11-18",,55,0,"888","467"
831,"0007-04-17","0007-11-17",7,0,"736","433"
5378,"2010-04-18","2010-11-18",14,1,"712","391"
4358,,,0,0,"1010","535"
55,,,1,1,"319","352"
8106,,,122,0,"1223","440"
6066,,,0,0,"928","506"
6657,,,0,0,"446","370"
6901,"0005-08-19",,5,2,"1151","85"
4514,"0006-06-18",,11,1,"273","352"
7042,"0007-10-15",,10,1,"52","595"
352,"0008-11-17",,2,0,"529","395"
6140,,,0,1,"828","444"
8422,,"2012-03-19",3,0,"524","393"
5913,,,1,2,"306","194"
10847,,,103,2,"247","85"
1465,,,13,1,"139","407"
7011,,,25,2,"245","324"
3850,"0008-12-16",,2,1,"942","510"
3686,"0004-06-16","0004-11-16",0,1,"940","510"
9049,"0004-07-20","0004-11-20",2,0,"1821","629"
2054,,,9,1,"273","88"
847,"0007-10-17",,19,1,"727","391"
7617,,"0008-05-19",9,2,"1193","563"
3640,"2010-04-17","2010-12-17",8,1,"946","510"
2334,,"2010-03-14",23,1,"305","88"
4475,"0006-06-18",,5,1,"285","324"
90,,,3,1,"305","87"
7695,,,51,2,"1278","528"
4738,,,15,1,"162","335"
618,"0004-02-17","0004-09-17",0,0,"619","415"
3432,,"2010-04-17",8,0,"463","374"
2147,"0009-11-15",,28,1,"285","85"
3941,,"0003-05-18",0,1,"939","510"
168,,,0,0,"462","369"
8753,,"0004-02-20",1,1,"1860","346"
10017,"0004-04-20","0004-09-20",0,2,"262","324"
6488,"0005-02-19","0005-07-19",12,2,"1466","592"
8425,,"2012-04-19",5,0,"1756","622"
10158,"0007-11-20",,19,2,"306","324"
9077,,"0004-09-20",0,0,"435","366"
3346,,"2011-05-17",23,0,"508","383"
2162,"0005-09-14",,1,1,"288","89"
5649,,,1,2,"240","85"
4217,,,0,1,"940","510"
1933,,,46,1,"256","89"
7765,,"0009-05-19",13,0,"1025","370"
97,,,10,1,"262","87"
3849,"0008-12-16",,2,1,"941","510"
5296,,,1,1,"253","353"
6295,"0005-01-19","0005-07-19",0,0,"1201","565"
5458,"2011-09-18",,32,0,"1014","393"
8802,,,4,2,"263","194"
2215,,"2010-03-14",41,1,"293","85"
9168,"0004-08-20",,0,1,"729","391"
6415,"0005-08-19",,5,2,"1394","585"
4335,"0005-03-18","0005-12-18",0,0,"462","369"
32,,,2,1,"301","87"
8472,,,0,0,"1758","622"
8798,,,2,2,"245","194"
8430,,"2012-08-19",11,0,"1748","621"
11078,,,26,2,"275","324"
10994,"2010-06-20","2010-12-20",9,0,"2268","522"
10830,,,15,2,"1141","353"
5385,"2010-04-18","2010-11-18",11,1,"721","391"
9871,,,6,2,"265","87"
1082,,"0009-06-17",3,0,"490","377"
794,,,121,0,"711","432"
5606,"0003-10-19",,1,2,"278","87"
11274,,"2011-04-20",12,2,"2460","77"
5503,,"2012-07-18",343,1,"721","391"
2077,,"0004-06-14",0,1,"275","87"
4073,"0004-01-18","0004-09-18",1,1,"276","85"
4273,,,0,0,"535","396"
378,"0007-08-17",,0,0,"565","397"
1438,"0007-08-15","0007-11-15",6,1,"134","407"
10084,,,12,2,"264","324"
11205,,,7,2,"2388","662"
2965,"0009-05-17",,2,0,"819","405"
2841,,,3,0,"842","456"
7306,,,0,0,"1257","555"
1861,,,3,1,"248","88"
6774,,"0005-07-19",3,0,"1505","594"
44,,,1,1,"317","87"
450,,,0,0,"570","399"
8749,,,4,0,"525","393"
1773,,,28,1,"239","324"
8705,,"0003-01-20",0,0,"1791","625"
4993,,"0005-01-18",0,1,"288","87"
10415,,,0,0,"2267","522"
5010,"0007-06-17","0007-10-17",12,1,"1091","87"
1767,"0004-11-16",,4,1,"239","87"
3536,"0001-07-18","0001-12-18",1,1,"832","444"
2108,,,37,1,"279","87"
1027,,"0005-04-17",4,0,"211","329"
11181,,"0004-05-20",3,2,"1312","577"
760,"0009-02-17","0009-07-17",50,0,"701","428"
2634,"0009-08-17",,10,0,"647","412"
819,"0004-01-17","0004-07-17",3,1,"725","391"
1818,,,20,1,"244","87"
2817,,,1,0,"662","412"
2508,"0004-09-17",,1,0,"769","442"
6605,,,5,1,"36","93"
9745,"0007-03-20","0007-08-20",1,1,"946","510"
10395,,,2,0,"1539","597"
3787,,,47,1,"953","512"
10841,"0009-12-20",,50,2,"278","194"
6334,,"0005-03-19",13,2,"1332","578"
11287,,"2011-03-20",19,2,"324","79"
805,"0004-03-17","0004-10-17",0,1,"719","391"
3211,,,2,0,"536","396"
1457,,,15,1,"581","407"
4879,"0008-06-18",,3,1,"943","510"
6957,"0006-07-19","0006-12-19",2,2,"295","324"
349,"0008-11-17",,0,0,"533","395"
4692,"0007-09-18",,4,1,"717","391"
8747,,,0,0,"1596","586"
2099,,,3,1,"278","87"
4667,"0007-09-18",,8,2,"315","87"
8888,,"0004-02-20",66,2,"1880","98"
4259,,,0,1,"278","87"
7847,"0009-02-19","0009-11-19",17,0,"1224","440"
5073,,"0005-01-18",0,1,"310","85"
627,"0009-01-17","0009-08-17",8,0,"633","411"
7662,"0007-08-19","0007-12-19",104,2,"1271","528"
7637,,"0008-05-19",1,0,"954","371"
5883,"0001-06-19",,1,0,"1227","566"
8653,,"0002-06-20",1,0,"1784","625"
4411,,,1,0,"899","470"
413,"0008-05-17","0008-12-17",8,0,"574","400"
8100,,,2,1,"521","391"
10975,"2010-06-20","2010-12-20",3,0,"964","522"
2203,,"2010-04-14",32,1,"291","89"
6342,,"0005-03-19",178,2,"1340","578"
5995,"0004-12-19",,2,2,"313","87"
11358,,"2011-03-20",19,2,"380","75"
10786,"0009-03-20","0009-11-20",178,2,"401","75"
3627,"2010-02-17","2010-04-17",0,1,"945","510"
5869,,"0009-03-18",17,0,"1225","440"
9619,,,1,1,"943","510"
3032,"0009-10-17",,15,0,"592","409"
6376,,,4,2,"1369","580"
849,"0007-10-17",,5,1,"730","391"
4132,,,8,1,"253","87"
4437,,"0006-02-18",0,0,"1014","393"
6210,,,2,2,"1154","87"
4252,,,3,1,"316","87"
6128,,,1,0,"1255","569"
458,,"0005-02-17",2,1,"581","407"
10082,,,3,2,"246","324"
4389,"0005-02-18","0005-11-18",0,1,"939","510"
10608,"0004-05-20",,13,2,"1296","528"
7140,,,0,0,"963","522"
2122,"0004-11-16",,2,1,"280","87"
10686,,"0009-05-20",16,2,"244","324"
2896,,,1,0,"496","377"
1365,,,1,1,"143","335"
671,"0007-07-17",,60,0,"671","419"
9357,"0004-10-20",,11,2,"96","646"
9435,,"0005-04-20",0,1,"938","510"
7151,,,0,0,"1527","522"
1803,,,7,1,"242","85"
9530,"0005-04-20","0005-07-20",0,1,"943","510"
3004,,,9,0,"698","428"
6756,"0004-07-19",,5,0,"1499","594"
7917,"0009-11-19",,19,0,"1260","442"
8283,,,31,2,"1741","620"
636,"0009-01-17","0009-08-17",1,0,"642","411"
8771,,"0004-03-20",0,0,"1849","632"
9974,"0007-03-20","0007-10-20",12,2,"251","87"
7200,,,2,1,"1522","574"
1286,"0009-03-15","0009-06-15",1,1,"148","335"
6159,,,0,0,"784","443"
8748,,,1,0,"1596","586"
1080,,"0009-05-17",0,0,"481","375"
3139,"0009-07-17",,97,0,"886","466"
3482,,"0009-01-17",8,1,"186","333"
8233,,,125,2,"1710","617"
2176,,"2010-08-15",9,1,"289","88"
1013,,"0007-05-17",74,0,"206","328"
9924,"0006-09-20",,9,2,"291","87"
10290,"0004-04-20",,13,2,"2236","588"
10002,,,120,2,"311","87"
10267,"0004-04-20",,43,2,"2214","588"
7983,"2010-07-19","2010-12-19",12,0,"1542","597"
9247,,,0,1,"2078","638"
927,,,15,1,"221","214"
2864,,,4,0,"841","456"
3474,,"0009-01-17",21,1,"174","333"
10774,"0009-03-20","0009-11-20",2,2,"389","76"
9163,"0004-08-20",,0,1,"1671","391"
2839,,,1,0,"839","456"
6486,"0005-02-19","0005-07-19",2,2,"1464","592"
10747,"0009-03-20","0009-11-20",11,2,"362","80"
816,,"0004-07-17",0,1,"724","391"
8993,,"0004-07-20",3,0,"1135","559"
3588,"0004-01-17","0004-09-17",2,1,"938","510"
2364,,"0007-09-14",12,1,"309","85"
11191,,,5,2,"2393","662"
7031,,,24,2,"1532","596"
852,"0007-10-17",,18,1,"521","391"
1504,"0009-01-15","0009-05-15",13,1,"138","407"
2278,,"2010-03-14",22,1,"300","88"
1931,,"2010-08-15",50,1,"256","89"
4417,,,1,1,"826","444"
154,,,7,0,"450","371"
2682,,,2,1,"832","444"
10653,"0009-05-20","0009-12-20",26,2,"298","324"
3841,"0008-09-16","0008-12-16",3,1,"945","510"
6348,,"0005-03-19",71,2,"1346","578"
3553,,,17,0,"902","470"
5000,,"0005-01-18",1,1,"266","87"
6929,"0006-07-19","0006-12-19",0,2,"1150","87"
3972,,,0,0,"444","370"
1688,"0004-03-12","0004-10-12",5,1,"11","91"
1768,,"2010-03-14",25,1,"239","88"
2092,,,1,1,"277","87"
4885,,"0008-08-18",23,0,"1064","553"
2172,"0009-03-15","0009-07-15",1,1,"289","88"
5390,"2010-04-18","2010-11-18",93,1,"727","391"
1596,"0007-06-16","0007-10-16",6,1,"133","407"
5817,"0001-04-19",,11,0,"746","441"
637,"0009-01-17","0009-08-17",24,0,"643","411"
8467,"2012-08-19",,80,0,"1774","470"
10360,"0007-06-20","0007-10-20",1,2,"1910","96"
8259,,,454,2,"1732","619"
11397,,"2011-04-20",21,2,"2353","659"
9500,,"0004-03-20",0,2,"313","87"
1096,"0004-05-17",,2,1,"175","333"
5174,"0009-08-18",,12,1,"980","527"
10699,,"0007-11-20",40,2,"2337","658"
9433,,"0005-04-20",0,1,"936","510"
8249,"0007-04-19",,67,2,"1722","618"
5965,,,3,2,"291","85"
966,,"0009-04-17",8,0,"461","369"
7572,,,71,2,"1408","588"
924,"2010-08-16","2010-09-16",6,1,"225","214"
4817,,,7,1,"945","510"
11097,,,16,2,"251","87"
1612,,,18,1,"579","407"
2386,,,7,1,"312","324"
8075,,,75,0,"1664","612"
10195,,,4,0,"450","371"
7442,"0007-04-19","0007-09-19",42,2,"305","352"
529,,"0009-09-17",71,1,"311","85"
2832,,,3,0,"843","456"
6502,"0005-02-19","0005-07-19",12,2,"1480","593"
2155,,,76,1,"286","324"
3051,"2010-03-17","2010-07-17",0,0,"866","460"
5558,"0003-01-19","0003-07-19",0,0,"524","393"
2254,"0009-03-15","0009-10-15",4,1,"298","87"
357,,,1,0,"534","395"
4170,"0004-09-18",,0,0,"438","367"
9655,,,1,0,"2152","555"
7575,,,2,2,"1411","588"
4189,,,1,1,"319","352"
170,,,1,0,"444","370"
10219,,"0008-08-20",23,0,"445","371"
4467,,,0,1,"944","510"
2978,"0009-05-17",,2,0,"859","405"
10951,"2010-01-20","2010-08-20",6,1,"1671","391"
4568,,,0,0,"1005","371"
4301,,"0005-01-18",0,0,"506","383"
5687,,,2,2,"1173","562"
7460,"0007-04-19","0007-09-19",29,2,"283","85"
5420,,,10,0,"1011","535"
34,"0007-06-17","0007-10-17",77,1,"301","87"
7273,"0007-08-19","0007-11-19",0,0,"525","393"
10983,"2010-06-20","2010-12-20",1,0,"1525","522"
2581,"0009-10-17",,23,0,"766","442"
6802,"0006-02-19","0006-07-19",0,1,"944","510"
8127,,,3,0,"1232","566"
3269,,,1,0,"563","397"
2636,"0009-08-17",,7,0,"649","412"
6714,"0002-08-19",,4,0,"1505","594"
5347,,"2010-04-18",15,1,"714","391"
5284,"0005-01-18","0005-08-18",0,1,"974","87"
4855,,,4,0,"967","523"
8218,,,5,2,"1695","617"
5383,"2010-04-18","2010-11-18",3,1,"718","391"
10277,"0004-04-20",,10,2,"2224","588"
8666,"0002-06-20",,0,0,"1782","625"
7951,,"0009-07-19",34,0,"1495","594"
3158,"2010-11-17",,8,1,"714","391"
1118,"0007-07-17",,66,1,"176","333"
5114,"0005-01-18","0005-07-18",0,1,"309","352"
2605,,,8,1,"793","447"
9579,,,1,0,"1646","608"
4929,,,4,1,"261","85"
3766,,,0,1,"939","510"
6784,"0006-03-19","0006-06-19",1,1,"1512","346"
6906,"0005-08-19",,0,2,"282","194"
7415,"0007-04-19","0007-09-19",33,2,"1150","87"
5375,,"2010-06-18",43,0,"509","383"
6782,"0005-07-19","0005-12-19",4,0,"1501","594"
3335,,"2011-04-17",3,0,"485","376"
7613,,"0008-05-19",28,2,"1189","563"
7001,,,4,2,"242","87"
1739,,,12,1,"237","85"
8509,,"0001-03-20",23,0,"1749","621"
3920,,"0003-09-17",0,1,"938","510"
2696,,,0,1,"828","444"
2879,,,5,0,"477","375"
7365,,,8,2,"242","87"
4896,,,12,1,"1070","346"
6873,"0005-08-19",,1,2,"1143","87"
3712,,,3,1,"939","510"
2366,"0009-11-15",,50,1,"309","85"
9746,,"0007-08-20",0,1,"1017","536"
4770,,,16,1,"792","447"
6503,"0005-02-19","0005-07-19",26,2,"1481","593"
10396,,,56,0,"963","522"
934,,,15,1,"221","214"
3500,,,2,0,"536","396"
1664,"0005-02-18","0005-09-18",2,1,"161","335"
5212,,,45,0,"507","383"
907,,,6,1,"222","214"
2579,"0009-10-17",,5,0,"764","442"
8247,"0007-04-19",,42,2,"1720","618"
10754,"0009-03-20","0009-11-20",4,2,"369","80"
10323,"0007-07-20",,483,2,"2226","588"
10729,"0009-03-20",,5,2,"344","78"
5488,,"2012-02-18",23,0,"965","522"
6752,"0004-07-19",,0,0,"1495","594"
10361,"0008-06-20",,20,2,"2099","579"
5528,"0001-02-19","0001-09-19",10,0,"1121","558"
10645,"0009-05-20","0009-12-20",103,2,"271","324"
2323,"0009-10-15",,2,1,"304","88"
4239,,,1,1,"236","194"
10315,"0007-07-20",,1225,2,"2218","588"
7989,"2010-05-19","2010-10-19",164,0,"1645","608"
7743,,"0009-03-19",1,2,"1605","579"
6824,,,0,1,"1017","536"
2052,,"2010-03-14",68,1,"273","88"
7945,,"0009-07-19",19,0,"1501","594"
6925,"0006-07-19","0006-12-19",6,2,"1144","87"
3253,,,90,0,"902","470"
3924,,"0003-09-17",0,1,"942","510"
8307,"2010-01-19","2010-07-19",61,2,"310","87"
5594,"0003-10-19",,0,2,"264","87"
5592,"0003-10-19",,0,2,"281","87"
4755,,,2,1,"225","214"
1308,,,1,1,"159","335"
1573,,,8,1,"130","407"
7405,,,6,0,"1579","599"
11401,,"2011-04-20",33,2,"2357","659"
5466,"0008-03-18","0008-10-18",45,0,"1116","556"
9624,,"0006-02-20",0,0,"1646","608"
5729,,"0001-07-19",4,0,"1200","565"
1834,,,16,1,"245","87"
3037,,"2010-06-17",0,0,"597","410"
11172,"0007-09-20",,20,2,"2376","661"
3584,,,0,1,"946","510"
2686,"0007-07-17",,31,1,"831","444"
4806,,"0008-02-18",0,0,"1011","535"
2684,"0007-07-17",,20,1,"828","444"
665,"0009-04-17","0009-10-17",3,0,"619","415"
8861,,,0,2,"251","87"
6005,"0004-12-19",,1,2,"243","87"
9450,,"0004-03-20",1,2,"278","194"
7023,,,17,2,"283","85"
5799,,,0,0,"745","441"
11080,,,5,2,"281","324"
6630,,,1,0,"1497","594"
5202,"0005-01-18","0005-07-18",0,1,"271","324"
6058,"0004-07-19",,0,1,"828","444"
3019,,"2010-05-17",12,0,"459","369"
6401,"0005-09-19",,1,0,"759","440"
3461,,,4,1,"183","333"
10576,,"0008-01-20",64,2,"276","324"
9821,,,164,1,"1860","346"
4620,"0007-04-18","0007-12-18",0,1,"1019","536"
6883,"0005-08-19",,10,2,"280","352"
908,,,2,1,"225","214"
3722,,"0005-12-16",0,1,"940","510"
7739,,"0009-03-19",13,2,"1603","579"
9268,,,0,1,"937","510"
1152,,"0009-07-17",2,0,"167","334"
4231,,,1,1,"231","346"
1028,,"0005-04-17",2,0,"212","329"
6471,"0005-02-19","0005-07-19",4,2,"1449","590"
4002,,"0004-02-18",0,0,"562","396"
9424,,,0,0,"1224","440"
4835,,,0,0,"462","369"
9239,"0004-09-20",,35,2,"2048","635"
2856,"0005-07-17",,1,0,"838","456"
8076,,,3,0,"1642","612"
1569,"0003-01-16","0003-10-16",1,1,"142","407"
1018,,"0008-06-17",14,0,"208","328"
7521,,,14,2,"243","87"
9927,"0006-09-20",,5,2,"266","87"
3094,"2010-04-17","2010-11-17",0,1,"720","391"
545,"0009-01-17","0009-09-17",0,0,"485","376"
3889,"0002-03-17",,0,1,"937","510"
9290,"0004-10-20",,5,2,"1328","578"
8678,"0002-11-20",,2,0,"523","393"
1357,,,0,1,"157","335"
7309,"0007-07-19",,4,1,"793","447"
9143,,,0,1,"162","335"
10611,"0007-07-20","0007-11-20",2,2,"1272","528"
638,"0009-01-17","0009-08-17",7,0,"644","411"
7631,,"0008-04-19",12,2,"1604","579"
2226,"0009-03-15","0009-07-15",31,1,"295","88"
5040,,"0009-01-18",57,0,"447","370"
4630,"0007-01-18",,75,1,"984","528"
9381,"0004-06-20",,5,2,"93","589"
7238,"0007-02-19","0007-07-19",3,0,"1539","597"
7747,,"0009-03-19",5,2,"1354","579"
7318,,,19,1,"726","391"
3749,,,0,1,"940","510"
7337,,,22,2,"1153","87"
10273,"0004-04-20","0004-10-20",39,2,"2220","588"
647,"0009-01-17","0009-08-17",2,0,"648","412"
2992,,"2010-04-17",13,1,"723","391"
7478,"0007-09-19",,3,2,"1148","87"
6927,"0006-07-19","0006-12-19",3,2,"1146","87"
9964,"0007-03-20","0007-10-20",104,2,"311","87"
5192,"0005-07-18","0005-12-18",3,1,"289","324"
889,,,1,1,"225","214"
7188,,,0,1,"938","510"
11163,"0007-09-20",,98,2,"2371","661"
2250,,,16,1,"297","324"
128,,,1,1,"239","324"
1331,,,1,1,"148","335"
9403,,,0,0,"703","429"
5201,,"0005-01-18",0,1,"271","324"
7607,,"0008-05-19",73,2,"1183","563"
4181,"0004-12-18",,2,1,"308","89"
1693,"0004-03-12","0004-10-12",14,1,"16","91"
7075,"0009-02-15","0009-09-15",9,1,"53","595"
3401,"0004-06-17",,0,0,"901","470"
1912,"2010-08-14",,18,1,"254","87"
4440,,,0,1,"938","510"
5193,,"0005-01-18",1,1,"247","324"
9393,,,0,0,"1218","441"
604,"0009-01-17","0009-08-17",86,0,"612","414"
5416,,,4,0,"1107","469"
7019,,,69,2,"249","324"
2186,"0004-11-16",,5,1,"290","87"
1471,,,17,1,"579","407"
9667,"0006-06-20","0006-09-20",16,0,"1850","631"
9747,,"0007-08-20",0,1,"2164","536"
1915,,"0004-07-14",0,1,"255","87"
6136,,"0004-07-19",5,0,"1265","442"
5320,,,8,0,"1103","554"
3871,,,0,1,"939","510"
445,,"0009-01-17",21,0,"500","378"
3381,"2011-05-17","2011-11-17",19,0,"506","383"
5848,,"0009-01-18",11,0,"750","441"
2584,"0009-10-17",,3,0,"769","442"
7232,,"0007-06-19",0,1,"944","510"
9209,,,6,2,"2127","645"
7842,"0009-03-19","0009-09-19",0,0,"1198","564"
6822,,,6,0,"973","367"
4618,"0007-04-18","0007-12-18",2,1,"1017","536"
2313,,,23,1,"303","324"
620,"0009-01-17","0009-08-17",66,0,"626","411"
10305,"0004-04-20",,18,2,"1415","588"
10875,,,15,2,"1353","579"
10812,"0009-03-20",,61,2,"2352","659"
5550,,"0002-05-19",2,0,"524","393"
675,"0009-03-17","0009-10-17",20,0,"671","419"
7321,,,31,1,"1512","346"
10724,"0009-03-20","0009-11-20",14,2,"339","79"
9826,,,58,1,"1562","346"
7868,"0009-12-19",,21,0,"1645","608"
7582,,,55,2,"1419","588"
3136,"0009-05-17",,130,0,"883","463"
7153,,,0,0,"1529","522"
6255,,,4,2,"254","194"
7193,,,0,1,"943","510"
1422,,,1,1,"157","335"
5031,"0009-01-18","0009-09-18",16,0,"450","371"
2541,"0009-06-17",,14,1,"313","324"
1908,,"2010-04-14",24,1,"253","194"
6129,,,4,0,"1256","569"
3090,"2010-04-17","2010-11-17",30,1,"716","391"
4962,,"0005-01-18",1,1,"315","87"
5389,"2010-04-18","2010-11-18",11,1,"726","391"
1677,"0005-02-18","0005-09-18",2,1,"152","335"
10567,,"0008-01-20",144,2,"1152","87"
4998,,,10,2,"288","87"
10422,,,6,0,"508","383"
1429,,,1,1,"164","335"
6710,"0002-08-19",,6,0,"1501","594"
9154,,,3,0,"1582","601"
9091,"0004-11-20",,0,1,"2070","637"
1240,,,0,1,"161","335"
2647,"0009-08-17",,0,0,"663","412"
1585,,,5,1,"138","407"
11331,,"2011-03-20",21,2,"2479","76"
4662,"0007-09-18",,30,2,"242","324"
4578,,,0,0,"1006","369"
9100,"0004-11-20",,0,1,"2082","638"
1266,,,2,1,"145","335"
8280,,,14,2,"1738","620"
1489,,,4,1,"142","407"
5279,"0006-09-18",,0,1,"258","87"
4381,"0005-10-18",,0,0,"455","519"
5849,,"2010-03-18",30,0,"750","441"
8846,,,3,2,"261","87"
1197,,"0009-05-17",0,0,"549","396"
381,"0005-06-17",,2,0,"564","397"
8762,,"0004-04-20",1,0,"1821","629"
2440,,"0008-03-15",64,1,"320","88"
10148,"0007-11-20",,13,2,"264","324"
8863,,,4,2,"239","87"
400,"0004-12-17",,0,0,"568","398"
11044,,,42,0,"1664","612"
2255,,,9,1,"298","87"
9473,,"0004-03-20",2,2,"1147","89"
9126,,"0004-11-20",1,2,"2092","640"
10716,"0009-03-20","0009-11-20",7,2,"331","79"
5372,,"2010-06-18",45,0,"506","383"
2411,,,320,1,"315","87"
962,,"0009-04-17",5,0,"458","369"
10281,"0004-04-20",,161,2,"2228","588"
6161,,,1,0,"777","443"
6201,,,5,2,"1145","89"
266,"0005-01-17","0005-07-17",3,0,"505","383"
7013,,,89,2,"298","324"
10071,"0005-01-20","0005-07-20",1,2,"276","324"
4075,"0004-01-18","0004-09-18",4,1,"240","85"
914,"0009-10-16","0009-11-16",5,1,"222","214"
4584,,,2,0,"452","369"
5560,"0003-01-19","0003-07-19",2,0,"1014","393"
258,"0004-08-17",,1,0,"511","388"
1766,,,7,1,"239","87"
1093,"0004-05-17",,1,1,"172","333"
521,"0007-10-17",,9,0,"593","409"
5455,"2011-09-18",,11,0,"523","393"
906,,,2,1,"221","214"
7367,,,47,2,"258","352"
8223,,,18,2,"1700","617"
2818,,,0,0,"663","412"
4959,"0006-09-18",,1,1,"281","87"
7750,,"0009-03-19",1,2,"1350","579"
1510,"0009-08-15","0009-12-15",4,1,"578","407"
4364,"0005-10-18",,0,0,"449","371"
7809,"0009-07-19","0009-12-19",6,0,"1555","551"
2772,,,12,0,"617","416"
8623,,,0,0,"1773","470"
833,,"0009-06-17",0,0,"732","433"
7969,,,5,2,"1284","528"
974,,"0005-06-17",13,0,"199","325"
301,,,13,0,"490","377"
6337,,"0005-03-19",39,2,"1335","578"
5929,,,0,2,"247","87"
7172,,,87,1,"66","595"
5683,,,2,2,"1169","562"
8293,"0007-09-19",,2503,2,"1739","620"
6070,,,3,0,"436","367"
3805,"0008-03-16","0008-08-16",9,1,"938","510"
5292,,,7,1,"306","353"
9675,"0006-06-20","0006-09-20",0,0,"1858","631"
49,,"0005-08-17",2,1,"241","87"
4228,,,3,0,"901","470"
10548,"0007-01-20",,23,2,"122","646"
5896,,,0,2,"311","194"
287,,"0008-05-17",4,0,"490","377"
2163,,,1,1,"288","89"
1387,,,7,1,"145","335"
6729,"0003-02-19",,3,0,"1496","594"
4281,,,0,0,"549","396"
6462,"0005-05-19","0005-10-19",4,2,"1439","589"
3688,"0004-06-16","0004-11-16",0,1,"942","510"
10435,,"0009-05-20",4,1,"223","214"
2807,,,1,0,"649","412"
1665,"0005-02-18","0005-09-18",1,1,"162","335"
8210,,"0005-03-19",3,2,"1713","617"
1827,"2010-08-14",,11,1,"245","87"
1011,"0005-01-17","0005-07-17",2,0,"207","328"
9983,"0007-10-20",,158,2,"311","87"
5964,,,5,2,"319","85"
4353,,,0,1,"725","391"
3291,,,23,0,"506","383"
10610,"0007-07-20","0007-11-20",8,2,"1271","528"
9426,,,0,0,"759","440"
6000,"0004-12-19",,0,2,"1148","87"
11010,"2010-10-20",,22,2,"271","324"
7174,,,418,1,"63","595"
3054,"2010-03-17","2010-06-17",1,0,"868","460"
158,,,1,0,"452","369"
6560,,,332,1,"312","94"
3664,,,2,1,"946","510"
6497,"0005-02-19","0005-07-19",3,2,"1475","592"
9515,,"0004-04-20",2,2,"264","352"
1214,"0007-08-15","0007-12-15",4,1,"155","335"
11225,,,2,2,"2431","663"
10121,,"0007-03-20",114,2,"293","324"
10018,"0004-04-20","0004-09-20",1,2,"246","324"
9732,,,0,1,"947","510"
1105,"0004-05-17",,2,1,"184","333"
7406,,,0,0,"1257","555"
7770,,"0009-04-19",7,0,"1008","369"
6872,"0005-08-19",,0,2,"240","87"
11215,,,2,2,"2421","618"
3364,"2011-01-17","2011-06-17",10,0,"913","372"
2523,"0007-02-17","0007-10-17",1,0,"770","442"
8273,"2011-06-19","2011-11-19",40,0,"1528","522"
891,,,8,1,"222","214"
3297,,,1,0,"887","467"
10862,,,47,1,"718","391"
10124,,"0007-03-20",35,2,"1150","324"
10837,"0009-12-20",,40,2,"245","194"
8675,"0002-06-20",,0,0,"1792","625"
3699,"0004-11-16",,0,1,"944","510"
9733,,"0007-03-20",5,1,"936","510"
6429,"0004-12-19",,2,2,"1407","588"
454,"0009-01-17","0009-03-17",4,0,"570","399"
9180,,,0,2,"2112","642"
10118,,"0007-03-20",17,2,"305","324"
1081,,"0009-05-17",4,0,"482","375"
6810,"0006-07-19",,0,1,"940","510"
10154,"0007-11-20",,100,2,"295","324"
9481,,"0004-03-20",2,2,"240","87"
6728,"0003-02-19",,1,0,"1495","594"
9521,,"0004-04-20",2,2,"281","352"
2932,,,11,0,"443","370"
7212,,,0,0,"1300","575"
2745,"0009-06-17",,4,0,"492","377"
6924,"0006-07-19","0006-12-19",37,2,"1138","87"
2417,,,3,1,"315","88"
7759,,"0009-04-19",5,0,"954","371"
7942,,"2010-06-19",2,0,"1588","586"
6878,"0005-08-19",,2,2,"264","352"
10344,,,17,2,"1423","588"
6836,,,0,1,"942","510"
6672,,,0,0,"453","518"
9404,,,0,0,"1672","429"
8996,,"0004-04-20",8,2,"1980","99"
8607,,,6,0,"963","522"
2367,,,126,1,"309","324"
7627,,"0008-04-19",2,2,"1356","579"
11379,,"2011-04-20",29,2,"2345","73"
6239,,,4,2,"295","85"
590,"0009-01-17","0009-08-17",0,0,"598","414"
6317,,,542,2,"1315","577"
2502,"0004-09-17",,5,0,"763","442"
3478,,"0009-01-17",0,1,"182","333"
9228,"0004-09-20",,15,2,"2037","635"
9920,,,2,2,"1760","87"
6309,,,535,2,"1307","577"
8816,,,2,2,"299","324"
2494,"0009-09-17","0009-12-17",13,0,"213","349"
4898,,,54,1,"1072","345"
1655,"0005-02-18","0005-09-18",2,1,"158","335"
2919,,,7,0,"739","439"
1144,"0008-11-17",,2,1,"185","333"
6322,,"0005-03-19",43,2,"1320","578"
549,"0009-01-17","0009-09-17",3,0,"489","376"
8257,,,42,2,"1730","619"
6951,"0006-07-19","0006-12-19",5,2,"245","324"
730,,,3,0,"679","420"
2606,"0009-06-17",,1,0,"195","331"
4135,"0004-11-18",,1,1,"271","352"
9742,"0007-03-20","0007-08-20",1,1,"940","510"
4949,"0009-01-18","0009-05-18",3,2,"280","87"
11046,,,96,0,"1642","612"
1950,"0009-11-15",,14,1,"259","194"
11391,,"2011-04-20",32,2,"2347","659"
9759,"0007-09-20",,5,0,"1348","555"
8024,"2010-12-19",,10,0,"1136","560"
9021,"0004-04-20","0004-09-20",1,2,"2005","83"
9101,"0004-11-20",,0,1,"2083","638"
2939,,"2010-02-17",9,1,"792","447"
10851,,,20,2,"1146","85"
3673,,,0,1,"945","510"
11156,,"0004-07-20",7,2,"2368","661"
8199,,"0005-03-19",2,2,"1702","617"
3671,,,0,1,"943","510"
7173,,,103,1,"56","595"
10843,"0009-12-20",,23,2,"239","194"
9270,,,0,1,"939","510"
4172,"0004-09-18",,0,0,"432","366"
8942,,"0004-01-20",5,2,"1934","86"
5331,,,15,0,"1048","349"
5043,,"0009-01-18",5,0,"1006","369"
3695,"0004-11-16",,1,1,"940","510"
9628,,"0006-02-20",0,0,"1667","610"
9750,,"0007-08-20",0,1,"2166","536"
4427,,,0,1,"941","510"
6099,"0004-10-19",,2,0,"1135","559"
8831,,,3,2,"298","352"
11073,,,1,2,"305","324"
5260,"0005-01-18","0005-08-18",0,1,"286","87"
3952,"0003-05-18",,0,1,"938","510"
7439,"0007-04-19","0007-09-19",18,2,"313","87"
4848,,"0008-01-18",0,0,"461","519"
688,"0009-03-17","0009-10-17",10,0,"667","417"
1744,,,7,1,"237","87"
4186,,,1,1,"309","352"
9793,,,3,0,"2155","555"
8039,,,7,1,"714","391"
4041,,"0004-03-18",3,1,"300","324"
6386,,,162,2,"1379","580"
2878,,,10,1,"832","444"
11135,,"2011-07-20",15,2,"251","87"
10849,,,168,2,"254","85"
2567,,"0008-03-17",2,0,"786","445"
1282,"0009-03-15","0009-06-15",0,1,"143","335"
9947,,"0007-03-20",41,2,"265","87"
2666,"0009-01-17","0009-08-17",5,0,"805","451"
4134,,,1,1,"298","87"
10231,,"0008-08-20",3,0,"1007","369"
3419,"2010-10-17",,11,0,"465","373"
4498,"0006-06-18",,6,1,"240","85"
1112,"0007-07-17",,126,1,"170","333"
9165,"0004-08-20",,1,1,"725","391"
4576,,,0,0,"1025","370"
2128,"2010-08-14",,68,1,"281","87"
5426,,"2011-03-18",10,1,"221","214"
5996,"0004-12-19",,3,2,"316","87"
1020,"0008-06-17",,0,0,"207","328"
5422,,,32,1,"791","447"
2667,"0009-01-17","0009-08-17",0,0,"806","451"
2991,,"2010-04-17",3,1,"722","391"
4051,,"0004-01-18",6,1,"283","85"
7660,"0008-01-19","0008-06-19",13,0,"1581","600"
1378,,,6,1,"158","335"
10737,"0009-03-20",,5,2,"352","78"
4966,,,14,2,"315","87"
1723,"0004-02-12","0004-10-12",0,1,"312","94"
2047,"0005-09-14",,0,1,"271","89"
3984,,,0,0,"451","369"
8184,"0007-06-19",,162,2,"1308","577"
11303,,"2011-03-20",12,2,"338","79"
8691,,,0,0,"1789","625"
7610,,"0008-05-19",8,2,"1186","563"
6243,,,8,2,"319","85"
8750,,,0,0,"524","393"
11032,"2010-10-20",,35,2,"259","87"
11297,,"2011-03-20",23,2,"333","79"
9093,"0004-11-20",,0,1,"2072","637"
3995,,,0,1,"943","510"
10622,"0009-05-20","0009-12-20",41,2,"291","87"
10519,"0007-01-20",,27,2,"106","646"
4115,,,0,1,"315","87"
11352,,"2011-03-20",48,2,"401","75"
7028,,,16,2,"1151","85"
10942,,"2010-04-20",11,2,"1760","87"
4742,,,25,1,"144","335"
5394,"2010-07-18",,44,0,"506","383"
6408,"0005-09-19",,1,0,"1230","566"
10566,,"0008-01-20",69,2,"1151","87"
2715,"0004-10-17",,0,1,"831","444"
919,"2010-08-16","2010-09-16",11,1,"220","214"
4507,"0006-06-18",,144,1,"295","352"
5710,"0004-01-19","0004-12-19",9,2,"1180","563"
11130,,"2011-07-20",4,2,"282","87"
3279,"2010-07-17",,1,0,"565","397"
1586,,,25,1,"139","407"
7479,"0007-09-19",,11,2,"1147","87"
3603,,,0,1,"942","510"
10842,"0009-12-20",,33,2,"263","194"
10758,"0009-03-20","0009-11-20",2,2,"373","76"
5414,,,17,0,"892","469"
5433,,"2011-03-18",8,0,"1043","522"
2087,"2010-08-14",,13,1,"276","87"
7164,,,49,1,"54","595"
26,"0007-06-17","0007-10-17",6,1,"312","87"
2758,,,7,1,"792","447"
2390,"0004-11-14",,4,1,"313","85"
1309,,,0,1,"161","335"
6832,,,0,1,"945","510"
9829,"0004-03-20","0004-09-20",3,2,"291","87"
7890,,,0,0,"524","393"
8359,,,16,2,"278","353"
5482,,"2012-02-18",1,0,"1041","522"
3728,,"0005-12-16",0,1,"947","510"
6786,"0006-03-19","0006-06-19",1,1,"1515","346"
3175,"2010-12-17",,2,0,"461","369"
8719,"0003-01-20","0003-06-20",0,0,"1793","625"
6170,"0004-06-19",,26,2,"1271","528"
9718,"0006-08-20",,0,1,"945","510"
8616,,,19,0,"1526","522"
6536,,,341,1,"22","92"
1274,"0009-03-15","0009-06-15",2,1,"155","335"
7228,,"0007-06-19",0,1,"1019","536"
8002,"2010-06-19","2010-12-19",1,0,"1596","586"
1741,,,17,1,"237","87"
1657,"0005-02-18","0005-09-18",4,1,"159","335"
5609,"0003-10-19",,0,2,"284","87"
3325,,"2011-03-17",90,0,"902","470"
1958,,,25,1,"261","87"
1628,,,36,1,"141","407"
3725,,"0005-12-16",0,1,"943","510"
3071,,"2010-07-17",1,1,"832","444"
10106,"0006-09-20",,44,2,"295","324"
5069,"0009-01-18","0009-09-18",0,0,"460","519"
9677,"0006-06-20","0006-09-20",1,0,"2160","631"
10676,,"0009-05-20",88,2,"1024","324"
2659,"0009-01-17","0009-08-17",0,0,"798","452"
6287,"0005-01-19","0005-07-19",1,0,"1217","441"
9774,"0007-08-20",,13,1,"728","391"
3795,,,44,1,"953","512"
9278,,,0,1,"947","510"
6033,"0004-12-19",,0,2,"283","194"
363,,,0,0,"535","396"
1259,,,0,1,"160","335"
6805,"0006-02-19","0006-07-19",0,1,"947","510"
3848,"0008-12-16",,5,1,"940","510"
6353,,,1,0,"508","383"
10410,,,1,0,"1531","522"
7922,"0009-11-19",,9,0,"1265","442"
2048,,,14,1,"272","87"
9491,,"0004-03-20",2,2,"1094","87"
5861,"0001-06-19",,3,0,"755","440"
9979,"0007-10-20",,105,2,"1763","87"
4940,"0005-01-18","0005-08-18",1,1,"317","89"
6673,,,0,0,"451","518"
10505,,"0007-04-20",73,2,"86","591"
11319,,"2011-03-20",22,2,"353","80"
8545,,,1,0,"741","441"
7645,,,1,0,"1008","369"
8379,"2011-11-19",,16,0,"1751","621"
7807,,"0009-05-19",4,0,"1642","612"
10293,"0004-04-20",,166,2,"2239","588"
5664,,,0,1,"1070","346"
1115,"0007-07-17",,35,1,"173","333"
6823,,,0,1,"1016","536"
5925,,,0,2,"244","353"
8066,,,5,0,"1652","564"
11145,,"2011-07-20",3,2,"305","324"
6903,"0005-08-19",,5,2,"254","85"
7330,,,7,1,"1560","346"
2476,,,4,0,"750","441"
5290,,,5,1,"297","353"
8651,,"0002-06-20",0,0,"1782","625"
1778,,"0005-07-15",74,1,"240","85"
6037,"0004-12-19",,5,2,"311","194"
630,"0009-01-17","0009-08-17",11,0,"636","411"
7257,"0007-12-19",,7,0,"1496","594"
1608,"0007-06-16","0007-10-16",5,1,"141","407"
9173,,,0,2,"2105","641"
384,"0007-01-17","0007-09-17",11,0,"515","390"
2014,,,7,1,"267","324"
2441,"0009-03-15","0009-07-15",16,1,"320","88"
2420,"2010-08-15",,6,1,"315","88"
9413,,,17,0,"1205","565"
9453,,"0004-03-20",1,2,"316","353"
3539,"0001-07-18","0001-12-18",8,1,"830","444"
1907,,,2,1,"253","194"
9611,,"0005-10-20",0,0,"2148","383"
2351,,,46,1,"307","89"
4288,,,0,0,"561","396"
4938,"0009-01-18","0009-05-18",17,2,"278","87"
8221,,,125,2,"1698","617"
7874,"0009-05-19","0009-11-19",25,0,"1025","370"
7914,,"2010-01-19",36,0,"1644","608"
1895,"0009-03-15","0009-07-15",7,1,"252","88"
1548,"0001-04-16",,8,1,"584","407"
446,,,4,0,"567","398"
2587,"0009-10-17",,3,0,"772","442"
5931,,,4,2,"285","87"
7603,,"0008-05-19",42,2,"1179","563"
9029,"0004-04-20","0004-09-20",7,2,"2014","83"
6520,,,18,1,"6","90"
1218,"0007-08-15","0007-12-15",3,1,"159","335"
7639,,"0008-05-19",1,0,"450","371"
1847,,,6,1,"247","87"
7475,"0007-09-19",,41,2,"1150","87"
5679,,,1,2,"1165","562"
2253,"2010-08-14",,12,1,"298","87"
5719,,"2010-02-18",6,0,"1197","564"
3475,,"0009-01-17",8,1,"175","333"
2922,,,7,0,"214","349"
5858,,"0009-03-18",29,0,"1221","440"
2369,,,24,1,"309","324"
10403,,,75,0,"1523","522"
4020,,"0004-03-18",1,1,"938","510"
3814,"0008-08-16","0008-09-16",5,1,"942","510"
123,,,2,1,"285","324"
447,,,4,0,"568","398"
2180,,"2010-04-14",29,1,"289","194"
3709,,,0,1,"945","510"
1629,,,12,1,"584","407"
5177,"0009-08-18",,8,1,"983","528"
9398,,,2,0,"1649","564"
527,,"0009-09-17",4,1,"265","353"
11232,,"0007-10-20",47,2,"2433","663"
6275,"0005-03-19","0005-06-19",0,0,"1257","555"
5846,,"2012-06-17",0,0,"750","441"
2195,"0009-10-15",,3,1,"291","88"
10555,,"0008-01-20",74,2,"311","87"
6961,"0006-07-19","0006-12-19",9,2,"1145","324"
3066,,"2010-07-17",4,0,"864","458"
4267,,,2,1,"253","353"
5123,"0005-01-18","0005-07-18",17,1,"291","352"
5693,,"0004-08-19",2,0,"900","470"
1981,"0007-10-15",,0,1,"265","88"
206,"0007-06-17","0007-12-17",0,0,"460","369"
6844,"0005-08-19",,3,2,"247","87"
9902,"0005-01-20","0005-07-20",2,2,"1762","87"
8922,,"0004-02-20",4,2,"1914","97"
5595,"0003-10-19",,1,2,"258","87"
5166,"0009-11-18",,21,2,"289","324"
1759,,"0004-07-14",0,1,"238","87"
4552,,,0,1,"945","510"
10588,"0009-03-20","0009-09-20",28,0,"1642","612"
1839,,,189,1,"246","87"
2899,,,15,0,"499","378"
10279,"0004-04-20","0004-10-20",14,2,"2226","588"
5343,"0009-10-18",,4,0,"888","467"
7728,,,7,0,"1523","522"
9358,"0004-10-20",,10,2,"97","646"
2689,"0007-07-17",,21,1,"827","444"
10233,,"0008-08-20",0,0,"448","369"
5703,"0004-01-19",,0,2,"1187","563"
9638,,"0006-02-20",0,1,"943","510"
9861,,,2,2,"1151","87"
2193,,"0008-03-15",119,1,"291","88"
6618,"0005-03-13","0005-06-13",14,1,"262","95"
8208,,"0005-03-19",1,2,"1711","617"
3293,,,9,0,"508","383"
7878,"0009-11-19",,35,0,"447","370"
7470,"0007-09-19",,136,2,"289","87"
3575,,,0,1,"937","510"
9708,"0004-01-20","0004-06-20",10,2,"236","353"
9544,"0005-07-20","0005-11-20",0,1,"945","510"
9462,,"0004-03-20",2,2,"247","85"
8581,,,8,0,"1654","440"
9988,"0007-10-20",,97,2,"282","87"
10987,"2010-06-20","2010-12-20",0,0,"1530","522"
9599,,,0,1,"942","510"
8941,,"0004-01-20",19,2,"1933","86"
6554,,,115,1,"40","93"
5534,"0001-02-19","0001-09-19",0,0,"1127","558"
2699,,,11,1,"831","444"
150,"0007-06-17",,0,0,"449","371"
2005,"2010-08-15",,63,1,"266","88"
7490,"0007-09-19",,38,2,"239","87"
7204,,"0007-02-19",136,1,"829","444"
7061,"0009-09-15",,3,1,"50","595"
1269,,,0,1,"148","335"
6632,,,1,0,"1499","594"
10893,,"2010-02-20",0,1,"831","444"
4550,,,0,1,"943","510"
1057,"0007-01-17",,64,0,"197","330"
7295,,,6,0,"1062","551"
6622,"0005-01-13","0005-06-13",9,1,"242","95"
9232,"0004-09-20",,33,2,"2041","635"
4580,,,0,0,"459","369"
6679,,,0,1,"941","510"
1884,,,4,1,"251","194"
9081,"0004-09-20",,0,0,"1538","597"
67,,,1,1,"236","353"
8244,"0005-02-19",,24,2,"1721","618"
9773,"0007-08-20",,2,1,"726","391"
10526,,"0007-04-20",38,2,"1427","589"
1186,,"0009-05-17",2,0,"537","396"
5386,"2010-04-18","2010-11-18",40,1,"723","391"
8669,"0002-06-20",,0,0,"1786","625"
8219,,,6,2,"1696","617"
11359,,"2011-03-20",32,2,"399","75"
10358,,"0007-10-20",87,2,"2051","635"
5647,,,3,2,"245","85"
5521,"2012-02-18","2012-09-18",6,0,"1127","558"
9946,,"0007-03-20",8,2,"266","87"
1483,,,87,1,"583","407"
10455,"0007-02-20","0007-07-20",364,2,"1340","578"
6947,"0006-07-19","0006-12-19",11,2,"1024","352"
11065,,,19,2,"1152","87"
8087,,,13,0,"703","429"
11370,,"2011-04-20",19,2,"921","73"
7677,"0007-08-19","0007-12-19",16,2,"1286","528"
10346,"0007-07-20",,540,2,"1415","588"
8735,"0003-12-20",,0,0,"1859","631"
10876,,,15,2,"1599","579"
2821,,,2,0,"731","433"
251,,,1,0,"465","373"
8632,"0001-10-20",,0,0,"702","429"
8712,"0003-01-20","0003-06-20",0,0,"1785","625"
1452,,,18,1,"130","407"
3082,"2010-07-17",,1,0,"882","462"
6079,"0003-06-19",,1,0,"436","367"
4874,"0008-06-18",,8,1,"938","510"
8361,,,8,2,"246","353"
8523,"0001-03-20","0001-06-20",3,0,"1747","621"
9379,"0004-06-20",,32,2,"1693","589"
4933,,"0005-01-18",1,1,"278","87"
6664,,,3,0,"1027","369"
1341,"0007-07-16","0007-10-16",0,1,"161","335"
8008,"2010-09-19",,15,0,"1640","611"
1421,,,1,1,"156","335"
7007,,,22,2,"1024","352"
5924,,,0,2,"278","353"
8084,,,9,0,"1541","597"
8919,,"0004-02-20",3,2,"1911","97"
48,,,1,1,"241","87"
6818,,,6,0,"436","367"
10303,"0004-04-20",,11,2,"1423","588"
8099,,,52,1,"728","391"
3388,"2011-04-17","2011-12-17",20,0,"481","375"
2347,"2010-08-14",,26,1,"307","87"
4854,,,0,0,"970","523"
4099,"0004-10-18",,0,1,"831","444"
7235,,"0007-06-19",0,1,"947","510"
1056,"0005-09-17",,1,0,"197","330"
9048,"0004-04-20","0004-09-20",7,2,"2033","82"
2339,"0009-03-15","0009-10-15",0,1,"306","87"
6152,,,0,1,"723","391"
6619,"0005-01-13","0005-06-13",3,1,"44","95"
7883,"0009-04-19","0009-10-19",2,0,"453","369"
3641,"2010-04-17","2010-12-17",1,1,"947","510"
5639,,,0,2,"314","85"
499,"0008-10-17",,5,1,"586","408"
2823,,,0,0,"733","433"
3414,,,3,0,"926","504"
8792,,,0,0,"1854","631"
7219,"0006-01-19",,6,0,"436","367"
7871,"0009-05-19","0009-11-19",11,0,"447","370"
7381,,,86,2,"295","324"
1322,,,1,1,"157","335"
77,,,3,1,"311","85"
2542,"0009-06-17",,19,1,"239","324"
9243,"0004-09-20",,11,2,"2052","635"
4450,,,0,1,"1020","536"
6713,"0002-08-19",,12,0,"1504","594"
10322,"0007-07-20",,2095,2,"2225","588"
3775,,"0007-10-16",3,1,"949","512"
8057,,,13,0,"1208","565"
7975,,,4,2,"1291","528"
8484,,,2,0,"1770","621"
5239,"0009-01-18","0009-05-18",8,2,"246","87"
6095,"0003-08-19",,10,0,"971","366"
11027,"2010-04-20","2010-10-20",17,2,"1094","87"
196,"0008-07-17",,0,0,"460","369"
3130,"2010-08-17",,2,1,"832","444"
213,"0007-06-17","0007-12-17",0,0,"453","369"
11204,"0007-02-20",,77,2,"2395","662"
2211,"0009-10-15",,11,1,"292","88"
985,,,4,0,"198","325"
411,"0008-05-17","0008-12-17",8,0,"572","401"
7711,,,3,2,"1296","528"
388,"0007-01-17","0007-09-17",20,0,"519","390"
2794,,,3,0,"598","414"
5566,"0003-09-19",,1,1,"222","214"
4485,,,1,1,"236","324"
3053,"2010-03-17","2010-06-17",1,0,"868","460"
10292,"0004-04-20",,105,2,"2238","588"
8986,,"0004-05-20",1,1,"1507","587"
2763,,,8,1,"793","447"
662,"0009-01-17","0009-08-17",3,0,"663","412"
9369,"0004-10-20",,19,2,"85","591"
2721,,,3,1,"831","444"
1354,"0007-07-16","0007-10-16",8,1,"152","335"
3026,,"2010-05-17",6,0,"452","369"
2210,"0009-03-15","0009-07-15",5,1,"292","88"
7634,,"0008-05-19",4,0,"449","371"
8591,,,0,0,"1657","566"
11262,,"2011-04-20",15,2,"2448","78"
8366,,,246,2,"308","324"
7672,"0007-08-19","0007-12-19",32,2,"1281","528"
10690,,"0007-11-20",66,2,"2328","658"
9363,"0004-10-20",,6,2,"102","646"
84,,,4,1,"250","85"
3571,,,1,1,"832","444"
1939,"0009-03-15","0009-10-15",1,1,"257","87"
10789,"0009-03-20",,7,2,"404","73"
6177,"0004-06-19",,9,2,"1277","528"
9664,"0006-06-20","0006-09-20",32,0,"2157","632"
1344,"0007-07-16","0007-10-16",0,1,"164","335"
9582,,,0,0,"1666","610"
5399,"2010-06-18",,15,0,"892","469"
2360,,,74,1,"308","89"
7784,"0009-06-19","0009-09-19",6,0,"1042","522"
3374,,"2011-10-17",3,0,"192","332"
4861,,"0008-06-18",8,1,"938","510"
4268,,,2,1,"317","87"
10874,,,29,2,"2251","579"
9423,,,3,0,"755","440"
9663,"0006-06-20","0006-09-20",47,0,"1849","632"
5890,"0001-06-19",,0,0,"1234","566"
7072,,,4,1,"52","595"
2565,"0004-02-17","0004-09-17",0,0,"786","445"
5440,"2010-11-18",,14,1,"713","391"
4950,,"0005-01-18",1,1,"305","87"
6132,,"0004-07-19",4,0,"1261","442"
1135,"0008-11-17",,9,1,"173","333"
6475,"0005-02-19","0005-07-19",13,2,"1453","590"
2803,,,10,0,"609","414"
965,,"0009-04-17",2,0,"461","369"
5428,,"2011-03-18",43,1,"223","214"
10097,"0006-09-20",,10,2,"262","324"
8873,,"0004-02-20",12,2,"1865","98"
8526,"0001-03-20","0001-06-20",1,0,"1770","621"
9933,"0006-09-20",,6,2,"283","87"
1327,,,0,1,"143","335"
2019,,,3,1,"268","85"
7544,,,7,2,"1374","580"
3525,,,295,0,"708","432"
9885,"0005-01-20","0005-07-20",0,2,"319","87"
3155,"2010-11-17",,7,1,"521","391"
9271,,,0,1,"940","510"
10678,,"0009-05-20",55,2,"276","324"
10962,"2010-08-20","2010-11-20",2,0,"2082","638"
2907,,"2010-01-17",23,0,"507","383"
5109,"0009-09-18",,11,2,"291","352"
7290,,,13,1,"1552","561"
581,"0009-03-17","0009-10-17",5,1,"271","352"
7616,,"0008-05-19",51,2,"1192","563"
438,,"0009-01-17",6,0,"485","376"
6800,"0006-02-19","0006-07-19",0,1,"942","510"
9614,,,0,1,"938","510"
5025,,"0009-01-18",3,0,"445","371"
2739,"0009-09-17",,0,0,"486","376"
7856,"0009-02-19","0009-11-19",27,0,"1660","566"
2920,,,15,0,"740","439"
7242,"0005-07-19","0005-12-19",3,0,"1505","594"
1305,,,3,1,"155","335"
11398,,"2011-04-20",31,2,"2354","659"
11030,"2010-10-20",,3,2,"282","87"
9480,,"0004-03-20",3,2,"243","87"
8521,"0001-03-20","0001-07-20",0,0,"1758","622"
874,,"0009-05-17",25,1,"232","346"
2096,,,25,1,"277","87"
157,,,0,0,"451","369"
113,,,3,1,"267","85"
3964,,,1,0,"524","393"
4086,"0004-02-18","0004-11-18",5,1,"245","194"
3882,,"0002-03-17",1,1,"940","510"
8347,,,63,2,"291","89"
5773,,"2010-02-18",1,0,"1211","565"
7363,,,5,2,"240","87"
8114,,,9,0,"1657","566"
1914,,,8,1,"254","87"
78,,,2,1,"283","89"
8987,,"0004-05-20",1,1,"1509","587"
9578,"0005-11-20",,0,1,"947","510"
10697,,"0007-11-20",391,2,"2335","658"
6718,,"0003-02-19",3,0,"1497","594"
987,"0005-01-17","0005-07-17",6,0,"201","326"
9286,"0004-10-20",,7,2,"1325","578"
2352,,,14,1,"307","89"
9040,"0004-04-20","0004-09-20",3,2,"2025","83"
2779,,,16,0,"624","413"
3288,,,0,0,"566","397"
66,,,2,1,"276","353"
634,"0009-01-17","0009-08-17",2,0,"640","411"
3366,"2011-03-17","2011-07-17",7,0,"522","393"
3957,"0003-05-18",,0,1,"943","510"
2813,,,8,0,"657","412"
9032,"0004-04-20","0004-09-20",6,2,"2017","83"
10357,,"0007-10-20",655,2,"2050","635"
2098,"0009-03-15","0009-10-15",5,1,"278","87"
9806,"0007-08-20",,0,1,"2172","536"
11335,,"2011-03-20",18,2,"381","76"
11354,,"2011-03-20",130,2,"398","75"
7356,,,9,2,"313","87"
2971,"0009-05-17",,2,0,"824","405"
174,,,2,0,"448","370"
9941,,"0007-03-20",40,2,"1763","87"
9125,"0004-12-20",,0,0,"1642","612"
6759,"0004-07-19",,1,0,"1502","594"
10612,"0007-07-20","0007-11-20",8,2,"1273","528"
8572,,,2,0,"1211","565"
2433,"0004-11-16",,3,1,"320","87"
3350,,,2,0,"124","337"
3918,,"0003-09-17",0,1,"936","510"
940,"0009-02-17","0009-03-17",13,1,"221","214"
3672,,,1,1,"944","510"
11115,,,24,2,"306","324"
633,"0009-01-17","0009-08-17",1,0,"639","411"
5792,"0001-04-19",,1,0,"742","441"
5506,,"2012-07-18",41,1,"725","391"
8074,,,190,0,"1641","612"
1584,,,14,1,"583","407"
1441,"0007-08-15","0007-11-15",5,1,"582","407"
1298,"0009-10-15",,0,1,"145","335"
1195,,"0009-05-17",1,0,"547","396"
9492,,"0004-03-20",1,2,"282","87"
6331,,"0005-03-19",26,2,"1329","578"
4735,,,99,1,"159","335"
5099,,"0005-01-18",1,1,"295","85"
9339,"0004-10-20",,15,2,"112","81"
6117,,"0004-04-19",0,0,"1026","369"
3425,,,11,0,"899","470"
9522,,"0004-04-20",2,2,"1150","352"
3505,,,0,0,"541","396"
5442,"2010-11-18",,2,1,"715","391"
1995,,,41,1,"266","87"
1728,"0004-02-12","0004-10-12",3,1,"266","95"
6214,,,11,2,"289","87"
2481,,,1,0,"745","441"
3684,"0004-06-16","0004-11-16",0,1,"937","510"
10860,,,66,1,"715","391"
10309,"0004-04-20",,12,2,"2246","588"
3354,,"2011-01-17",0,0,"464","372"
1518,"0009-08-15","0009-12-15",3,1,"134","407"
11041,"2010-12-20",,112,0,"1638","611"
6635,,,4,0,"1502","594"
8103,,,61,0,"755","440"
5920,,,1,2,"286","353"
4696,"0007-09-18",,0,1,"722","391"
7508,,,16,2,"1152","87"
1268,,,1,1,"147","335"
5794,,,6,0,"744","441"
1550,"0003-01-16","0003-10-16",1,1,"578","407"
1609,"0007-06-16","0007-10-16",6,1,"584","407"
3260,"2010-01-17","2010-11-17",43,0,"506","383"
5805,,"0009-01-18",9,0,"1214","441"
10495,,"0007-04-20",32,2,"110","81"
686,"0009-03-17","0009-10-17",35,0,"674","418"
10005,,,44,2,"1093","87"
5210,,,17,0,"505","383"
10796,"0009-03-20",,5,2,"921","73"
10510,"0007-01-20",,105,2,"102","646"
8470,,,1,0,"1755","622"
7837,"0009-03-19","0009-09-19",4,0,"1210","565"
1189,,"0009-05-17",0,0,"540","396"
4676,"0007-09-18",,2,2,"266","87"
4064,"0004-01-18","0004-09-18",7,1,"283","85"
495,"0007-04-17","0007-11-17",3,1,"588","408"
3023,,"2010-05-17",4,0,"455","369"
9242,"0004-09-20",,12,2,"2051","635"
4834,,,2,0,"1025","370"
7709,,,1,2,"1295","528"
1366,,,2,1,"144","335"
3465,,,7,1,"187","333"
10500,,"0007-04-20",11,2,"85","591"
2546,"0009-10-17",,8,1,"305","87"
2607,"0009-06-17",,0,0,"196","331"
5135,,,74,2,"309","352"
8275,"2011-06-19","2011-11-19",15,0,"1530","522"
1953,,"0008-03-15",276,1,"260","88"
11373,,"2011-04-20",27,2,"2339","73"
3583,,,0,1,"945","510"
4561,,"0007-01-18",34,1,"847","351"
9066,"0004-03-20","0004-11-20",1,0,"1257","555"
3682,,"0004-06-16",0,1,"945","510"
10450,"0007-02-20","0007-07-20",224,2,"1332","578"
5453,"2010-11-18",,2,1,"729","391"
6877,"0005-08-19",,2,2,"262","352"
1859,"0009-03-15","0009-07-15",0,1,"248","88"
1123,"0007-07-17",,39,1,"181","333"
3182,"2010-12-17",,3,0,"454","369"
10663,,"0009-05-20",4,2,"259","87"
528,,"0009-09-17",3,1,"247","353"
4137,"0004-11-18",,0,1,"314","352"
7338,,,2,2,"1141","87"
10274,"0004-04-20",,53,2,"2221","588"
4196,,,2,1,"297","85"
3380,"2011-05-17","2011-11-17",39,0,"505","383"
11189,,,4,2,"2394","662"
3092,"2010-04-17","2010-11-17",3,1,"718","391"
663,"0009-01-17","0009-08-17",0,0,"664","412"
1601,"0007-06-16","0007-10-16",16,1,"136","407"
4310,,"0005-02-18",0,1,"941","510"
1780,"0009-11-15",,106,1,"240","85"
6447,"0005-05-19","0005-10-19",9,2,"1425","589"
5549,,"0002-05-19",0,0,"523","393"
6405,"0005-09-19",,0,0,"1227","566"
11400,,"2011-04-20",25,2,"2491","659"
2954,,"2010-02-17",4,0,"809","451"
2260,,,154,1,"298","87"
2769,"0009-10-17",,20,0,"619","415"
1810,,,11,1,"243","324"
4481,"0006-06-18",,2,1,"271","324"
8864,,,3,2,"313","87"
9598,,,0,1,"941","510"
5291,,"0005-02-18",2,1,"297","353"
7432,"0007-04-19","0007-09-19",122,2,"261","87"
8349,,,28,2,"259","194"
5228,,"0005-01-18",1,1,"263","87"
2555,"0009-10-17",,1,1,"288","87"
7041,"0007-10-15",,4,1,"51","595"
2797,,,0,0,"603","414"
7262,"0007-12-19",,15,0,"1501","594"
5895,,,1,2,"254","194"
5283,,"0005-01-18",0,1,"974","87"
5731,,"0009-01-18",7,0,"1201","565"
223,"0008-03-17","0008-07-17",1,0,"478","375"
6320,,,34,2,"1318","577"
6911,"0006-07-19","0006-12-19",1,2,"247","87"
9050,"0004-07-20","0004-11-20",6,0,"1822","629"
4747,,,34,1,"149","335"
10783,"0009-03-20","0009-11-20",3,2,"398","75"
2421,,"0004-07-14",1,1,"316","87"
6377,,,5,2,"1370","580"
1401,"0007-04-17","0007-09-17",0,1,"161","335"
1563,"0003-01-16","0003-10-16",1,1,"583","407"
5090,,,2,1,"269","85"
3008,,"2010-05-17",19,0,"450","371"
621,"0009-01-17","0009-08-17",16,0,"627","411"
10100,"0006-09-20",,29,2,"264","324"
4451,,,0,1,"1021","536"
209,"0007-06-17","0007-12-17",0,0,"457","369"
1004,"0008-06-17",,50,0,"203","327"
7978,,,5,2,"1295","528"
1267,,,2,1,"146","335"
3183,"2010-12-17",,3,0,"453","369"
245,,,1,0,"467","372"
3038,"0009-07-17",,8,0,"165","431"
5726,,"0001-07-19",2,0,"1199","565"
3829,"0008-08-16","0008-09-16",4,1,"945","510"
6763,,"0005-07-19",4,0,"1494","594"
12,,,0,1,"259","87"
10595,"0004-05-20",,11,2,"1273","528"
11264,,"2011-04-20",346,2,"2450","77"
10854,,,6,2,"1765","85"
8141,,,1,0,"1218","441"
5918,,,2,2,"301","353"
7590,"0008-01-19","0008-04-19",3,0,"1586","586"
9792,,,5,0,"2154","555"
8017,"2010-06-19",,105,1,"793","447"
3102,"2010-04-17","2010-11-17",3,1,"728","391"
3916,,,1,1,"945","510"
347,,,3,0,"534","395"
4240,,,1,1,"299","194"
7258,"0007-12-19",,11,0,"1497","594"
8194,,"0005-03-19",17,2,"1697","617"
585,"0004-07-17",,0,0,"597","410"
7681,"0007-08-19","0007-12-19",7,2,"1291","528"
2663,"0009-01-17","0009-08-17",1,0,"803","450"
5130,"0005-07-18","0005-12-18",0,1,"287","352"
2825,,,0,0,"735","433"
8453,"2012-08-19",,2,0,"1748","621"
8268,"2011-07-19","2011-11-19",75,0,"1044","522"
8655,,"0002-06-20",0,0,"1786","625"
1578,,,12,1,"581","407"
3719,,,0,1,"947","510"
7732,,,3,0,"1528","522"
777,"0007-03-17","0007-11-17",10,0,"705","431"
62,,,2,1,"314","352"
796,,,75,0,"707","432"
6954,"0006-07-19","0006-12-19",417,2,"273","324"
4384,"0005-10-18",,0,0,"460","519"
8563,,,0,0,"1202","565"
8155,"0007-06-19",,241,2,"1321","578"
6870,"0005-08-19",,0,2,"1148","87"
5970,,,3,2,"309","85"
7804,,"0009-05-19",14,0,"1640","611"
4113,,,0,1,"305","87"
7640,,,0,0,"448","369"
8597,,,0,0,"1663","566"
3152,"0004-03-17",,13,0,"835","455"
7903,,,0,0,"1593","586"
8574,,,0,0,"1649","564"
1844,,,2,1,"247","87"
6595,,,6,1,"23","92"
23,,,1,1,"312","87"
7872,"0009-05-19","0009-11-19",11,0,"444","370"
6463,"0005-05-19","0005-10-19",3,2,"1441","589"
3424,,,21,0,"898","470"
6625,"0005-03-13","0005-06-13",34,1,"311","95"
5483,,"2012-02-18",18,0,"1042","522"
9580,,,0,0,"1645","608"
8030,"2010-01-19","2010-08-19",3,1,"715","391"
8335,"2010-04-19","2010-10-19",57,2,"1093","85"
953,"0007-04-17","0007-12-17",13,0,"218","350"
10188,,"0008-01-20",10,0,"1257","555"
9431,,"0005-01-20",0,0,"1257","555"
4802,"0007-01-18","0007-08-18",5,0,"1012","535"
8003,"2010-11-19",,14,0,"1646","608"
2884,,,4,0,"483","376"
1599,"0007-06-16","0007-10-16",3,1,"134","407"
6350,,,0,0,"505","383"
10102,"0006-09-20",,10,2,"305","324"
9978,"0007-03-20","0007-10-20",2,2,"1762","87"
8977,,"0004-04-20",1,1,"1686","346"
2287,"0009-03-15","0009-07-15",2,1,"301","88"
512,,,4,1,"587","408"
9097,"0004-11-20",,0,1,"2079","638"
348,"0008-11-17",,1,0,"534","395"
2693,,,6,1,"833","444"
6016,"0004-12-19",,13,2,"273","85"
9217,"0004-09-20",,9,2,"2060","636"
3812,"0008-08-16","0008-09-16",6,1,"940","510"
4872,"0008-06-18",,21,1,"936","510"
37,,"0005-08-17",3,1,"253","87"
4380,"0005-12-18",,0,0,"452","369"
7825,"0009-03-19","0009-10-19",14,0,"1217","441"
8824,,,4,2,"254","85"
7150,,,0,0,"1526","522"
7720,,,52,0,"1626","606"
8168,"0007-06-19",,330,2,"1335","578"
9432,,"0005-01-20",0,0,"1493","555"
2906,,"2010-01-17",26,0,"506","383"
3598,,,0,1,"945","510"
4759,,,11,0,"1051","439"
8835,,,1,2,"1024","352"
4593,,,0,0,"457","534"
4347,,,0,1,"718","391"
6610,,,15,1,"313","94"
1979,,,17,1,"264","324"
8543,,,7,0,"1775","470"
9929,"0006-09-20",,20,2,"1093","87"
10804,"0009-03-20",,17,2,"2344","73"
4461,"0006-11-18",,1,1,"832","444"
5195,"0005-07-18","0005-12-18",1,1,"247","324"
11414,,"2011-10-20",4,0,"1785","625"
7723,,,5,0,"965","522"
6253,,,0,2,"308","324"
3723,,"0005-12-16",0,1,"941","510"
2783,,,2,0,"634","411"
7799,,"0009-07-19",48,1,"224","214"
129,,"0005-08-17",6,1,"239","324"
5532,"0001-02-19","0001-09-19",2,0,"1125","558"
4390,"0005-02-18","0005-11-18",0,1,"940","510"
7549,,,4,2,"1358","580"
1124,"0007-07-17",,34,1,"183","333"
8647,,"0002-01-20",0,0,"1792","625"
8973,,"0004-04-20",1,1,"1689","346"
6403,"0005-09-19",,0,0,"1222","440"
4710,,,4,1,"941","510"
5993,"0004-12-19",,2,2,"310","87"
1139,"0008-11-17",,4,1,"180","333"
8479,,,7,0,"1752","621"
6256,,,3,2,"1093","194"
10212,,,6,0,"457","369"
7520,,,19,2,"287","87"
1606,"0007-06-16","0007-10-16",12,1,"139","407"
3276,,"2010-07-17",0,0,"566","397"
4397,"0005-02-18","0005-11-18",0,1,"947","510"
6904,"0005-08-19",,19,2,"291","194"
1459,,,30,1,"135","407"
11348,,"2011-03-20",27,2,"2483","75"
538,"0009-05-17","0009-09-17",2,0,"477","375"
3533,"0001-07-18","0001-12-18",0,1,"828","444"
9344,"0004-10-20",,9,2,"79","590"
4204,,,0,1,"240","85"
10606,"0004-05-20",,4,2,"1290","528"
2061,,,11,1,"274","87"
10238,"0008-08-20","0008-11-20",6,0,"444","369"
1447,"0007-08-15","0007-11-15",8,1,"141","407"
11296,,"2011-03-20",18,2,"332","79"
692,"0009-03-17","0009-10-17",8,0,"591","409"
6993,,,3,2,"316","87"
4810,,,3,1,"938","510"
10127,,"0007-03-20",28,2,"244","324"
10655,,"0009-05-20",10,2,"319","87"
6596,,,1,1,"24","92"
11282,,"2011-04-20",151,2,"2468","77"
514,,,18,1,"589","408"
5877,"0001-06-19",,0,0,"761","440"
4592,,,0,0,"1009","519"
1654,"0007-04-17","0007-12-17",53,0,"125","338"
4672,"0007-09-18",,82,2,"311","87"
2449,"0009-10-17",,6,0,"702","429"
10544,"0007-02-20","0007-07-20",73,2,"119","578"
7097,,"2010-08-15",3,1,"59","595"
4119,,,0,1,"249","87"
5179,,,0,1,"285","324"
2216,,,13,1,"294","87"
10902,,"2010-04-20",9,0,"1541","597"
5720,,"0008-03-18",0,0,"1198","564"
2090,"2010-08-14",,17,1,"277","87"
7676,"0007-08-19","0007-12-19",106,2,"1285","528"
3516,,,0,0,"554","396"
7655,,"0008-06-19",2,0,"455","519"
6370,,,11,2,"1363","580"
1190,,"0009-05-17",4,0,"541","396"
8387,,,6,0,"1755","622"
1432,"0007-08-15","0007-11-15",8,1,"130","407"
3796,,"0008-08-16",44,1,"940","510"
6793,,"0006-06-19",1,0,"1348","555"
1491,"0009-01-15","0009-05-15",2,1,"579","407"
4120,,,2,1,"316","87"
5384,"2010-04-18","2010-11-18",3,1,"720","391"
6852,"0005-08-19",,1,2,"1154","87"
4995,"0005-08-18","0005-12-18",1,1,"288","87"
7054,"0007-10-15",,9,1,"64","595"
345,,,2,0,"531","395"
1281,"0009-03-15","0009-06-15",0,1,"164","335"
995,,,0,0,"200","326"
7561,,,6,2,"1397","588"
505,,,4,1,"586","408"
11353,,"2011-03-20",153,2,"2485","75"
1033,,"0008-01-17",2,0,"209","329"
1971,"0004-11-14",,1,1,"264","85"
1235,,,4,1,"156","335"
1031,,"0007-05-17",11,0,"211","329"
623,"0009-01-17","0009-08-17",0,0,"629","411"
6312,,,141,2,"1310","577"
9105,"0004-10-20",,0,0,"1845","632"
3435,,,7,0,"524","393"
4903,,,11,1,"938","510"
8634,"0001-10-20",,0,0,"703","429"
9368,"0004-10-20",,2,2,"107","646"
6390,,,25,2,"1383","580"
9122,"0004-10-20",,13,0,"1640","611"
8020,,,5,0,"1493","555"
4512,"0006-06-18",,1,1,"319","352"
2146,,"2010-03-14",24,1,"285","85"
657,"0009-01-17","0009-08-17",2,0,"658","412"
9772,"0007-08-20",,22,1,"725","391"
6121,,"0004-04-19",0,0,"456","519"
1103,"0004-05-17",,1,1,"182","333"
1591,"0007-06-16","0007-10-16",4,1,"578","407"
20,,,0,1,"272","87"
4628,"0007-01-18",,27,1,"982","528"
9440,,"0005-04-20",0,1,"943","510"
3934,,,0,0,"433","366"
9419,,,0,0,"1211","565"
1017,,"0008-06-17",15,0,"207","328"
8786,,,10,0,"1848","632"
996,,,5,0,"201","326"
3789,,,1,1,"939","510"
485,,,3,1,"584","407"
8172,"0007-06-19",,11,2,"1339","578"
8334,"2010-04-19","2010-10-19",71,2,"254","85"
10637,"0009-05-20","0009-12-20",11,2,"1762","87"
1928,,,8,1,"256","89"
5598,"0003-10-19",,2,2,"311","87"
7392,,,27,2,"1094","85"
7249,"0006-01-19","0006-10-19",8,0,"1500","594"
6656,,,1,0,"444","370"
11407,"2011-08-20","2011-11-20",0,0,"523","393"
4858,,,2,0,"970","523"
9241,"0004-09-20",,6,2,"2050","635"
3041,,,12,0,"165","431"
3060,"0009-12-17",,2,0,"861","459"
10156,"0007-11-20",,62,2,"1150","324"
8728,"0003-12-20",,0,0,"1852","631"
6606,,,1,1,"37","93"
9868,,,3,2,"314","87"
5094,,,3,1,"240","85"
3870,,,1,1,"938","510"
913,"0009-10-16","0009-11-16",11,1,"221","214"
9334,"0004-10-20",,2,2,"1489","593"
4501,,,18,1,"275","85"
2808,,,3,0,"650","412"
3416,"2011-09-17",,5,0,"928","506"
5597,"0003-10-19",,3,2,"249","87"
4842,,,3,0,"1026","369"
3740,,,0,1,"940","510"
7206,,"0007-02-19",16,1,"830","444"
3473,,"0009-01-17",3,1,"173","333"
8897,,"0004-02-20",33,2,"1889","97"
10304,"0004-04-20","0004-10-20",20,2,"2244","588"
6001,"0004-12-19",,0,2,"239","87"
6571,,,245,1,"264","95"
2268,,,2,1,"299","87"
6142,,,1,1,"826","444"
4123,,,3,1,"266","87"
9261,,,0,1,"2071","637"
6466,"0005-05-19","0005-10-19",4,2,"1444","589"
3162,"2010-11-17",,2,1,"718","391"
4018,,"0004-03-18",0,1,"936","510"
9095,"0004-11-20",,0,1,"2077","638"
2365,,"2010-03-14",30,1,"309","85"
5505,,"2012-07-18",3,1,"724","391"
5728,,"0009-01-18",20,0,"1200","565"
3648,"2010-12-17",,0,1,"942","510"
9133,,"0004-09-20",0,2,"2099","579"
4035,,"0004-05-18",0,0,"443","370"
3402,"2011-10-17",,10,1,"828","444"
2994,,"2010-04-17",13,1,"725","391"
1503,"0009-01-15","0009-05-15",3,1,"583","407"
9741,"0007-03-20","0007-08-20",0,1,"939","510"
7314,,,15,1,"718","391"
2071,,,2,1,"274","88"
4719,,,4,1,"1021","536"
6513,"0005-02-19","0005-07-19",7,2,"1491","593"
8185,"0007-06-19",,459,2,"1313","577"
5207,,"0005-01-18",1,1,"242","324"
6389,,,7,2,"1382","580"
5144,,"0009-01-18",14,0,"1012","535"
839,"0007-10-17",,6,1,"714","391"
10381,,,8,1,"2187","561"
9035,"0004-04-20","0004-09-20",2,2,"2020","83"
7382,,,67,2,"275","324"
1304,"0009-10-15",,1,1,"152","335"
4179,,,2,1,"300","324"
2566,,"0007-01-17",2,0,"786","445"
139,,,2,0,"453","369"
10926,,"2010-04-20",28,2,"311","87"
9620,,,0,1,"944","510"
6455,"0005-05-19","0005-10-19",3,2,"1433","589"
9513,,"0004-04-20",1,2,"1024","352"
4598,,"0007-03-18",0,1,"944","510"
5658,,,0,1,"1086","346"
11141,,"2011-07-20",2,2,"246","324"
8571,,,5,0,"1210","565"
3595,,,0,1,"937","510"
6449,"0005-05-19","0005-10-19",5,2,"1427","589"
6693,,"0006-02-19",0,1,"943","510"
11301,,"2011-03-20",17,2,"337","79"
11137,,"2011-07-20",8,2,"1152","87"
6914,"0006-07-19","0006-12-19",2,2,"1141","87"
4159,"0004-09-18",,1,1,"269","85"
2527,"0007-02-17","0007-10-17",4,0,"774","442"
670,"0007-07-17",,73,0,"670","417"
3810,"0008-08-16","0008-09-16",9,1,"938","510"
10191,,"0008-01-20",2,0,"2151","555"
912,"0009-10-16","0009-11-16",23,1,"220","214"
8885,,"0004-02-20",1,2,"1877","98"
7987,"2010-07-19","2010-12-19",2,0,"1537","597"
3154,,"2010-04-17",25,0,"834","455"
401,"0004-12-17",,0,0,"569","398"
6355,,,0,0,"1095","383"
6416,,,0,0,"1257","555"
5396,"2010-07-18",,65,0,"508","383"
8332,"2010-01-19","2010-07-19",50,2,"317","87"
1806,,,0,1,"243","89"
5762,,"2010-02-18",27,0,"1208","565"
3579,,,0,1,"941","510"
8534,"0001-07-20","0001-12-20",1,0,"1537","597"
2069,"0009-10-15",,2,1,"274","88"
4271,,,14,1,"241","87"
1110,"0004-05-17",,6,1,"189","333"
2986,,"2010-04-17",13,1,"717","391"
11346,,"2011-03-20",10,2,"2481","75"
1007,,,40,0,"203","327"
1945,,,19,1,"258","324"
3535,"0001-07-18","0001-12-18",1,1,"833","444"
8324,"2010-01-19","2010-07-19",16,2,"1147","87"
65,,,1,1,"251","353"
2042,"0009-03-15","0009-10-15",0,1,"270","87"
8547,,,0,0,"744","441"
1695,"0004-03-12","0004-10-12",15,1,"18","91"
3651,"2010-12-17",,0,1,"945","510"
9014,"0004-01-20","0004-06-20",7,2,"1998","84"
11155,,"2011-07-20",8,2,"298","324"
6055,"0004-11-19",,5,2,"1249","568"
4974,,"0005-01-18",0,1,"249","87"
385,"0007-01-17","0007-09-17",29,0,"516","390"
2709,,,18,1,"830","444"
4646,"0007-12-18",,0,1,"943","510"
608,"0009-01-17","0009-08-17",79,0,"618","413"
625,"0009-01-17","0009-08-17",4,0,"631","411"
6211,,,2,2,"285","87"
1212,"0005-02-18","0005-09-18",2,1,"155","335"
1149,,,14,0,"167","334"
7368,,,16,2,"262","352"
8485,,,3,0,"1751","621"
878,,,43,1,"221","214"
7444,"0007-04-19","0007-09-19",52,2,"264","352"
10338,"0007-07-20",,2238,2,"2243","588"
3343,,"2011-05-17",24,0,"505","383"
9457,,"0004-03-20",3,2,"1139","324"
2115,,,3,1,"279","88"
3785,,,35,1,"951","512"
3560,,,0,0,"522","393"
1356,,,2,1,"156","335"
1825,,,12,1,"245","85"
4843,,,1,0,"1027","369"
2946,,"2010-02-17",5,0,"802","450"
5535,"0001-02-19","0001-09-19",6,0,"1128","558"
1701,"0004-04-12","0004-10-12",5,1,"24","92"
9958,,"0007-03-20",13,2,"1760","87"
4391,"0005-02-18","0005-11-18",0,1,"941","510"
2086,,,1,1,"276","87"
2778,,,28,0,"623","413"
11016,"2010-10-20",,26,2,"306","324"
2612,"0009-08-17",,22,0,"623","413"
5527,"2012-02-18","2012-09-18",6,0,"1133","558"
3977,,,0,0,"460","369"
1285,"0009-03-15","0009-06-15",0,1,"147","335"
4749,,,12,1,"151","335"
5542,,,0,0,"964","522"
4257,,,1,1,"286","87"
850,"0007-10-17",,8,1,"716","391"
4764,,,8,0,"1048","349"
7435,"0007-04-19","0007-09-19",88,2,"310","87"
11105,,,10,2,"264","324"
2234,"0009-03-15","0009-07-15",3,1,"296","88"
4558,,,2,1,"833","444"
2497,"0009-09-17","0009-12-17",2,0,"216","349"
9225,"0004-09-20",,25,2,"2034","635"
2169,"0007-10-15",,11,1,"289","88"
2066,,,46,1,"274","88"
1372,,,1,1,"150","335"
9282,"0004-10-20",,12,2,"1340","578"
1879,,,5,1,"250","87"
6628,,,0,0,"1495","594"
1917,,,34,1,"255","87"
1467,,,37,1,"141","407"
140,,,1,0,"454","369"
4687,"0007-09-18",,1,1,"712","391"
6744,,"0004-07-19",3,0,"1499","594"
1747,,,91,1,"237","87"
2685,"0007-07-17",,13,1,"830","444"
1787,,"0005-07-15",72,1,"241","85"
7068,,"2010-08-15",5,1,"51","595"
9127,,"0004-11-20",0,2,"2093","640"
2132,"0005-09-14",,0,1,"282","88"
8614,,,4,0,"1524","522"
4250,,,1,1,"249","87"
4351,,,0,1,"723","391"
2065,"0007-10-15",,41,1,"274","88"
351,"0008-11-17",,90,0,"530","395"
4448,,,0,1,"1018","536"
3428,,,93,0,"902","470"
6690,,"0006-02-19",0,1,"940","510"
3773,,,2,1,"953","512"
1140,"0008-11-17",,5,1,"181","333"
5502,,"2012-07-18",49,1,"720","391"
1342,"0007-07-16","0007-10-16",1,1,"162","335"
4053,,"0004-01-18",3,1,"295","85"
8600,,,0,0,"1228","566"
11107,,,3,2,"305","324"
5538,"0001-02-19","0001-09-19",5,0,"1131","558"
2171,,"0008-03-15",26,1,"289","88"
6861,"0005-08-19",,2,2,"299","87"
5229,"0005-01-18","0005-08-18",0,1,"263","87"
6636,,,3,0,"1503","594"
7696,,,28,2,"1279","528"
8062,,,14,0,"1649","564"
2964,"0009-05-17",,4,0,"818","405"
8306,"2010-01-19","2010-07-19",134,2,"261","87"
8876,,"0004-02-20",11,2,"1868","98"
5366,,"2010-05-18",12,0,"1111","469"
8567,,,1,0,"1206","565"
2775,,,25,0,"613","413"
2977,"0009-05-17",,2,0,"858","405"
60,,,3,1,"246","352"
4016,,"0004-02-18",2,0,"559","396"
10214,,,1,0,"1009","519"
2485,,,1,0,"741","441"
11396,,"2011-04-20",13,2,"2351","659"
3259,"2010-01-17","2010-11-17",135,0,"505","383"
3421,"2011-08-17",,1,0,"467","373"
2258,,,74,1,"298","87"
5806,,"2010-03-18",30,0,"1214","441"
11005,"2010-10-20",,31,2,"315","324"
9249,,,0,1,"2080","638"
8431,,"2012-08-19",15,0,"1749","621"
9266,"0004-11-20",,1,0,"1826","629"
3678,,"0004-06-16",1,1,"941","510"
9102,"0004-11-20",,0,1,"2084","638"
10345,"0007-07-20",,406,2,"2244","588"
4839,,,2,0,"458","369"
5573,"0003-10-19",,1,2,"259","353"
10955,"2010-01-20","2010-08-20",3,1,"729","391"
1104,"0004-05-17",,5,1,"183","333"
288,,"0008-05-17",24,0,"491","377"
10850,,,38,2,"286","85"
4528,,,0,1,"721","391"
2774,"0009-11-17",,17,0,"617","416"
5157,,,10,2,"297","353"
6013,"0004-12-19",,0,2,"309","85"
5258,"0009-01-18","0009-05-18",2,2,"244","87"
6257,,,4,2,"1094","194"
1994,,,62,1,"266","87"
8499,,"0001-03-20",3,0,"1756","622"
4499,,,27,1,"261","85"
5681,,,5,2,"1167","562"
10575,,"0008-01-20",79,2,"305","324"
11288,,"2011-03-20",14,2,"325","79"
7923,"0009-11-19",,6,0,"1266","442"
3292,,,12,0,"507","383"
3944,,"0003-05-18",0,1,"942","510"
1395,"0007-04-17","0007-09-17",2,1,"155","335"
4535,,,1,1,"728","391"
7858,"0009-02-19","0009-11-19",20,0,"1662","566"
6735,"0003-02-19",,3,0,"1502","594"
7793,"0009-06-19","0009-09-19",50,0,"1530","522"
3591,"0004-01-17","0004-09-17",0,1,"942","510"
10992,"2010-06-20","2010-12-20",9,0,"2266","522"
9768,"0007-08-20",,28,1,"715","391"
10706,"0009-03-20","0009-11-20",12,2,"321","79"
752,"0007-11-17",,6,0,"697","428"
2643,"0009-08-17",,12,0,"658","412"
8839,,,0,2,"244","352"
5758,,"0001-07-19",1,0,"1207","565"
6023,"0004-12-19",,0,2,"315","352"
7022,,,22,2,"271","324"
6267,,"0005-03-19",0,0,"1257","555"
5308,,,8,1,"313","89"
2881,,,5,0,"480","375"
8692,,,0,0,"1790","625"
9691,"0006-10-20",,1,1,"829","444"
8587,,,0,0,"1655","440"
3039,"0009-07-17",,15,0,"165","431"
3809,"0008-08-16","0008-09-16",4,1,"937","510"
8131,,,7,0,"742","441"
1582,,,28,1,"582","407"
7393,,,11,2,"311","85"
11206,"0007-02-20",,59,2,"2388","662"
5923,,,1,2,"293","353"
11326,,"2011-03-20",96,2,"388","76"
7715,,,1,1,"1564","345"
4207,,,0,0,"889","467"
3370,,"2011-10-17",48,1,"828","444"
5164,"0009-11-18",,26,2,"285","324"
8344,,,46,2,"315","352"
1410,"0009-09-17",,3,1,"155","335"
5345,,"2010-04-18",11,1,"712","391"
7221,"0006-01-19",,1,0,"439","367"
10708,"0009-03-20","0009-11-20",17,2,"323","79"
4220,,,0,1,"943","510"
7644,,,0,0,"458","369"
9884,"0005-01-20","0005-07-20",3,2,"1763","87"
8944,,"0004-01-20",3,2,"1936","86"
6313,,,195,2,"1311","577"
10330,"0007-07-20",,2828,2,"2233","588"
4008,,"0004-02-18",0,0,"544","396"
7678,"0007-08-19","0007-12-19",11,2,"1287","528"
9001,,"0004-04-20",1,2,"1985","99"
69,,"0005-08-17",2,1,"236","353"
6166,,,1,0,"783","443"
191,"0008-07-17",,0,0,"455","369"
3697,"0004-11-16",,0,1,"942","510"
7449,"0007-04-19","0007-09-19",268,2,"300","324"
4900,,,48,1,"1074","345"
5836,"0008-12-18",,29,0,"1218","441"
8915,,"0004-02-20",7,2,"1907","97"
6608,,,3,1,"39","93"
9136,,,1,1,"155","335"
1771,,,14,1,"239","324"
2564,"0009-10-17",,42,1,"241","87"
3481,,"0009-01-17",25,1,"185","333"
10964,"2010-08-20","2010-11-20",2,0,"2084","638"
2032,,,43,1,"269","89"
3601,,,0,1,"937","510"
6760,"0004-07-19",,7,0,"1503","594"
5862,"0006-11-18",,3,0,"756","440"
3170,"2010-11-17",,0,1,"726","391"
11347,,"2011-03-20",10,2,"2482","75"
10674,,"0009-05-20",12,2,"315","324"
9063,"0004-06-20","0004-11-20",18,2,"70","596"
7896,,,1,0,"1257","555"
3797,,"0008-08-16",9,1,"941","510"
2735,"0009-09-17",,6,0,"482","375"
7608,,"0008-05-19",59,2,"1184","563"
2325,,,4,1,"304","88"
5688,,,4,2,"1174","562"
3913,,,1,1,"941","510"
7766,,"0009-04-19",6,0,"448","369"
5013,,"0009-03-17",22,1,"1091","87"
1301,"0009-10-15",,1,1,"148","335"
10660,,"0009-05-20",9,2,"265","87"
9293,"0004-10-20",,4,2,"1345","578"
4845,,"0008-01-18",0,0,"455","519"
5802,"0001-04-19",,1,0,"745","441"
887,,,29,1,"222","214"
4698,"0007-09-18",,6,1,"724","391"
6694,,"0006-02-19",0,1,"944","510"
841,"0007-10-17",,3,1,"718","391"
5388,"2010-04-18","2010-11-18",8,1,"725","391"
3308,,,32,0,"496","377"
2757,,,7,1,"791","447"
7977,,,0,2,"1294","528"
452,,,0,0,"570","399"
1796,"0009-03-15","0009-07-15",24,1,"241","88"
5140,,,60,2,"287","352"
10482,"0007-09-20",,33,2,"1478","593"
4505,,,4,1,"269","85"
4076,,"0004-02-18",1,1,"289","194"
1996,,,161,1,"266","87"
1037,"0008-01-17","0008-08-17",0,0,"209","329"
2097,,"0004-07-14",1,1,"278","87"
6991,,,4,2,"1140","87"
5540,"0001-02-19","0001-09-19",1,0,"1133","558"
2213,,,47,1,"292","89"
821,"0004-03-17","0004-11-17",0,0,"732","433"
1290,"0009-10-15",,1,1,"155","335"
2228,,,46,1,"296","85"
596,"0009-01-17","0009-08-17",0,0,"604","414"
1656,"0007-04-17","0007-12-17",3,0,"126","339"
289,,"0008-05-17",4,0,"492","377"
10565,,"0008-01-20",79,2,"251","87"
2041,"2010-08-14",,5,1,"270","87"
5221,"0005-08-18","0005-12-18",1,1,"276","87"
2672,"0006-04-17","0006-07-17",1,1,"828","444"
6260,,,1,2,"282","194"
7585,,,27,2,"1422","588"
6422,"0004-12-19",,5,2,"1400","588"
10969,"2010-08-20","2010-11-20",5,0,"2068","637"
1038,"0008-01-17","0008-08-17",1,0,"210","329"
8460,"2012-04-19",,2,0,"1755","622"
1749,,,17,1,"237","87"
2075,,,0,1,"274","194"
1789,,,32,1,"241","85"
10700,,"0007-11-20",163,2,"2338","658"
6008,"0004-12-19",,7,2,"249","85"
8046,,,8,1,"726","391"
786,"0005-10-17",,12,0,"709","432"
946,"0007-05-17","0007-12-17",15,0,"739","439"
2046,,"2010-03-14",47,1,"271","88"
8673,"0002-06-20",,1,0,"1790","625"
10181,,,2,1,"946","510"
799,,,5,0,"710","432"
8303,"2010-01-19","2010-07-19",31,2,"289","87"
2040,,,8,1,"270","87"
9870,,,0,2,"266","87"
5443,"2010-11-18",,81,1,"717","391"
9460,,"0004-03-20",0,2,"1143","324"
7176,,,118,1,"48","595"
6192,"0004-06-19",,1,2,"1298","528"
1277,"0009-03-15","0009-06-15",3,1,"159","335"
8903,,"0004-02-20",5,2,"1895","97"
8352,,,156,2,"319","85"
1969,,"2010-03-14",151,1,"263","85"
6249,,,0,2,"1024","352"
354,,,90,0,"530","395"
3736,"0005-12-16",,0,1,"945","510"
5183,,,1,1,"300","324"
3141,"2010-01-17",,20,0,"888","467"
243,"0008-06-17",,1,0,"467","372"
4096,"0004-03-18","0004-12-18",2,1,"296","89"
8908,,"0004-02-20",25,2,"1900","97"
10090,,,14,2,"295","324"
6174,"0004-06-19",,24,2,"1274","528"
4031,,"0004-05-18",0,0,"450","371"
1278,"0009-03-15","0009-06-15",0,1,"160","335"
9577,"0005-11-20",,0,1,"946","510"
1989,,"2010-04-14",63,1,"265","89"
9207,,,24,2,"2125","645"
3476,,"0009-01-17",6,1,"179","333"
1352,"0007-07-16","0007-10-16",0,1,"150","335"
10406,,,10,0,"1526","522"
3085,"2010-04-17","2010-11-17",17,1,"521","391"
8997,,"0004-04-20",4,2,"1981","99"
11199,,,7,2,"2391","662"
8038,,,146,1,"713","391"
3470,,"0009-01-17",23,1,"170","333"
6528,,,69,1,"14","91"
6120,,"0004-04-19",14,0,"455","519"
10339,"0007-07-20",,267,2,"1408","588"
9012,,"0004-04-20",2,2,"1996","99"
1752,,"0005-07-15",22,1,"238","85"
7359,,,21,2,"236","87"
5275,,,6,2,"262","87"
2724,,,3,1,"827","444"
3906,,,0,1,"945","510"
6577,,,8,1,"3","90"
7553,,,14,2,"1362","580"
2291,,"2010-08-15",2,1,"301","88"
1862,,,3,1,"248","88"
2453,"0007-05-17","0007-12-17",26,0,"738","439"
1841,,,761,1,"247","85"
8447,"2012-03-19","2012-08-19",10,0,"1526","522"
9770,"0007-08-20",,1,1,"1670","391"
4264,,,1,1,"263","87"
2714,"0004-10-17",,0,1,"830","444"
4323,"0005-05-18","0005-10-18",1,0,"954","371"
6933,"0006-07-19","0006-12-19",4,2,"316","87"
5219,"0005-01-18","0005-08-18",1,1,"276","87"
10235,,"0008-08-20",1,0,"457","369"
10742,"0009-03-20","0009-11-20",22,2,"357","80"
2237,,,8,1,"296","88"
8639,,"0002-01-20",0,0,"1784","625"
9760,"0007-08-20",,10,0,"1493","555"
6864,"0005-08-19",,1,2,"1140","87"
399,,,0,0,"567","398"
2702,,,3,1,"827","444"
8309,"2010-01-19","2010-07-19",12,2,"240","87"
4149,"0004-09-18",,4,1,"283","85"
8288,,,17,2,"1746","620"
3169,"2010-11-17",,11,1,"725","391"
1089,"0004-05-17",,2,1,"168","333"
639,"0009-01-17","0009-08-17",24,0,"645","411"
3289,,,110,1,"847","351"
2776,,,11,0,"616","413"
5752,,"0009-01-18",5,0,"1206","565"
9422,,,2,0,"1654","440"
10625,"0009-05-20","0009-12-20",1,2,"266","87"
7668,"0007-08-19","0007-12-19",10,2,"1277","528"
5914,,,1,2,"297","194"
4587,,,0,0,"1028","369"
427,"0007-01-17","0007-08-17",0,0,"567","398"
1710,"0004-04-12","0004-10-12",0,1,"33","93"
5481,,,7,1,"1080","346"
4907,,,39,1,"942","510"
4028,,"0004-03-18",1,1,"946","510"
6434,"0004-12-19",,2,2,"1412","588"
11286,,"2011-03-20",16,2,"323","79"
10266,"0004-04-20",,28,2,"2213","588"
110,,,3,1,"261","85"
10897,,"2010-02-20",18,1,"827","444"
7063,,"2010-08-15",9,1,"50","595"
9877,,,1,2,"253","87"
1025,,"0005-04-17",2,0,"209","329"
3635,"2010-04-17","2010-12-17",0,1,"941","510"
8529,"0001-03-20","0001-06-20",2,0,"1754","621"
8548,,,7,0,"745","441"
10016,,,7,2,"1762","87"
350,"0008-11-17",,2,0,"531","395"
6569,,,567,1,"278","95"
1858,,"0008-03-15",19,1,"248","88"
8811,,,7,2,"291","87"
653,"0009-01-17","0009-08-17",0,0,"654","412"
8830,,,7,2,"275","352"
2834,,,2,0,"839","456"
5423,,,55,1,"792","447"
7604,,"0008-05-19",112,2,"1180","563"
10050,,,1,2,"246","324"
2708,,,0,1,"828","444"
11293,,"2011-03-20",17,2,"322","79"
1892,"0007-10-15",,13,1,"252","88"
4500,,,16,1,"310","85"
5091,,"0005-01-18",2,1,"269","85"
11329,,"2011-03-20",19,2,"371","76"
9350,"0004-10-20",,2,2,"1444","590"
418,,,3,0,"571","401"
9859,,,3,2,"1764","87"
5270,"0009-01-18","0009-05-18",1,2,"254","87"
4841,,,7,0,"448","369"
5350,,"2010-04-18",37,1,"717","391"
7531,,,26,2,"313","87"
1964,,,107,1,"262","324"
9527,"0005-04-20","0005-07-20",0,1,"940","510"
11014,"2010-10-20",,10,2,"1150","324"
11279,,"2011-04-20",118,2,"2465","77"
6772,,"0005-07-19",3,0,"1503","594"
7424,"0007-04-19","0007-09-19",7,2,"288","87"
2692,,,75,1,"831","444"
11174,,,161,2,"2379","577"
8951,,"0004-01-20",8,2,"1943","86"
1100,"0004-05-17",,2,1,"179","333"
10806,"0009-03-20",,4,2,"2346","73"
5870,,"2010-03-18",22,0,"1225","440"
1424,,,1,1,"159","335"
9967,"0007-03-20","0007-10-20",74,2,"1093","87"
8478,,,1,0,"1751","621"
4987,,"0005-01-18",1,1,"316","87"
4701,"0007-09-18",,1,1,"727","391"
8674,"0002-06-20",,0,0,"1791","625"
5900,,,0,2,"264","352"
4003,,"0004-02-18",0,0,"537","396"
10508,,"0007-04-20",48,2,"1692","591"
8855,,,2,2,"1093","87"
2022,"0009-03-15","0009-10-15",2,1,"268","87"
8710,"0003-01-20","0003-06-20",2,0,"1782","625"
573,"0009-02-17","0009-09-17",4,0,"566","397"
1511,"0009-08-15","0009-12-15",5,1,"579","407"
9808,,,31,1,"1963","587"
6748,,"0004-04-19",5,0,"1503","594"
834,,"0009-06-17",1,0,"733","433"
5524,"2012-02-18","2012-09-18",4,0,"1130","558"
2159,,"2010-03-14",25,1,"287","85"
2157,"0004-11-14",,0,1,"287","85"
933,,,8,1,"220","214"
96,,,24,1,"258","87"
11270,,"2011-04-20",126,2,"2456","77"
8557,,,0,0,"1219","441"
5905,,,5,2,"249","85"
7964,,,5,2,"1279","528"
10431,,,15,0,"1095","383"
7167,,,75,1,"62","595"
5045,,"0009-01-18",11,0,"459","369"
10141,"0007-03-20","0007-10-20",133,2,"281","324"
4166,,,1,0,"969","523"
2616,"0009-08-17",,37,0,"630","411"
2286,,"0008-03-15",9,1,"301","88"
6894,"0005-08-19",,1,2,"1145","324"
5344,,"2010-04-18",34,1,"521","391"
225,"0008-03-17","0008-07-17",4,0,"481","375"
1897,,,9,1,"252","88"
8421,,"2012-03-19",15,0,"523","393"
10051,,,7,2,"315","324"
3708,,,0,1,"944","510"
8703,,"0003-01-20",0,0,"1788","625"
9294,"0004-10-20",,3,2,"1330","578"
3176,"2010-12-17",,4,0,"460","369"
6663,,,1,0,"1008","369"
4970,"0005-08-18","0005-12-18",1,1,"264","87"
7437,"0007-04-19","0007-09-19",6,2,"1146","87"
3786,,,11,1,"952","512"
217,"0004-08-17",,4,0,"464","372"
7313,,,34,1,"715","391"
8720,"0003-12-20",,1,0,"1844","632"
8169,"0007-06-19",,58,2,"1336","578"
10329,"0007-07-20",,3040,2,"2232","588"
10247,"0008-08-20","0008-11-20",2,0,"457","369"
152,"0008-07-17",,5,0,"450","371"
10979,"2010-06-20","2010-12-20",6,0,"1043","522"
6859,"0005-08-19",,1,2,"1149","87"
3881,,"0002-03-17",0,1,"939","510"
1515,"0009-08-15","0009-12-15",1,1,"133","407"
6205,,,3,2,"1141","87"
5021,"0009-01-18","0009-09-18",13,0,"454","518"
5061,"0009-01-18","0009-09-18",11,0,"452","369"
1368,,,1,1,"146","335"
1000,,"0005-04-17",4,0,"205","327"
4956,,"0005-01-18",1,1,"281","87"
10176,,,6,1,"936","510"
4731,,,8,1,"155","335"
7341,,,10,2,"1147","87"
10481,"0007-12-20",,59,2,"82","590"
1223,"0007-08-15","0007-12-15",0,1,"164","335"
3442,,,2,1,"231","346"
4176,"0004-09-18",,0,0,"441","366"
3604,,,0,1,"945","510"
6479,"0005-02-19","0005-07-19",4,2,"1457","591"
2380,"2010-08-14",,108,1,"312","87"
4969,"0005-01-18","0005-08-18",1,1,"264","87"
10040,,,2,2,"271","324"
2917,,,5,0,"740","439"
2713,"0004-10-17",,1,1,"828","444"
6118,,"0004-04-19",1,0,"1027","369"
7218,,"0007-06-19",20,0,"441","366"
3119,"2010-05-17","2010-12-17",4,0,"462","369"
19,,,0,1,"272","87"
10846,,,21,2,"289","85"
7929,,"2010-04-19",10,0,"1541","597"
8417,,,7,0,"1756","622"
8926,,"0004-02-20",16,2,"1918","96"
10251,,"0008-08-20",11,0,"447","370"
2604,,,9,1,"793","447"
7069,"2010-08-15",,5,1,"51","595"
2970,"0009-05-17",,30,0,"823","405"
1315,,,1,1,"147","335"
8064,,,1,0,"1651","564"
1151,"0008-04-17",,4,0,"167","334"
4005,,"0004-02-18",0,0,"540","396"
10571,,"0008-01-20",168,2,"246","324"
6918,"0006-07-19","0006-12-19",5,2,"1139","87"
6979,,,21,2,"1154","87"
9364,"0004-10-20",,5,2,"103","646"
5957,,,1,2,"240","87"
6302,"0005-01-19","0005-07-19",3,0,"1208","565"
2691,,,4,1,"830","444"
2670,"0009-01-17","0009-08-17",0,0,"809","451"
10599,"0004-05-20",,5,2,"1278","528"
9783,,,14,0,"1826","629"
4542,,,0,1,"1017","536"
10353,,"0007-10-20",603,2,"2039","635"
10147,"0007-11-20",,53,2,"315","324"
8923,,"0004-02-20",4,2,"1915","96"
10921,"0009-12-20",,1,2,"1760","87"
7148,,,0,0,"1524","522"
8065,,,17,0,"1197","564"
6860,"0005-08-19",,0,2,"1146","87"
1863,,"2010-08-15",1,1,"248","88"
414,"0008-12-17",,6,0,"574","400"
1453,,,35,1,"131","407"
433,"0008-12-17",,1,0,"569","398"
10751,"0009-03-20","0009-11-20",1,2,"366","80"
3838,"0008-09-16","0008-12-16",8,1,"942","510"
2288,"0009-10-15",,4,1,"301","88"
8953,,"0004-01-20",7,2,"1945","86"
5771,,"0001-07-19",1,0,"1210","565"
7483,"0007-09-19",,25,2,"1140","87"
1508,"0009-01-15","0009-05-15",6,1,"584","407"
5626,,,1,2,"1148","194"
6154,,,0,1,"726","391"
8968,,"0004-04-20",6,1,"1960","346"
10966,"2010-08-20","2010-11-20",0,0,"2073","637"
2503,"0004-09-17",,4,0,"764","442"
5113,,"0005-01-18",2,1,"309","352"
2400,,"2010-04-14",25,1,"314","89"
3338,,"2011-04-17",15,0,"488","376"
9292,"0004-10-20",,4,2,"1343","578"
8272,"2011-06-19","2011-11-19",17,0,"1526","522"
9637,,"0006-02-20",0,1,"942","510"
2272,,,136,1,"300","85"
4695,"0007-09-18",,0,1,"721","391"
2064,,,15,1,"274","87"
779,"0007-04-17","0007-12-17",11,0,"165","431"
8405,,,4,0,"1751","621"
2632,"0009-08-17",,23,0,"609","414"
3629,"2010-02-17","2010-04-17",0,1,"947","510"
5974,"0004-12-19",,2,2,"247","87"
5217,,,1,1,"276","87"
4727,,,3,0,"1042","548"
9009,,"0004-04-20",8,2,"1993","99"
10334,"0007-07-20",,2643,2,"2237","588"
4723,,,10,0,"963","522"
5354,,"2010-04-18",18,1,"722","391"
7495,"0007-09-19",,52,2,"310","87"
7146,,,8,0,"1044","522"
3638,"2010-04-17","2010-12-17",0,1,"944","510"
11426,,"2011-10-20",7,0,"2501","625"
6776,"0005-07-19","0005-12-19",4,0,"1495","594"
759,"0009-02-17","0009-07-17",400,0,"700","428"
8793,,,0,0,"1855","631"
8955,,"0004-01-20",2,2,"1947","86"
10993,"2010-06-20","2010-12-20",11,0,"2267","522"
10707,"0009-03-20","0009-11-20",10,2,"322","79"
10869,,,22,1,"2363","391"
8320,"2010-01-19","2010-07-19",8,2,"1143","87"
1977,,,16,1,"264","324"
4831,,,0,0,"444","370"
1485,,,15,1,"139","407"
9170,"0004-11-20",,0,0,"1348","555"
9944,,"0007-03-20",40,2,"314","87"
3153,"0004-03-17",,1,0,"836","455"
6232,,,0,2,"242","87"
6516,,,0,0,"1044","522"
11124,,"2011-07-20",3,2,"291","87"
1988,,,2,1,"265","89"
6392,,,32,2,"1385","580"
682,"0009-03-17","0009-10-17",15,0,"668","417"
7513,,,23,2,"1143","87"
3067,,"2010-07-17",12,1,"828","444"
7614,,"0008-05-19",100,2,"1190","563"
5717,,"0008-03-18",1,0,"1197","564"
10590,"0004-05-20",,9,2,"154","528"
5328,,,10,0,"1051","439"
8733,"0003-12-20",,0,0,"1857","631"
4184,"0004-12-18",,5,1,"313","89"
7589,"0008-01-19","0008-04-19",5,0,"1585","586"
10525,,"0007-04-20",11,2,"1425","589"
1938,"2010-08-14",,25,1,"257","87"
5118,"0005-07-18","0005-12-18",0,1,"314","352"
6279,"0005-01-19","0005-07-19",3,0,"744","441"
1425,,,1,1,"160","335"
6788,"0006-03-19","0006-07-19",12,1,"1518","574"
8742,,,0,0,"1591","586"
5051,,"0009-01-18",18,0,"1027","369"
3440,,,2,1,"895","351"
4214,,,0,1,"937","510"
2439,,,31,1,"320","88"
7596,"0008-01-19","0008-04-19",12,0,"1592","586"
4210,,,2,1,"907","345"
6881,"0005-08-19",,4,2,"305","352"
8389,,,0,0,"1758","622"
8694,,,1,0,"1792","625"
3615,,"2010-02-17",1,1,"945","510"
8549,,,0,0,"1214","441"
2309,"0009-11-15",,16,1,"303","194"
4652,"0007-12-18",,0,1,"1019","536"
3632,"2010-04-17","2010-12-17",0,1,"938","510"
6446,"0004-12-19",,13,2,"1424","588"
1674,"0005-02-18","0005-09-18",4,1,"149","335"
11277,,"2011-04-20",196,2,"2463","77"
7931,,"2010-06-19",5,0,"1586","586"
4280,,,0,0,"545","396"
1527,"0009-08-15","0009-12-15",10,1,"141","407"
915,"0009-10-16","0009-11-16",4,1,"223","214"
242,,,0,0,"466","372"
2240,,,44,1,"296","89"
3197,,,15,1,"231","346"
4869,,"0008-06-18",2,1,"946","510"
7744,,"0009-03-19",2,2,"1352","579"
9191,"0004-12-20",,0,2,"2138","643"
11229,,,0,2,"2435","663"
4213,,,0,1,"936","510"
9086,"0004-11-20",,0,1,"2073","637"
6209,,,0,2,"1139","87"
4434,,"0006-02-18",0,0,"523","393"
539,"0009-05-17","0009-09-17",1,0,"478","375"
6880,"0005-08-19",,1,2,"1024","352"
2556,"0009-10-17",,1,1,"266","87"
8041,,,4,1,"718","391"
1698,"0004-04-12","0004-10-12",0,1,"21","92"
3755,,,1,1,"947","510"
1593,"0007-06-16","0007-10-16",4,1,"130","407"
10178,,,0,1,"940","510"
2855,,,1,0,"842","456"
6321,,"0005-03-19",17,2,"1319","578"
8849,,,0,2,"240","87"
2262,,,25,1,"299","85"
11131,,"2011-07-20",8,2,"259","87"
8683,,,0,0,"1780","625"
4298,,,4,1,"984","528"
56,,,1,1,"319","352"
7779,,"0009-04-19",15,0,"457","534"
557,,,0,0,"438","367"
3493,,"2010-04-17",90,0,"569","398"
10791,"0009-03-20",,5,2,"406","73"
7058,"2010-06-15",,10,1,"48","595"
6385,,,9,2,"1378","580"
10198,,,10,0,"454","370"
101,,,2,1,"288","87"
6543,,,34,1,"29","92"
7664,"0007-08-19","0007-12-19",28,2,"1273","528"
8640,,"0002-01-20",0,0,"1785","625"
3847,"0008-12-16",,12,1,"939","510"
8310,"2010-01-19","2010-07-19",8,2,"287","87"
3273,,"2010-07-17",0,0,"563","397"
4577,,,0,0,"462","369"
9572,"0005-11-20",,0,1,"941","510"
844,"0007-10-17",,4,1,"722","391"
5469,,,2,1,"1071","346"
9812,,,20,1,"1506","587"
9587,"0005-01-20","0005-08-20",0,0,"1645","608"
1715,"0004-04-12","0004-10-12",3,1,"38","93"
3427,,,17,0,"901","470"
8769,,"0004-03-20",4,0,"1847","632"
1753,,"0005-07-15",51,1,"238","85"
8338,"2010-04-19","2010-10-19",59,2,"251","85"
11213,,,1,2,"2429","618"
3423,,,9,0,"897","470"
7848,"0009-02-19","0009-11-19",60,0,"1225","440"
7175,,,237,1,"53","595"
3625,"2010-02-17","2010-04-17",0,1,"943","510"
5297,,"0005-01-18",2,1,"251","353"
10536,,"0007-04-20",64,2,"1693","589"
8740,,,0,0,"1589","586"
73,,,3,1,"299","353"
6965,"0006-07-19","0006-12-19",9,2,"251","85"
9697,"0006-10-20",,2,1,"827","444"
6433,"0004-12-19",,12,2,"1411","588"
5432,,"2011-03-18",17,0,"1042","522"
925,"2010-08-16","2010-09-16",6,1,"226","214"
8429,,"2012-08-19",33,0,"1747","621"
3472,,"0009-01-17",47,1,"172","333"
3451,,,3,1,"169","333"
1735,,"0005-07-15",49,1,"236","85"
511,,,2,1,"586","408"
103,,,8,1,"266","87"
10808,"0009-03-20",,4,2,"2348","659"
3893,"0002-03-17",,0,1,"941","510"
8909,,"0004-02-20",7,2,"1901","97"
99,,,31,1,"252","87"
6562,,,877,1,"314","94"
10331,"0007-07-20",,5016,2,"2234","588"
644,,,20,0,"617","416"
10064,,,5,2,"298","324"
7473,"0007-09-19",,54,2,"1154","87"
8979,,"0004-05-20",1,1,"1506","587"
8224,,,24,2,"1701","617"
5307,"0005-01-18","0005-08-18",1,1,"239","89"
8178,"0007-06-19",,79,2,"1346","578"
8300,"0007-09-19",,449,2,"1746","620"
11072,,,8,2,"1024","324"
3404,"0004-02-12","0004-10-12",6,1,"308","95"
11316,,"2011-03-20",20,2,"365","80"
7156,,,2,2,"1350","579"
10418,,,34,0,"2270","522"
6258,,,0,2,"259","194"
689,"0009-03-17","0009-10-17",15,0,"668","417"
3278,"2010-07-17",,1,0,"564","397"
8620,,,1,0,"1531","522"
2767,,,20,0,"508","383"
136,,"0008-01-17",24,0,"442","368"
1644,,,37,1,"583","407"
4313,,"0005-02-18",0,1,"944","510"
1600,"0007-06-16","0007-10-16",8,1,"135","407"
5087,,"0005-01-18",0,1,"245","85"
10980,"2010-06-20","2010-12-20",10,0,"1044","522"
6248,,,2,2,"276","352"
2353,,,5,1,"307","324"
7226,,"0007-06-19",0,1,"938","510"
231,"0008-07-17",,100,0,"482","375"
8040,,,10,1,"715","391"
10137,"0007-03-20","0007-10-20",171,2,"293","324"
63,,,13,1,"309","352"
4915,,,9,0,"1062","551"
2997,,"2010-04-17",6,1,"728","391"
10032,"0004-04-20","0004-09-20",3,2,"298","324"
10562,,"0008-01-20",129,2,"283","87"
3384,"2011-05-17","2011-11-17",93,0,"509","383"
10030,"0004-04-20","0004-09-20",1,2,"306","324"
6072,,,20,0,"439","367"
2177,"2010-08-15",,12,1,"289","88"
2705,"0009-09-17",,14,1,"831","444"
2093,"0004-11-16",,3,1,"277","87"
5986,"0004-12-19",,5,2,"289","87"
7780,"0009-06-19","0009-09-19",5,0,"963","522"
5231,"0006-09-18",,3,1,"263","87"
2865,,,1,0,"842","456"
4190,,,0,1,"287","352"
5984,"0004-12-19",,0,2,"287","87"
2598,"0009-12-17",,100,0,"700","428"
2312,,,237,1,"303","324"
7246,"0006-01-19","0006-10-19",3,0,"1497","594"
9591,"0005-01-20","0005-08-20",0,0,"1668","610"
1658,"0007-04-17","0007-12-17",31,0,"127","339"
4716,,,1,1,"1018","536"
3122,"2010-05-17","2010-12-17",38,0,"446","370"
8872,,"0004-02-20",2,2,"1864","98"
6588,,,0,1,"16","91"
4914,,,39,0,"1014","393"
1711,"0004-04-12","0004-10-12",0,1,"34","93"
7461,"0007-04-19","0007-09-19",42,2,"1094","85"
6908,"0005-08-19",,1,2,"306","194"
1543,"0001-04-16",,0,1,"583","407"
3091,"2010-04-17","2010-11-17",35,1,"717","391"
9310,"0004-06-20",,8,2,"1427","589"
275,"0008-05-17",,8,0,"485","376"
9512,,"0004-04-20",1,2,"305","352"
9918,,,1,2,"1151","87"
2067,,"0008-03-15",97,1,"274","88"
9693,"0006-10-20",,1,1,"830","444"
9935,"0006-09-20",,2,2,"1764","87"
7792,"0009-06-19","0009-09-19",100,0,"1529","522"
9279,"0004-10-20",,33,2,"1319","578"
8524,"0001-03-20","0001-06-20",3,0,"1748","621"
3895,"0002-03-17",,0,1,"943","510"
4934,"0005-01-18","0005-08-18",0,1,"278","87"
10827,,,14,2,"1138","353"
11313,,"2011-03-20",18,2,"368","80"
1788,,"0005-07-15",77,1,"241","85"
10472,"0007-12-20",,201,2,"1453","590"
11042,"2010-12-20",,18,0,"1640","611"
2089,,,2,1,"276","87"
9,,"0005-08-17",1,1,"256","87"
3496,,"2010-04-17",45,0,"568","398"
8716,"0003-01-20","0003-06-20",0,0,"1790","625"
6941,"0006-07-19","0006-12-19",5,2,"242","87"
9938,"0006-09-20",,10,2,"1152","87"
7,,,1,1,"256","87"
68,,,5,1,"236","353"
7082,"2010-08-15",,2,1,"56","595"
11383,,"2011-03-20",56,2,"375","74"
3124,"2010-05-17","2010-12-17",57,0,"443","370"
8889,,"0004-02-20",9,2,"1881","98"
6441,"0004-12-19",,8,2,"1419","588"
1404,"0007-04-17","0007-09-17",0,1,"164","335"
2382,,,95,1,"312","88"
2973,"0009-05-17",,12,0,"855","405"
5501,,"2012-07-18",2,1,"718","391"
1667,"0005-02-18","0005-09-18",3,1,"164","335"
3112,"2010-05-17","2010-12-17",11,0,"455","369"
6660,,,0,0,"1007","369"
5985,"0004-12-19",,0,2,"288","87"
5268,"0006-09-18",,1,1,"254","87"
5798,"0009-08-17",,12,0,"745","441"
8589,,,0,0,"761","440"
553,"0004-10-17",,0,0,"435","366"
1041,"0008-08-17",,2,0,"209","329"
6871,"0005-08-19",,0,2,"239","87"
1302,"0009-10-15",,2,1,"150","335"
7990,"2010-05-19","2010-10-19",103,0,"1644","608"
5767,,"2010-02-18",5,0,"1209","565"
1199,,"0009-05-17",1,0,"551","396"
9517,,"0004-04-20",3,2,"244","352"
8028,"2010-01-19","2010-08-19",198,1,"713","391"
10392,,,15,0,"2255","597"
7231,,"0007-06-19",0,1,"943","510"
10693,,"0007-11-20",295,2,"2331","658"
4575,,,3,0,"447","370"
9427,,,0,0,"1655","440"
3921,,"0003-09-17",0,1,"939","510"
5774,"0001-06-19",,2,0,"1211","565"
2552,"0009-10-17",,17,1,"249","87"
9503,,"0004-03-20",3,2,"1152","87"
5709,"0004-01-19",,27,2,"1181","563"
611,"0009-01-17","0009-08-17",6,0,"622","413"
8950,,"0004-01-20",59,2,"1942","86"
4586,,,0,0,"1027","369"
4237,,,0,1,"265","194"
6643,,"0002-08-19",12,0,"1498","594"
4420,,,0,1,"833","444"
361,,"0009-01-17",700,0,"530","395"
1890,,,88,1,"252","87"
3745,,,0,1,"945","510"
5457,"2011-09-18",,7,0,"525","393"
1072,"0007-10-17",,10,0,"190","332"
4311,,"0005-02-18",0,1,"942","510"
9998,,,17,2,"1763","87"
7163,,,4,2,"1357","579"
4675,"0007-09-18",,6,2,"293","87"
902,,"0002-06-16",1,1,"222","214"
7567,,,54,2,"1403","588"
6995,,,11,2,"236","87"
5096,"0005-01-18","0005-07-18",2,1,"240","85"
6299,"0005-01-19","0005-07-19",6,0,"1205","565"
6768,,"0005-07-19",4,0,"1499","594"
1792,,,2,1,"241","85"
4808,,,10,1,"936","510"
9027,"0004-04-20","0004-09-20",29,2,"2011","83"
3561,,,0,0,"523","393"
7782,"0009-06-19","0009-09-19",4,0,"965","522"
2398,"0005-09-14",,1,1,"314","89"
6354,,,0,0,"509","383"
11166,,"0004-07-20",4,2,"2373","661"
10125,,"0007-03-20",92,2,"281","324"
9206,,,3,2,"2124","645"
6819,,,7,0,"438","367"
10163,,,66,2,"315","324"
6224,,,0,2,"316","87"
7488,"0007-09-19",,15,2,"287","87"
11011,"2010-10-20",,18,2,"293","324"
8115,,,5,0,"1658","566"
9848,,,7,2,"291","87"
7543,,,10,2,"1372","580"
161,,,0,0,"455","369"
1505,"0009-01-15","0009-05-15",4,1,"139","407"
7030,,,33,2,"254","85"
2725,"0003-11-17",,0,1,"828","444"
8290,"0007-09-19",,282,2,"1736","620"
4454,,,18,0,"965","522"
6328,,"0005-03-19",14,2,"1326","578"
3024,,"2010-05-17",2,0,"454","369"
719,,,0,0,"683","422"
2635,"0009-08-17",,2,0,"648","412"
9058,"0004-06-20","0004-11-20",24,2,"74","596"
3592,"0004-01-17","0004-09-17",0,1,"945","510"
10932,,"2010-04-20",15,2,"1094","87"
2938,,"2010-02-17",6,1,"791","447"
8198,,"0005-03-19",1,2,"1701","617"
4648,"0007-12-18",,0,1,"945","510"
1283,"0009-03-15","0009-06-15",2,1,"145","335"
8907,,"0004-02-20",4,2,"1899","97"
8743,,,1,0,"1592","586"
7397,"0007-06-19","0007-10-19",15,2,"1574","598"
8518,,"0001-07-20",1,0,"1542","597"
2562,"0009-10-17",,5,1,"284","87"
3031,"0009-10-17",,31,0,"591","409"
114,,"0005-04-17",0,1,"267","85"
8331,"2010-01-19","2010-07-19",23,2,"236","87"
4516,"0006-11-18",,6,0,"210","329"
4596,,"0007-03-18",0,1,"941","510"
10632,"0009-05-20","0009-12-20",13,2,"1764","87"
2270,,,743,1,"300","85"
1576,,,18,1,"133","407"
2554,"0009-10-17",,2,1,"254","87"
85,,,2,1,"297","89"
4506,,,12,1,"240","85"
7320,,,24,1,"729","391"
910,,,6,1,"224","214"
3743,,,0,1,"943","510"
9371,"0004-10-20",,18,2,"87","591"
4456,"0006-11-18",,1,1,"829","444"
10206,,,4,0,"1006","369"
4700,"0007-09-18",,1,1,"726","391"
1009,,,9,0,"205","327"
6452,"0005-05-19","0005-10-19",13,2,"1430","589"
8715,"0003-01-20","0003-06-20",0,0,"1788","625"
9142,,,2,1,"161","335"
393,,,9,0,"518","390"
5632,,,0,2,"1154","194"
3083,"2010-07-17","2010-10-17",6,0,"513","389"
8812,,,2,2,"314","87"
10341,"0007-07-20",,774,2,"1404","588"
6669,,,0,0,"1008","369"
7422,"0007-04-19","0007-09-19",14,2,"316","87"
8991,,"0004-06-20",3,0,"1137","560"
6438,"0004-12-19",,3,2,"1416","588"
2930,,,5,0,"218","350"
2827,,,1,0,"838","456"
4743,,,9,1,"145","335"
1662,"0007-04-17","0007-12-17",21,0,"129","340"
8899,,"0004-02-20",6,2,"1891","97"
4045,,"0004-03-18",2,1,"242","89"
6247,,,1,2,"264","352"
7103,,"2010-08-15",9,1,"65","595"
394,,,36,0,"519","390"
5898,,,0,2,"305","352"
7976,,,2,2,"1293","528"
9688,,,0,1,"2084","638"
6241,,,0,2,"309","85"
7606,,"0008-05-19",18,2,"1182","563"
693,"0009-03-17","0009-10-17",5,0,"592","409"
10460,"0007-02-20","0007-07-20",39,2,"1345","578"
1528,"0009-08-15","0009-12-15",7,1,"584","407"
8624,,,9,0,"1774","470"
9541,"0005-07-20","0005-11-20",0,1,"942","510"
2464,,,0,0,"756","440"
7213,,,0,0,"1301","575"
6641,,"0002-08-19",0,0,"1496","594"
4357,,,0,1,"729","391"
3928,,,0,0,"436","367"
1745,"0004-11-16",,73,1,"237","87"
969,,"0009-04-17",1,0,"446","370"
2456,,,7,0,"741","441"
6534,,,9,1,"20","91"
7981,,,1,2,"1297","528"
864,,,0,0,"475","380"
5737,,"0001-07-19",1,0,"1202","565"
3449,,"2012-01-17",0,0,"562","396"
10116,,"0007-03-20",15,2,"264","324"
10768,"0009-03-20","0009-11-20",0,2,"383","76"
10541,"0007-02-20","0007-07-20",134,2,"116","578"
6196,"0004-06-19",,12,2,"1289","528"
8520,"0001-03-20","0001-07-20",2,0,"1756","622"
3014,,"2010-05-17",11,0,"447","370"
9111,"0004-10-20",,0,0,"1851","631"
10680,,"0009-05-20",92,2,"293","324"
7355,,,18,2,"1140","87"
5927,,,1,2,"266","353"
10838,"0009-12-20",,77,2,"269","194"
2314,"0004-11-16",,0,1,"304","87"
5515,"2012-02-18","2012-09-18",36,0,"1121","558"
9898,"0005-01-20","0005-07-20",1,2,"251","87"
2331,,,213,1,"305","85"
7286,"0007-06-19",,0,1,"944","510"
291,,"0008-05-17",3,0,"494","377"
9671,"0006-06-20","0006-09-20",0,0,"1854","631"
3389,"2011-04-17","2011-12-17",8,0,"482","375"
8140,,,15,0,"1217","441"
9383,,,0,0,"741","441"
10891,,"2010-02-20",17,1,"826","444"
1816,,,98,1,"244","85"
815,,"0004-07-17",2,1,"521","391"
2914,,,2,0,"846","457"
3545,,,1,1,"268","85"
1444,"0007-08-15","0007-11-15",14,1,"138","407"
10864,,,3,1,"1671","391"
5093,"0005-07-18","0005-12-18",2,1,"269","85"
4195,,,9,1,"295","85"
4071,"0004-01-18","0004-09-18",2,1,"275","85"
3825,"0008-08-16","0008-09-16",4,1,"941","510"
134,,,5,0,"431","364"
6942,"0006-07-19","0006-12-19",0,2,"243","87"
10898,,"2010-02-20",4,0,"2256","597"
1455,,,25,1,"133","407"
10080,"0005-01-20","0005-07-20",4,2,"298","324"
9548,"0005-02-20","0005-12-20",0,1,"826","444"
5203,"0005-07-18","0005-12-18",1,1,"271","324"
2551,"0009-10-17",,5,1,"262","87"
124,,,4,1,"300","324"
8871,,"0004-02-20",11,2,"1863","98"
1224,"0007-08-15","0007-12-15",0,1,"143","335"
10278,"0004-04-20","0004-10-20",17,2,"2225","588"
6587,,,3,1,"15","91"
4873,"0008-06-18",,28,1,"937","510"
3445,"0004-05-17","0004-10-17",4,0,"929","507"
6930,"0006-07-19","0006-12-19",33,2,"310","87"
3687,"0004-06-16","0004-11-16",0,1,"941","510"
728,,,2,0,"677","420"
6764,,"0005-07-19",2,0,"1495","594"
6417,"0004-12-19",,1,2,"1395","588"
9679,"0006-06-20","0006-09-20",0,0,"2162","631"
53,,"0005-08-17",2,1,"273","352"
8638,,"0002-01-20",0,0,"1783","625"
6598,,,14,1,"27","92"
11246,,"0007-10-20",58,2,"2442","663"
7921,"0009-11-19",,17,0,"1264","442"
6451,"0005-05-19","0005-10-19",3,2,"1429","589"
8714,"0003-01-20","0003-06-20",1,0,"1787","625"
7038,"0007-10-15",,16,1,"48","595"
2020,,,10,1,"268","87"
3080,"2010-07-17",,3,0,"880","462"
4935,"0006-08-18","0006-12-18",1,1,"278","87"
3017,,"2010-05-17",4,0,"461","369"
9705,,,65,0,"1134","559"
4321,"0005-04-18","0005-09-18",0,0,"212","329"
10010,,,72,2,"253","87"
10479,"0007-12-20",,145,2,"84","590"
5911,,,0,2,"282","194"
4483,,,9,1,"285","324"
6254,,,6,2,"251","194"
6967,"0006-07-19","0006-12-19",13,2,"1093","85"
4048,,"0004-01-18",3,1,"277","85"
8473,,,6,0,"1759","622"
8553,,,1,0,"748","441"
7430,"0007-04-19","0007-09-19",24,2,"239","87"
4044,,"0004-03-18",1,1,"255","89"
8322,"2010-01-19","2010-07-19",19,2,"239","87"
3876,,,1,1,"945","510"
1592,"0007-06-16","0007-10-16",8,1,"579","407"
1245,,,1,1,"144","335"
3630,"2010-04-17","2010-12-17",0,1,"936","510"
8217,,,7,2,"1694","617"
6564,,,588,1,"247","94"
589,"0007-04-17","0007-11-17",1,0,"597","410"
6869,"0005-08-19",,2,2,"1152","87"
11292,,"2011-03-20",14,2,"330","79"
1340,"0007-07-16","0007-10-16",0,1,"160","335"
3378,,,8,0,"193","332"
4112,,,2,1,"280","87"
1807,,"2010-04-14",54,1,"243","89"
5578,"0003-10-19",,0,2,"253","353"
10268,"0004-04-20","0004-10-20",75,2,"2215","588"
9776,"0007-08-20",,37,1,"2182","391"
4209,,,3,1,"845","345"
3801,,"0008-08-16",48,1,"947","510"
6064,"0004-07-19",,0,1,"827","444"
11284,,"2011-04-20",33,2,"2470","77"
6531,,,28,1,"17","91"
8916,,"0004-02-20",34,2,"1908","97"
7366,,,13,2,"243","87"
3305,,,71,0,"492","377"
4201,,,3,1,"243","85"
6138,,"0004-07-19",0,0,"1267","442"
3854,"0008-12-16",,16,1,"946","510"
4771,,,32,1,"793","447"
9684,,,0,1,"2080","638"
7909,,,375,0,"1641","612"
9642,,"0006-02-20",0,1,"947","510"
2117,"2010-08-15",,5,1,"279","88"
3585,,,0,1,"947","510"
8927,,"0004-02-20",15,2,"1919","96"
4317,"0005-04-18","0005-09-18",1,0,"209","329"
4174,"0004-09-18",,0,0,"434","366"
666,"0007-07-17",,9,0,"666","417"
11310,,"2011-03-20",10,2,"361","80"
3316,,,37,0,"497","377"
828,"0007-04-17","0007-11-17",6,0,"733","433"
5987,"0004-12-19",,3,2,"1138","87"
561,"0007-07-17",,2,0,"433","366"
6597,,,11,1,"26","92"
5085,"0005-01-18","0005-07-18",1,1,"243","85"
1312,,,0,1,"143","335"
10835,"0009-12-20",,14,2,"242","194"
5247,,"0005-01-18",1,1,"975","87"
801,"0004-03-17","0004-10-17",0,1,"712","391"
9365,"0004-10-20",,5,2,"104","646"
6183,"0004-06-19",,4,2,"1290","528"
4164,,,1,0,"967","523"
10730,"0009-03-20",,6,2,"345","78"
513,,,3,1,"588","408"
7752,,"0009-03-19",4,2,"1634","579"
8282,,,19,2,"1740","620"
9138,,,1,1,"157","335"
244,,,0,0,"467","372"
162,,,0,0,"456","369"
200,"0007-04-17","0007-11-17",2,0,"444","370"
6970,"0006-07-19","0006-12-19",14,2,"254","85"
10762,"0009-03-20","0009-11-20",2,2,"377","76"
5990,"0004-12-19",,1,2,"1146","87"
8354,,,138,2,"1763","194"
9046,"0004-04-20","0004-09-20",1,2,"2031","82"
4579,,,0,0,"1007","369"
3151,"0009-01-17",,220,0,"835","455"
9757,"0007-08-20","0007-12-20",5,0,"2175","650"
2375,,,5,1,"311","194"
1986,,"0005-01-14",1,1,"265","89"
1738,,,16,1,"237","85"
1492,"0009-01-15","0009-05-15",3,1,"130","407"
1206,,"0009-05-17",0,0,"559","396"
7669,"0007-08-19","0007-12-19",11,2,"1278","528"
3101,"2010-04-17","2010-11-17",6,1,"727","391"
1772,,,102,1,"239","324"
1526,"0009-08-15","0009-12-15",16,1,"140","407"
403,,,2,0,"572","401"
5541,,,2,0,"963","522"
6437,"0004-12-19",,5,2,"1415","588"
502,"0008-10-17",,25,1,"589","408"
6803,"0006-02-19","0006-07-19",0,1,"945","510"
6130,,,16,1,"2","90"
4557,,,10,1,"831","444"
3068,,"2010-07-17",12,1,"830","444"
2660,"0009-01-17","0009-08-17",0,0,"800","452"
6147,,,0,1,"713","391"
5066,,"0009-01-18",8,0,"1009","519"
9893,"0005-01-20","0005-07-20",2,2,"282","87"
4326,"0005-05-18","0005-10-18",4,0,"449","371"
5733,,"0001-07-19",0,0,"1201","565"
8261,,,321,2,"1734","619"
5079,"0005-07-18","0005-12-18",0,1,"275","85"
3426,,,13,0,"900","470"
6953,"0006-07-19","0006-12-19",61,2,"298","324"
3262,"2010-01-17","2010-11-17",32,0,"508","383"
8419,,,3,0,"1759","622"
8663,,"0002-06-20",2,0,"1793","625"
4625,"0009-08-18",,7,1,"979","527"
7336,,,8,2,"1155","87"
8804,,,2,2,"285","89"
10985,"2010-06-20","2010-12-20",1,0,"1528","522"
9618,,,0,1,"942","510"
7843,"0009-02-19","0009-11-19",31,0,"1221","440"
9269,,,0,1,"938","510"
9452,,"0004-03-20",0,2,"1148","194"
9635,,"0006-02-20",0,1,"940","510"
478,,,1,1,"583","407"
9532,"0005-04-20","0005-07-20",0,1,"945","510"
5168,"0009-11-18",,23,2,"308","324"
10062,,,1,2,"306","324"
1801,,,6,1,"242","85"
9162,"0004-08-20",,0,1,"1670","391"
5450,"2010-11-18",,25,1,"726","391"
943,"0009-02-17","0009-03-17",0,1,"224","214"
11118,"2011-02-20","2011-07-20",10,0,"2366","660"
7059,"2010-06-15",,55,1,"49","595"
329,,,7,0,"525","393"
4081,,"0004-02-18",0,1,"244","194"
7404,,,34,1,"1519","574"
7953,,"0009-07-19",51,0,"1497","594"
9869,,,6,2,"311","87"
5097,"0005-07-18","0005-12-18",2,1,"240","85"
79,,,1,1,"283","89"
466,"0007-04-17","0007-11-17",1,1,"583","407"
8174,"0007-06-19",,476,2,"1341","578"
5625,,,1,2,"1147","194"
10984,"2010-06-20","2010-12-20",4,0,"1526","522"
3173,"2010-11-17",,1,1,"729","391"
8107,,,15,0,"1224","440"
1192,,"0009-05-17",0,0,"543","396"
437,,"0009-01-17",1,0,"484","376"
7737,,,0,0,"1348","555"
7899,,,1,0,"1589","586"
10629,"0009-05-20","0009-12-20",12,2,"259","87"
1697,"0004-03-12","0004-10-12",1,1,"20","91"
3081,"2010-07-17",,1,0,"881","462"
10646,"0009-05-20","0009-12-20",103,2,"293","324"
6057,"0004-11-19",,87,2,"1251","568"
1323,,,1,1,"159","335"
9908,,,2,2,"266","87"
3790,,,20,1,"948","512"
3544,"0004-02-12","0004-10-12",4,1,"311","95"
4623,"0007-01-18",,48,1,"977","527"
11063,,,37,2,"251","87"
7086,"2010-08-15",,4,1,"60","595"
7961,,,0,2,"1276","528"
7471,"0007-09-19",,45,2,"285","87"
4697,"0007-09-18",,4,1,"723","391"
8163,"0007-06-19",,149,2,"1330","578"
5326,,,20,0,"1049","350"
4693,"0007-09-18",,1,1,"718","391"
5486,,"2012-02-18",9,0,"963","522"
4996,"0006-09-18",,2,1,"288","87"
6668,,,0,0,"458","369"
3507,,,0,0,"543","396"
6054,"0004-11-19",,3,2,"1248","568"
4443,,,0,1,"943","510"
5930,,,2,2,"289","87"
7009,,,22,2,"315","352"
3562,,,2,0,"524","393"
2113,"0009-10-15",,2,1,"279","88"
3314,,,3,0,"494","377"
7861,"0009-02-19","0009-11-19",6,0,"1227","566"
2395,,,71,1,"313","85"
7796,,"0009-07-19",22,1,"221","214"
5695,"0004-01-19",,0,2,"1195","563"
5815,,"0009-01-18",12,0,"746","441"
1062,"0009-01-17","0009-04-17",19,0,"525","393"
368,,,6,0,"544","396"
9075,,"0004-09-20",0,0,"433","366"
10074,"0005-01-20","0005-07-20",7,2,"295","324"
2120,"0009-03-15","0009-10-15",2,1,"280","87"
6238,,,7,2,"291","85"
8032,"2010-01-19","2010-08-19",14,1,"723","391"
894,,,51,1,"220","214"
3218,,,9,0,"543","396"
7704,,,1,2,"1288","528"
3319,,,30,0,"500","378"
5582,"0003-10-19",,1,2,"285","324"
2890,,,4,0,"489","376"
4438,,,0,0,"794","449"
7496,"0007-09-19",,5,2,"242","87"
8699,,"0003-01-20",0,0,"1784","625"
3458,,,7,1,"179","333"
7536,,,28,2,"1365","580"
2152,"0004-11-16",,1,1,"286","87"
7515,,,43,2,"1140","87"
4476,"0006-06-18",,4,1,"300","324"
1927,"0005-09-14",,2,1,"256","89"
7839,"0009-03-19","0009-09-19",0,0,"1649","564"
4739,,,10,1,"163","335"
9694,"0006-10-20",,1,1,"831","444"
11101,,,1,2,"1762","87"
6306,"0005-01-19","0005-07-19",0,0,"1212","565"
5305,,,6,1,"239","89"
6222,,,0,2,"1140","87"
4142,"0004-11-18",,0,1,"273","352"
10504,,"0007-04-20",91,2,"89","591"
4060,,"0004-01-18",1,1,"276","85"
1896,"0009-10-15",,2,1,"252","88"
3221,,,4,0,"546","396"
672,"0007-07-17",,5,0,"672","419"
1385,,,0,1,"143","335"
6113,,"0004-04-19",6,0,"1006","369"
4439,,,0,0,"795","449"
10795,"0009-03-20",,2,2,"410","73"
1903,,,5,1,"252","89"
3371,,"2011-10-17",5,1,"832","444"
6164,,,1,0,"779","443"
9182,,,0,2,"2114","642"
1392,,,8,1,"150","335"
1249,,,0,1,"148","335"
2961,"0009-05-17",,16,0,"815","405"
3590,"0004-01-17","0004-09-17",0,1,"940","510"
959,,"0009-04-17",6,0,"455","369"
8932,,"0004-02-20",1,2,"1924","96"
6850,"0005-08-19",,1,2,"1147","87"
2751,"0009-01-17",,32,0,"499","378"
10194,,,3,0,"955","371"
5706,"0004-01-19",,4,2,"1184","563"
4825,,"0008-02-18",0,0,"1004","371"
518,"0004-12-17",,4,0,"593","409"
9408,,,1,0,"1199","565"
8428,,,2,0,"1757","621"
5042,,"0009-01-18",1,0,"462","369"
8508,,"0001-03-20",1,0,"1748","621"
2941,,"2010-02-17",4,0,"796","452"
11198,"0007-02-20",,81,2,"2398","662"
3631,"2010-04-17","2010-12-17",0,1,"937","510"
4140,"0004-11-18",,2,1,"319","352"
285,,,8,0,"508","383"
1345,"0007-07-16","0007-10-16",0,1,"143","335"
386,"0007-01-17","0007-09-17",10,0,"517","390"
6237,,,4,2,"275","85"
8643,,"0002-01-20",1,0,"1788","625"
9539,"0005-07-20","0005-11-20",0,1,"940","510"
9905,,,5,2,"291","87"
1381,,,0,1,"161","335"
2033,,,9,1,"269","89"
809,"0004-03-17","0004-10-17",0,1,"726","391"
4683,"0007-09-18",,16,2,"246","87"
7863,"0009-02-19","0009-11-19",100,0,"1229","566"
6374,,,0,2,"1367","580"
3232,,,2,0,"557","396"
2742,"0009-09-17",,1,0,"489","376"
7901,,,0,0,"1591","586"
6269,"0005-02-19","0005-05-19",0,0,"1301","575"
8858,,,10,2,"259","87"
3392,"2011-04-17","2011-12-17",6,0,"485","376"
10366,"0008-06-20",,11,2,"1634","579"
10814,"0009-03-20",,8,2,"2354","659"
2208,,,5,1,"292","88"
6305,"0005-01-19","0005-07-19",0,0,"1211","565"
8343,,,59,2,"1024","352"
4162,,,0,0,"964","522"
9586,"0005-01-20","0005-08-20",0,0,"1646","608"
5691,,"0004-08-19",2,0,"898","470"
2570,,"0007-01-17",2,0,"787","445"
366,,,0,0,"544","396"
10684,,"0009-05-20",18,2,"281","324"
11153,,"2011-07-20",32,2,"306","324"
2955,,"2010-02-17",0,0,"810","451"
10091,,,10,2,"275","324"
1729,"0004-02-12","0004-10-12",7,1,"262","95"
8947,,"0004-01-20",6,2,"1939","86"
4066,"0004-01-18","0004-09-18",4,1,"295","85"
5553,"0002-01-19",,0,0,"1134","559"
3534,"0001-07-18","0001-12-18",2,1,"829","444"
2718,"0004-10-17",,1,1,"827","444"
7143,,,0,0,"1041","522"
5,,"0005-08-17",5,1,"278","87"
8590,,,2,0,"1222","440"
5204,"0009-08-18",,44,1,"792","447"
10138,"0007-03-20","0007-10-20",121,2,"295","324"
7915,"0009-11-19",,5,0,"762","442"
2470,,,16,0,"756","440"
11177,,"0004-05-20",2,2,"2381","577"
1652,"0007-04-17","0007-12-17",160,0,"124","337"
5404,,,12,0,"523","393"
1650,,,24,1,"142","407"
6075,,"0002-12-19",2,0,"436","367"
5768,,"0001-07-19",0,0,"1209","565"
6624,"0005-03-13","0005-06-13",1,1,"308","95"
6012,"0004-12-19",,1,2,"298","85"
2178,"0005-10-14",,0,1,"289","194"
6134,,"0004-07-19",1,0,"1263","442"
10761,"0009-03-20","0009-11-20",1,2,"376","76"
6458,"0005-05-19","0005-10-19",3,2,"1436","589"
9516,,"0004-04-20",1,2,"262","352"
10370,"0008-06-20",,7,2,"1604","579"
9737,,"0007-03-20",0,1,"944","510"
4332,"0005-03-18","0005-12-18",1,0,"448","370"
3718,,,0,1,"945","510"
2004,,"2010-08-15",21,1,"266","88"
963,,"0009-04-17",5,0,"459","369"
10465,"0007-12-20",,321,2,"1443","590"
738,"0004-08-17",,0,0,"696","428"
1716,"0004-04-12","0004-10-12",2,1,"39","93"
593,"0009-01-17","0009-08-17",5,0,"601","414"
6425,"0004-12-19",,2,2,"1403","588"
4200,,,14,1,"275","85"
7197,,,0,1,"947","510"
8135,,,4,0,"1215","441"
7992,"2010-06-19","2010-12-19",0,0,"1587","586"
1588,,,10,1,"141","407"
1832,,,81,1,"245","87"
7786,"0009-06-19","0009-09-19",11,0,"1044","522"
8295,"0007-09-19",,4110,2,"1741","620"
6989,,,0,2,"1150","87"
10802,"0009-03-20",,3,2,"2342","73"
10045,,,2,2,"281","324"
11084,,,23,2,"1763","87"
1458,,,16,1,"134","407"
2926,,,2,0,"214","349"
9835,"0004-03-20","0004-09-20",3,2,"1094","87"
4245,,,3,1,"281","87"
737,"0004-08-17",,0,0,"695","428"
8832,,,26,2,"295","352"
6527,,,22,1,"13","91"
4895,"0008-05-18","0008-12-18",12,0,"509","383"
11257,,"2011-04-20",8,2,"345","78"
11114,,,11,2,"281","324"
3120,"2010-05-17","2010-12-17",53,0,"448","370"
1751,,"2010-03-14",26,1,"238","85"
323,,,0,0,"523","393"
1261,,,1,1,"162","335"
11028,"2010-10-20",,9,2,"1094","87"
5419,,,14,0,"1010","535"
9434,,"0005-04-20",0,1,"937","510"
9003,,"0004-04-20",1,2,"1987","99"
6616,,,9,1,"247","94"
7003,,,32,2,"258","352"
11405,,"2011-04-20",65,2,"2360","659"
4408,"0005-11-18",,0,1,"946","510"
717,,,0,0,"681","422"
6139,,"0004-07-19",4,0,"1268","442"
9218,"0004-09-20",,8,2,"2061","636"
5058,"0009-01-18","0009-09-18",20,0,"448","369"
9401,,,0,0,"1652","564"
4303,,"0005-01-18",0,0,"508","383"
3058,"0007-11-17",,2,0,"861","459"
7441,"0007-04-19","0007-09-19",83,2,"276","352"
7889,,,1,0,"523","393"
9639,,"0006-02-20",0,1,"944","510"
1645,,,36,1,"138","407"
2358,,,1,1,"308","89"
745,"0007-11-17",,0,0,"695","428"
6556,,,385,1,"263","94"
7494,"0007-09-19",,23,2,"236","87"
4617,"0007-04-18","0007-12-18",3,1,"1016","536"
8144,,,29,0,"750","441"
3046,,,14,0,"705","431"
9509,,"0004-04-20",2,2,"298","352"
4880,"0008-06-18",,3,1,"944","510"
8815,,,4,2,"288","324"
8264,"2011-06-19","2011-11-19",53,0,"965","522"
3185,"2010-12-17",,11,0,"451","369"
11219,,,4,2,"2422","618"
8731,"0003-12-20",,0,0,"1855","631"
1307,,,0,1,"157","335"
9280,"0004-10-20",,20,2,"1332","578"
10075,"0005-01-20","0005-07-20",4,2,"275","324"
10258,"0008-08-20","0008-12-20",4,0,"461","519"
5894,,,0,2,"288","87"
8626,,,4,0,"1776","470"
7280,"0007-06-19",,0,1,"938","510"
6607,,,13,1,"38","93"
9135,,"0004-09-20",0,2,"2101","579"
5381,"2010-04-18","2010-11-18",3,1,"715","391"
8622,,,1,0,"1772","470"
1974,"0009-03-15","0009-10-15",2,1,"264","87"
9865,,,5,2,"1763","87"
7377,,,166,2,"298","324"
4010,,"0004-02-18",0,0,"561","396"
5661,,,0,1,"1084","346"
6191,"0004-06-19",,15,2,"1284","528"
9962,"0007-03-20","0007-10-20",184,2,"291","87"
9613,,,0,1,"937","510"
5371,,"2010-06-18",18,0,"505","383"
7939,,"2010-06-19",3,0,"1595","586"
9346,"0004-10-20",,7,2,"1441","590"
8158,"0007-06-19",,142,2,"1325","578"
2589,"0009-10-17",,6,0,"774","442"
3914,,,0,1,"942","510"
957,,"0009-04-17",1,0,"453","369"
120,,"0005-04-17",4,1,"269","85"
2280,,,31,1,"301","87"
2076,,"2010-04-14",34,1,"274","194"
8234,,,237,2,"1711","617"
9681,,,0,1,"2077","638"
1748,,,99,1,"237","87"
198,"0008-07-17",,0,0,"462","369"
11269,,"2011-04-20",149,2,"2455","77"
6068,,,1,0,"926","504"
3843,"0008-09-16","0008-12-16",18,1,"947","510"
9307,"0004-06-20",,20,2,"1437","589"
230,"0008-07-17",,58,0,"481","375"
4836,,,2,0,"1006","369"
9526,"0005-04-20","0005-07-20",0,1,"939","510"
1837,,,283,1,"246","87"
5791,,"2010-03-18",40,0,"742","441"
1610,"0007-06-16","0007-10-16",5,1,"142","407"
895,,,4,1,"222","214"
6645,,"0002-08-19",1,0,"1500","594"
5421,,,8,0,"1012","535"
9682,,,0,1,"2078","638"
1463,,,33,1,"583","407"
4746,,,4,1,"148","335"
10414,,,20,0,"2266","522"
1482,,,30,1,"137","407"
3358,,"2011-01-17",5,0,"913","372"
2641,"0009-08-17",,1,0,"656","412"
8595,,,0,0,"1661","566"
2824,,,1,0,"734","433"
3903,,,0,1,"941","510"
10324,"0007-07-20",,1692,2,"2227","588"
6225,,,3,2,"317","87"
1514,"0009-08-15","0009-12-15",3,1,"132","407"
9262,,,0,1,"2071","637"
9689,,,0,1,"2085","638"
2694,,,10,1,"832","444"
7546,,,5,2,"1376","580"
1775,,"0007-09-14",8,1,"240","85"
4589,,,0,0,"456","519"
4444,,,0,1,"944","510"
11275,,"2011-04-20",3,2,"2461","77"
8522,"0001-03-20","0001-07-20",0,0,"1759","622"
6686,"0006-07-19",,0,1,"936","510"
9153,,,4,0,"1581","600"
3647,"2010-12-17",,0,1,"941","510"
8602,,,0,0,"1230","566"
3624,"2010-02-17","2010-04-17",0,1,"942","510"
7374,,,368,2,"280","352"
8556,,,0,0,"1218","441"
2743,"0009-06-17",,3,0,"490","377"
8779,,"0004-03-20",0,0,"1857","631"
4251,,,4,1,"311","87"
8186,"0007-06-19",,208,2,"1314","577"
8043,,,11,1,"1671","391"
1782,"0004-11-16",,2,1,"240","87"
3515,,,0,0,"553","396"
1944,"0009-11-15",,116,1,"258","85"
6430,"0004-12-19",,6,2,"1408","588"
2861,,,0,0,"838","456"
11160,,"0004-07-20",18,2,"2370","661"
8407,,,5,0,"1754","621"
10670,,"0009-05-20",1,2,"1760","87"
10262,,"0008-08-20",0,0,"2212","534"
8874,,"0004-02-20",4,2,"1866","98"
594,"0009-01-17","0009-08-17",10,0,"602","414"
247,,,2,0,"463","374"
6996,,,1,2,"1152","87"
3711,,,0,1,"937","510"
954,"0007-04-17","0007-12-17",9,0,"219","350"
3543,"0001-12-18",,2,0,"525","393"
5072,,,2,1,"310","85"
5316,,,1,0,"1100","554"
9312,"0004-06-20",,2,2,"1433","589"
10839,"0009-12-20",,11,2,"240","194"
10227,,"0008-08-20",5,0,"1008","369"
6250,,,2,2,"305","352"
11081,,,37,2,"306","324"
4372,"0005-10-18",,0,0,"443","370"
3596,,,0,1,"940","510"
3798,,"0008-08-16",19,1,"942","510"
11302,,"2011-03-20",14,2,"321","79"
3899,,,0,1,"937","510"
3878,,"0002-03-17",0,1,"936","510"
10442,"0007-02-20","0007-07-20",53,2,"1322","578"
7485,"0007-09-19",,37,2,"1141","87"
1754,"0009-11-15",,24,1,"238","85"
4892,"0008-05-18","0008-12-18",10,0,"506","383"
5603,"0003-10-19",,1,2,"248","87"
4766,,,14,0,"219","350"
503,"0008-10-17",,20,1,"590","408"
2520,"0007-02-17","0007-10-17",11,0,"767","442"
5822,"0001-04-19","0001-07-19",1,0,"747","441"
2518,"0007-02-17","0007-10-17",9,0,"765","442"
8594,,,0,0,"1660","566"
4352,,,0,1,"724","391"
171,,,0,0,"445","370"
2516,"0007-02-17","0007-10-17",3,0,"763","442"
7185,,,0,0,"1257","555"
3351,,,30,0,"126","339"
1393,,,7,1,"151","335"
6144,,,0,1,"1022","444"
10159,"0007-11-20",,12,2,"244","324"
7997,"2010-06-19","2010-12-19",1,0,"1592","586"
4306,,"0005-02-18",0,1,"937","510"
2083,,,183,1,"276","85"
9892,"0005-01-20","0005-07-20",1,2,"1094","87"
449,,,0,0,"570","399"
6485,"0005-02-19","0005-07-19",43,2,"1463","592"
1774,,,191,1,"239","324"
1507,"0009-01-15","0009-05-15",8,1,"141","407"
8519,"0001-03-20","0001-07-20",1,0,"1755","622"
1808,"0009-11-15",,8,1,"243","89"
645,,,5,0,"619","415"
5293,,"0005-02-18",1,1,"306","353"
1520,"0009-08-15","0009-12-15",4,1,"136","407"
643,,,2,0,"614","416"
3659,,,0,1,"941","510"
9224,"0004-09-20",,6,2,"2067","636"
8530,"0001-03-20","0001-06-20",1,0,"1757","621"
147,,,0,0,"461","369"
8650,,"0002-06-20",1,0,"1781","625"
6080,,"0004-01-19",0,0,"436","367"
9382,"0004-06-20",,3,2,"1333","589"
10564,,"0008-01-20",6,2,"1764","87"
3302,,,0,0,"889","467"
4688,"0007-09-18",,3,1,"713","391"
526,,"0009-09-17",3,1,"299","353"
6335,,"0005-03-19",3,2,"1333","578"
5172,"0009-08-18",,5,1,"978","527"
3540,"0001-12-18",,1,0,"522","393"
7004,,,27,2,"262","352"
1008,,,12,0,"204","327"
10060,,,0,2,"1150","324"
5757,,"2010-02-18",11,0,"1207","565"
7898,,,2,0,"1587","586"
8527,"0001-03-20","0001-06-20",2,0,"1751","621"
9341,"0004-10-20",,3,2,"111","81"
9585,,,0,0,"1669","610"
5139,,,55,2,"319","352"
4424,,,0,1,"938","510"
7686,"0007-08-19","0007-12-19",3,2,"1296","528"
9602,,,0,1,"945","510"
10662,,"0009-05-20",10,2,"282","87"
2403,,,55,1,"314","89"
10294,"0004-04-20",,109,2,"2240","588"
10965,"2010-08-20","2010-11-20",1,0,"2085","638"
8231,,,182,2,"1708","617"
4763,,,16,0,"213","349"
7085,"2010-08-15",,3,1,"59","595"
10652,"0009-05-20","0009-12-20",25,2,"244","324"
8143,,,2,0,"1220","441"
3146,"0007-03-17","0007-10-17",16,0,"887","467"
2187,,,93,1,"290","324"
1287,"0009-03-15","0009-06-15",4,1,"150","335"
7790,"0009-06-19","0009-09-19",14,0,"1526","522"
7014,,,439,2,"273","324"
6114,,"0004-04-19",1,0,"1007","369"
9193,"0004-12-20",,5,2,"2140","643"
10131,"0007-03-20","0007-10-20",58,2,"315","324"
2484,,,1,0,"742","441"
9723,,,0,1,"938","510"
5889,"0001-06-19",,0,0,"1233","566"
1258,,,2,1,"159","335"
9231,"0004-09-20",,66,2,"2040","635"
7944,,"0009-07-19",139,0,"1500","594"
2131,,"0004-07-14",0,1,"282","87"
6897,"0005-08-19",,4,2,"1094","85"
186,"0008-07-17",,2,0,"448","370"
10401,,,49,0,"1043","522"
8279,,,11,2,"1737","620"
1692,"0004-03-12","0004-10-12",2,1,"15","91"
6382,,,3,2,"1375","580"
2201,"0005-09-14",,0,1,"291","89"
4624,"0007-01-18",,100,1,"978","527"
3339,,"2011-04-17",9,0,"489","376"
10679,,"0009-05-20",36,2,"271","324"
3602,,,0,1,"940","510"
11167,"0007-09-20",,34,2,"2373","661"
7394,,,15,2,"254","85"
6761,"0004-07-19",,1,0,"1504","594"
2315,,,20,1,"304","87"
10694,,"0007-11-20",91,2,"2332","658"
8183,"0007-06-19",,979,2,"1307","577"
5634,,,1,2,"287","85"
3777,,"0007-10-16",13,1,"951","512"
1880,"0004-11-16",,1,1,"250","87"
5897,,,0,2,"276","352"
5081,"0005-01-18","0005-07-18",0,1,"265","194"
1409,"0007-04-17","0007-09-17",0,1,"147","335"
3794,,,4,1,"952","512"
6749,,"0004-04-19",4,0,"1504","594"
9073,,"0004-06-20",0,0,"973","367"
80,,"0005-08-17",1,1,"283","89"
751,"0007-11-17",,0,0,"701","428"
6133,,"0004-07-19",2,0,"1262","442"
1973,"2010-08-14",,19,1,"264","87"
8192,,"0005-03-19",3,2,"1695","617"
1216,"0007-08-15","0007-12-15",0,1,"157","335"
4354,,,0,1,"726","391"
7555,,,9,2,"1364","580"
10327,"0007-07-20",,1419,2,"2230","588"
3883,,"0002-03-17",0,1,"941","510"
8083,,,15,0,"1539","597"
1250,,,1,1,"149","335"
10630,"0009-05-20","0009-12-20",62,2,"283","87"
8773,,"0004-03-20",0,0,"1851","631"
10914,"0009-12-20",,10,2,"259","87"
3328,,"2011-04-17",10,0,"477","375"
9547,"0005-02-20","0005-12-20",2,1,"828","444"
3650,"2010-12-17",,2,1,"944","510"
7198,,,7,1,"1518","574"
2031,,"2010-08-15",6,1,"269","89"
4740,,,40,1,"164","335"
1232,"0007-08-15","0007-12-15",1,1,"151","335"
8490,,,1,0,"1758","622"
6450,"0005-05-19","0005-10-19",13,2,"1428","589"
3287,,,1,0,"565","397"
9649,"0006-02-20","0006-08-20",0,1,"942","510"
2324,,,4,1,"304","88"
3792,,,56,1,"950","512"
7870,"0009-05-19","0009-11-19",4,0,"443","370"
11357,,"2011-03-20",15,2,"394","75"
1630,,,18,1,"142","407"
4015,,"0004-02-18",0,0,"557","396"
2118,,,27,1,"280","87"
2158,,"0007-09-14",27,1,"287","85"
4684,"0007-09-18",,6,2,"263","87"
10087,,,2,2,"276","324"
6661,,,0,0,"459","369"
2623,"0009-08-17",,0,0,"598","414"
5763,,"0001-07-19",1,0,"1208","565"
3172,"2010-11-17",,5,1,"728","391"
6617,"0005-03-13","0005-06-13",8,1,"266","95"
1376,,,2,1,"156","335"
7208,,"0007-02-19",60,1,"1022","444"
4108,,,3,1,"236","194"
1334,,,1,1,"152","335"
3923,,"0003-09-17",0,1,"941","510"
9305,"0004-06-20",,18,2,"1436","589"
1923,,"2010-04-14",75,1,"255","194"
1086,,"0009-06-17",2,0,"494","377"
5917,,,1,2,"277","194"
8016,"2010-06-19",,63,1,"792","447"
5120,"0005-01-18","0005-07-18",17,1,"291","352"
6649,,"0002-08-19",0,0,"1504","594"
1448,"0007-08-15","0007-11-15",3,1,"584","407"
7463,"0007-04-19","0007-09-19",25,2,"253","85"
7299,,,96,0,"965","522"
11091,,,1,2,"1094","87"
7869,"0009-12-19",,45,0,"1644","608"
5520,"2012-02-18","2012-09-18",3,0,"1126","558"
4254,,,1,1,"288","87"
3642,"2010-12-17",,0,1,"936","510"
439,,"0009-01-17",0,0,"486","376"
10900,,"2010-02-20",18,0,"1538","597"
10757,"0009-03-20","0009-11-20",1,2,"372","76"
9144,,,1,1,"163","335"
9813,,,134,1,"1968","587"
8263,"2011-06-19","2011-11-19",17,0,"964","522"
3264,"2010-11-17",,128,0,"505","383"
3855,"0008-12-16",,7,1,"947","510"
7401,,,24,1,"1520","574"
3975,,,0,0,"462","369"
2160,"0009-11-15",,50,1,"287","85"
6116,,"0004-04-19",0,0,"448","369"
9847,,,0,2,"319","87"
3117,"2010-05-17","2010-12-17",3,0,"460","369"
10253,"0008-08-20","0008-12-20",8,0,"454","370"
6051,"0004-11-19",,4,2,"1245","568"
1523,"0009-08-15","0009-12-15",5,1,"583","407"
3643,"2010-12-17",,0,1,"937","510"
4846,,"0008-01-18",2,0,"456","519"
3620,"2010-02-17","2010-04-17",0,1,"938","510"
51,,,4,1,"273","352"
2413,,,11,1,"315","88"
5471,,,4,1,"1083","346"
7326,,,25,1,"1569","345"
1921,"0005-10-14",,0,1,"255","194"
8895,,"0004-02-20",3,2,"1887","97"
8079,,,2,0,"524","393"
10584,,"0008-01-20",71,2,"244","324"
9299,"0004-10-20",,1,2,"1323","578"
1076,"0007-10-17",,6,0,"194","332"
4052,,"0004-01-18",2,1,"311","85"
6172,"0004-06-19",,5,2,"1273","528"
9108,"0004-10-20",,1,0,"1848","632"
9230,"0004-09-20",,28,2,"2039","635"
1440,"0007-08-15","0007-11-15",5,1,"136","407"
3703,,,0,1,"939","510"
4824,,"0008-02-18",0,0,"955","371"
6454,"0005-05-19","0005-10-19",7,2,"1432","589"
5495,,"2012-07-18",286,1,"521","391"
4248,,,1,1,"258","87"
4553,,,6,1,"828","444"
5041,,"0009-01-18",55,0,"1025","370"
2736,"0009-09-17",,0,0,"483","376"
10036,,,7,2,"264","324"
2980,,"2010-04-17",8,1,"521","391"
10055,,,0,2,"276","324"
4345,,,0,1,"716","391"
1388,,,2,1,"146","335"
11094,,,22,2,"283","87"
1632,,,25,1,"579","407"
5342,"0009-10-18",,4,0,"887","467"
2015,"0004-11-14",,0,1,"268","85"
4154,"0004-09-18",,2,1,"261","85"
5355,,"2010-04-18",61,1,"723","391"
10083,,,10,2,"315","324"
3679,,"0004-06-16",0,1,"942","510"
5227,"0009-01-18","0009-05-18",8,2,"293","87"
9896,"0005-01-20","0005-07-20",3,2,"253","87"
2983,,"2010-04-17",5,1,"714","391"
1942,,"0007-09-14",15,1,"258","85"
4083,"0004-02-18","0004-11-18",2,1,"289","194"
4918,"0009-06-18","0009-09-18",3,1,"221","214"
10260,,"0008-08-20",0,0,"2210","534"
6426,"0004-12-19",,4,2,"1404","588"
2388,,,7,1,"312","324"
7995,"2010-06-19","2010-12-19",0,0,"1590","586"
3852,"0008-12-16",,4,1,"944","510"
2506,"0004-09-17",,4,0,"767","442"
9724,,,1,1,"939","510"
2239,"2010-08-15",,28,1,"296","88"
2483,,,2,0,"743","441"
1238,,,0,1,"159","335"
9129,,"0004-11-20",1,2,"2095","640"
7884,"0009-04-19","0009-10-19",24,0,"1006","369"
10614,"0007-02-20",,60,2,"2301","657"
1150,,"0008-04-17",8,0,"167","334"
3270,,,0,0,"564","397"
8631,"0001-12-20",,0,0,"1542","597"
7182,,,178,1,"68","595"
309,,"0008-05-17",3,0,"499","378"
778,"0007-04-17","0007-10-17",12,0,"166","431"
4957,"0005-01-18","0005-08-18",0,1,"281","87"
2673,"0006-04-17","0006-07-17",0,1,"830","444"
7832,"0009-03-19","0009-09-19",5,0,"1203","565"
3386,"2011-04-17","2011-12-17",4,0,"478","375"
673,"0007-07-17",,80,0,"673","418"
8625,,,0,0,"1775","470"
9052,"0004-07-20","0004-11-20",0,0,"1826","629"
7746,,"0009-03-19",0,2,"1356","579"
486,,"0005-02-17",3,1,"585","408"
3157,"2010-11-17",,1,1,"713","391"
1546,"0001-04-16",,1,1,"140","407"
11231,,,2,2,"2433","663"
2034,,,41,1,"269","89"
7845,"0009-02-19","0009-11-19",39,0,"756","440"
4316,,"0005-02-18",0,1,"947","510"
8882,,"0004-02-20",6,2,"1874","98"
4556,,,11,1,"830","444"
8777,,"0004-03-20",0,0,"1855","631"
3698,"0004-11-16",,0,1,"943","510"
8592,,,0,0,"1658","566"
1473,,,46,1,"131","407"
10058,,,24,2,"295","324"
4001,,"0004-02-18",1,0,"536","396"
6733,"0003-02-19",,18,0,"1500","594"
2674,"0006-04-17","0006-07-17",2,1,"831","444"
9179,,,0,2,"2111","642"
5671,,,0,2,"1157","562"
5730,"0007-02-17","0007-11-17",1,0,"1201","565"
2956,"0009-05-17",,1,0,"811","405"
5831,"0001-04-19",,0,0,"1216","441"
1099,"0004-05-17",,1,1,"178","333"
10744,"0009-03-20","0009-11-20",57,2,"359","80"
10397,,,13,0,"964","522"
1074,"0007-10-17",,5,0,"192","332"
8353,,,65,2,"314","89"
9678,"0006-06-20","0006-09-20",0,0,"2161","631"
8391,"2011-11-19",,4,0,"702","429"
7777,,"0009-04-19",46,0,"461","519"
5941,,,0,2,"1144","87"
9428,,,0,0,"1656","440"
7062,,,3,1,"50","595"
7428,"0007-04-19","0007-09-19",20,2,"287","87"
9157,,,12,0,"1640","611"
7523,,,20,2,"240","87"
6440,"0004-12-19",,2,2,"1418","588"
2463,,,0,0,"755","440"
5746,,"0001-07-19",1,0,"1204","565"
10577,,"0008-01-20",105,2,"271","324"
11311,,"2011-03-20",19,2,"355","80"
2600,"0009-11-17",,1,1,"791","447"
6087,"0003-06-19",,20,0,"439","367"
9145,,,0,1,"164","335"
7126,"0009-09-15",,1,1,"64","595"
6268,"0005-02-19","0005-05-19",0,0,"1299","575"
6533,,,12,1,"19","91"
8266,"2011-06-19","2011-11-19",2,0,"1042","522"
10733,"0009-03-20",,3,2,"348","78"
8102,,,29,0,"1654","440"
10283,"0004-04-20",,115,2,"2230","588"
5633,,,0,2,"1155","194"
3654,,,0,1,"936","510"
5509,,"2012-07-18",16,1,"728","391"
3429,,,23,1,"791","447"
7364,,,5,2,"1143","87"
8363,,,15,2,"293","353"
3713,,,0,1,"940","510"
6035,"0004-12-19",,0,2,"306","194"
2241,,,58,1,"296","89"
2750,"0009-01-17",,35,0,"498","378"
6420,"0004-12-19",,4,2,"1398","588"
7154,,,0,0,"1530","522"
8458,"2012-08-19",,4,0,"1754","621"
1829,,,14,1,"245","87"
3093,"2010-04-17","2010-11-17",6,1,"719","391"
7844,"0009-02-19","0009-11-19",34,0,"755","440"
2664,"0009-01-17","0009-08-17",5,0,"804","450"
5722,,"2010-02-18",6,0,"1198","564"
155,,,0,0,"449","371"
8086,,,28,0,"702","429"
10000,,,262,2,"291","87"
6288,"0005-01-19","0005-07-19",4,0,"1218","441"
6511,"0005-02-19","0005-07-19",66,2,"1489","593"
4736,,,10,1,"160","335"
8446,"2012-03-19","2012-08-19",3,0,"1525","522"
2858,"0005-07-17",,0,0,"840","456"
10953,"2010-01-20","2010-08-20",30,1,"2363","391"
8892,,"0004-02-20",1,2,"1884","97"
8564,,,1,0,"1203","565"
9094,"0004-11-20",,0,1,"2076","638"
2385,"0009-10-15",,109,1,"312","88"
5199,"0005-08-18","0005-12-18",2,1,"308","324"
467,"0007-04-17","0007-11-17",5,1,"584","407"
8867,,,1,2,"1151","87"
11212,"0007-12-20",,513,2,"2423","618"
2749,"0009-06-17",,4,0,"497","377"
7643,,,8,0,"459","369"
6783,"0006-03-19","0006-06-19",1,1,"1511","346"
2642,"0009-08-17",,16,0,"657","412"
10350,"0007-07-20",,834,2,"2249","588"
7801,,"0009-07-19",45,1,"1643","214"
5841,"0001-04-19",,0,0,"1219","441"
2596,"0009-12-17",,8,0,"698","428"
10689,,"0007-11-20",144,2,"2327","658"
7160,,,8,2,"1354","579"
7526,,,37,2,"236","87"
10340,"0007-07-20",,445,2,"1400","588"
5629,,,0,2,"1151","194"
857,,,0,0,"468","379"
2487,"0009-07-17","0009-12-17",15,0,"739","439"
9726,,,0,1,"941","510"
6014,"0004-12-19",,0,2,"314","85"
11375,,"2011-04-20",22,2,"2341","73"
4992,"0009-01-18","0009-05-18",8,2,"316","87"
8946,,"0004-01-20",31,2,"1938","86"
10393,,,5,0,"2256","597"
1562,"0003-01-16","0003-10-16",1,1,"137","407"
6435,"0004-12-19",,1,2,"1413","588"
5863,,"2010-02-18",20,0,"756","440"
1682,"0004-03-12","0004-10-12",3,1,"5","90"
7064,"2010-08-15",,26,1,"50","595"
3127,"2010-08-17",,16,1,"830","444"
8326,"2010-01-19","2010-07-19",21,2,"1149","87"
6896,"0005-08-19",,5,2,"283","85"
9914,,,2,2,"283","87"
574,"0009-03-17","0009-10-17",6,1,"273","352"
3836,"0008-09-16","0008-12-16",15,1,"940","510"
2734,"0009-09-17",,3,0,"481","375"
21,,"0005-08-17",0,1,"272","87"
7260,"0007-12-19",,18,0,"1499","594"
8825,,,2,2,"286","85"
9923,"0006-09-20",,8,2,"319","87"
11248,,"0007-10-20",46,2,"2436","663"
1521,"0009-08-15","0009-12-15",1,1,"582","407"
175,,,1,0,"443","370"
8943,,"0004-01-20",59,2,"1935","86"
4844,,,0,0,"452","369"
8045,,,5,1,"725","391"
7675,"0007-08-19","0007-12-19",144,2,"1284","528"
5961,,,2,2,"317","87"
8670,"0002-06-20",,0,0,"1787","625"
8119,,,2,0,"1662","566"
4958,"0005-08-18","0005-12-18",0,1,"281","87"
4733,,,12,1,"157","335"
9015,"0004-01-20","0004-06-20",6,2,"1999","84"
5751,,,4,0,"1206","565"
6565,,,196,1,"266","95"
548,"0009-01-17","0009-09-17",1,0,"488","376"
3566,,,0,1,"829","444"
1852,,,26,1,"248","87"
241,,,0,0,"466","372"
6807,"0006-07-19",,0,1,"937","510"
9253,,,0,1,"2084","638"
729,,,1,0,"678","420"
2889,,,9,0,"488","376"
9781,,,128,0,"1822","629"
8126,,,9,0,"1231","566"
3047,,"2010-05-17",6,0,"165","431"
6778,"0005-07-19","0005-12-19",1,0,"1497","594"
4595,,"0007-03-18",0,1,"940","510"
8875,,"0004-02-20",27,2,"1867","98"
412,"0008-05-17","0008-12-17",2,0,"573","400"
7916,"0009-11-19",,21,0,"1259","442"
3552,,,0,0,"901","470"
9832,"0004-03-20","0004-09-20",0,2,"266","87"
8423,,"2012-03-19",34,0,"525","393"
7342,,,2,2,"1139","87"
8196,,"0005-03-19",3,2,"1699","617"
8785,,,0,0,"1847","632"
4421,,,0,1,"832","444"
5012,,,23,1,"1091","87"
4562,,,0,0,"449","371"
6703,"0002-08-19",,6,0,"1494","594"
7599,"0008-01-19","0008-04-19",3,0,"1595","586"
7292,,,2,1,"1543","561"
9410,,,3,0,"1202","565"
1620,,,55,1,"135","407"
9490,,"0004-03-20",2,2,"1093","87"
7450,"0007-04-19","0007-09-19",399,2,"298","324"
5654,,,2,1,"1076","346"
4043,,"0004-03-18",4,1,"239","89"
2962,"0009-05-17",,6,0,"816","405"
9059,"0004-06-20","0004-11-20",91,2,"75","596"
1961,,"2010-03-14",65,1,"262","85"
897,,,5,1,"225","214"
6647,,"0002-08-19",1,0,"1502","594"
506,,,3,1,"587","408"
6338,,"0005-03-19",18,2,"1336","578"
424,,"0009-01-17",0,0,"572","401"
6826,,,0,1,"1018","536"
9007,,"0004-04-20",10,2,"1991","99"
2277,"0005-09-14",,0,1,"300","88"
2256,"0004-11-16",,3,1,"298","87"
9205,,,8,2,"2123","645"
986,"0005-01-17","0005-07-17",9,0,"200","326"
10488,"0007-09-20",,6,2,"1489","593"
6572,,,42,1,"43","95"
5102,"0009-08-18",,5,0,"795","449"
9975,"0007-03-20","0007-10-20",8,2,"1151","87"
9546,"0005-07-20","0005-11-20",0,1,"947","510"
3306,,,42,0,"493","377"
1817,,,69,1,"244","85"
4284,,,0,0,"556","396"
7771,,"0009-04-19",76,0,"1027","369"
3998,,,0,1,"946","510"
4936,"0006-09-18",,7,1,"278","87"
7319,,,13,1,"728","391"
1077,,"0009-05-17",2,0,"477","375"
7010,,,213,2,"280","352"
10333,"0007-07-20",,1507,2,"2236","588"
4724,,,29,0,"964","522"
10449,"0007-02-20","0007-07-20",112,2,"1331","578"
1374,,,4,1,"152","335"
8123,,,34,0,"1228","566"
5593,"0003-10-19",,0,2,"315","87"
8672,"0002-06-20",,1,0,"1789","625"
7999,"2010-06-19","2010-12-19",1,0,"1594","586"
1126,"0007-07-17",,36,1,"185","333"
8569,,,2,0,"1208","565"
1145,"0008-11-17",,6,1,"186","333"
1185,,"0009-05-17",1,0,"536","396"
6792,"0006-03-19","0006-07-19",1,1,"1522","574"
11278,,"2011-04-20",412,2,"2464","77"
10889,,"2010-02-20",43,1,"828","444"
10216,,,0,0,"2211","534"
304,,,1,0,"493","377"
4260,,,3,1,"244","87"
8603,,,0,0,"1231","566"
3953,"0003-05-18",,0,1,"939","510"
8704,,"0003-01-20",0,0,"1790","625"
10111,"0006-09-20",,4,2,"244","324"
10702,"0009-08-20",,1,0,"438","367"
11089,,,10,2,"266","87"
9478,,"0004-03-20",3,2,"261","353"
3257,,,3,1,"895","351"
10250,,"0008-08-20",1,0,"456","370"
3398,"0004-06-17",,1,0,"898","470"
5253,,"0005-01-18",1,1,"244","87"
8536,"0001-07-20","0001-12-20",1,0,"1539","597"
11165,"0007-09-20",,34,2,"2373","661"
3272,,,0,0,"566","397"
8736,,,0,0,"1585","586"
10530,,"0007-04-20",86,2,"1440","589"
4147,"0004-10-18",,1,0,"962","521"
3737,"0005-12-16",,0,1,"947","510"
5674,,,0,2,"1160","562"
2574,,"0007-01-17",2,0,"788","445"
3123,"2010-05-17","2010-12-17",32,0,"444","370"
9767,"0007-08-20",,26,1,"714","391"
305,,,6,0,"494","377"
10581,,"0008-01-20",165,2,"1150","324"
9235,"0004-09-20",,57,2,"2044","635"
2057,,"0005-01-14",2,1,"273","89"
7071,"0009-09-15",,4,1,"52","595"
5866,,"2010-02-18",20,0,"1223","440"
6804,"0006-02-19","0006-07-19",0,1,"946","510"
4173,"0004-09-18",,0,0,"433","366"
9107,"0004-10-20",,3,0,"1847","632"
4009,,"0004-02-18",0,0,"545","396"
3191,,,10,1,"845","345"
9696,"0006-10-20",,19,1,"1022","444"
8104,,,18,0,"756","440"
4573,,,0,0,"444","370"
9038,"0004-04-20","0004-09-20",17,2,"2023","83"
3959,"0003-05-18",,0,1,"945","510"
10157,"0007-11-20",,164,2,"281","324"
1490,"0009-01-15","0009-05-15",7,1,"578","407"
939,,,13,1,"226","214"
6220,,,2,2,"1150","87"
5646,,,0,2,"243","85"
10376,"0008-06-20",,28,2,"1351","579"
7827,"0009-03-19","0009-10-19",3,0,"750","441"
4826,,"0008-02-18",0,0,"1005","371"
10698,,"0007-11-20",19,2,"2336","658"
1909,"0009-11-15",,7,1,"253","194"
8105,,,144,0,"757","440"
1436,"0007-08-15","0007-11-15",5,1,"580","407"
6736,"0003-02-19",,17,0,"1503","594"
883,"0003-01-15",,1,1,"221","214"
6959,"0006-07-19","0006-12-19",53,2,"249","324"
10772,"0009-03-20","0009-11-20",1,2,"387","76"
6061,"0004-07-19",,0,1,"833","444"
1512,"0009-08-15","0009-12-15",3,1,"130","407"
6589,,,6,1,"17","91"
9199,,,12,2,"2132","644"
2021,"2010-08-14",,10,1,"268","87"
9706,,,60,0,"1135","559"
2446,"0009-06-17",,2,0,"734","433"
4219,,,0,1,"942","510"
2871,,,8,1,"845","345"
7885,"0009-04-19","0009-10-19",11,0,"1008","369"
3582,,,0,1,"944","510"
6518,,,1826,1,"4","90"
7027,,,14,2,"1093","85"
1296,"0009-10-15",,1,1,"164","335"
4537,,,0,0,"523","393"
3231,,,5,0,"556","396"
9673,"0006-06-20","0006-09-20",0,0,"1856","631"
1271,,,1,1,"150","335"
3616,,"2010-02-17",1,1,"946","510"
1637,,,9,1,"580","407"
7183,,,210,1,"69","595"
8956,,"0004-01-20",7,2,"1948","86"
3837,"0008-09-16","0008-12-16",4,1,"941","510"
3000,,,3,0,"694","428"
4876,"0008-06-18",,3,1,"940","510"
4325,"0005-05-18","0005-10-18",0,0,"450","371"
6445,"0004-12-19",,2,2,"1423","588"
8321,"2010-01-19","2010-07-19",5,2,"1144","87"
7423,"0007-04-19","0007-09-19",19,2,"1140","87"
5934,,,2,2,"265","87"
4302,,"0005-01-18",0,0,"507","383"
5341,"0009-10-18",,7,0,"889","467"
1181,,,8,0,"555","396"
2302,,,4,1,"302","87"
7501,,,22,2,"247","87"
8111,,,23,0,"1656","440"
8090,,,153,1,"713","391"
2359,,"2010-04-14",36,1,"308","89"
2624,"0009-08-17",,7,0,"599","414"
1869,"0009-11-15",,9,1,"249","194"
11045,,,184,0,"1641","612"
2582,"0009-10-17",,10,0,"767","442"
277,"0008-05-17",,5,0,"487","376"
5108,"0009-09-18",,25,2,"298","352"
5903,,,0,2,"262","352"
2925,,,3,0,"213","349"
6839,,,40,1,"826","444"
5125,,"0005-01-18",1,1,"319","352"
1678,"0004-03-12","0004-10-12",0,1,"1","90"
9771,"0007-08-20",,6,1,"1671","391"
2511,"0004-09-17",,1,0,"772","442"
9647,"0006-02-20","0006-08-20",0,1,"940","510"
9096,"0004-11-20",,0,1,"2078","638"
3834,"0008-09-16","0008-12-16",8,1,"938","510"
2284,"0007-10-15",,7,1,"301","88"
2261,,,103,1,"299","85"
10823,,,13,2,"316","353"
6581,,,0,1,"9","90"
2236,,,8,1,"296","88"
5620,"0003-10-19",,0,2,"269","89"
93,,,2,1,"264","87"
9004,,"0004-04-20",4,2,"1988","99"
10920,"0009-12-20",,79,2,"1152","87"
2844,,,12,0,"838","456"
1702,"0004-04-12","0004-10-12",2,1,"25","92"
6167,"0004-06-19",,27,2,"1269","528"
3942,,"0003-05-18",0,1,"940","510"
10222,"0008-08-20","0008-12-20",18,0,"445","371"
3410,"2011-07-17",,9,0,"913","372"
7080,"2010-08-15",,7,1,"54","595"
8319,"2010-01-19","2010-07-19",43,2,"1141","87"
2140,"2010-08-14",,19,1,"284","87"
2445,"0009-06-17",,1,0,"733","433"
2220,"0004-11-14",,0,1,"295","85"
8439,"2012-03-19","2012-08-19",36,0,"965","522"
2279,"0004-11-16",,3,1,"301","87"
2197,,,16,1,"291","88"
6193,"0004-06-19",,6,2,"1287","528"
4988,"0005-01-18","0005-08-18",20,1,"316","87"
4376,"0005-12-18",,0,0,"462","369"
6252,,,5,2,"300","324"
4681,"0007-09-18",,6,2,"975","87"
7760,,"0009-04-19",14,0,"445","371"
3680,,"0004-06-16",0,1,"943","510"
2330,,,148,1,"305","85"
3064,,,4,0,"864","458"
2431,"2010-08-14",,22,1,"317","87"
2900,,,17,0,"500","378"
4225,,,1,0,"898","470"
10627,"0009-05-20","0009-12-20",6,2,"1094","87"
2368,,,11,1,"309","324"
4978,,,47,2,"249","87"
1205,,"0009-05-17",2,0,"558","396"
4814,,,3,1,"942","510"
10440,"0009-01-20","0009-07-20",36,0,"1638","611"
5668,,,0,1,"1079","345"
2995,,"2010-04-17",1,1,"726","391"
322,,,6,0,"522","393"
5256,"0006-09-18",,2,1,"244","87"
8190,"0007-06-19",,61,2,"1318","577"
8659,,"0002-06-20",0,0,"1789","625"
8411,,,16,0,"1749","621"
5494,"2011-12-18",,65,0,"1116","556"
10142,"0007-03-20","0007-10-20",51,2,"306","324"
1984,"0009-03-15","0009-07-15",6,1,"265","88"
2615,"0009-08-17",,10,0,"628","411"
4613,"0007-03-18","0007-12-18",0,1,"941","510"
1860,"0009-10-15",,0,1,"248","88"
2104,"0004-11-16",,34,1,"279","87"
7324,,,12,1,"1516","346"
2489,"0009-07-17","0009-12-17",18,0,"740","439"
11255,,"2011-04-20",7,2,"350","78"
2975,"0009-05-17",,12,0,"856","405"
3932,,,0,0,"440","367"
2790,,,6,0,"190","332"
5604,"0003-10-19",,1,2,"286","87"
178,,,2,0,"447","370"
10904,,"2010-04-20",10,0,"2253","656"
6050,"0004-11-19",,17,2,"1244","568"
9068,"0004-03-20","0004-11-20",0,0,"1493","555"
10271,"0004-04-20","0004-10-20",33,2,"2218","588"
5213,,,35,0,"508","383"
10532,,"0007-04-20",28,2,"1438","589"
6187,"0004-06-19",,11,2,"1291","528"
9470,,"0004-03-20",0,2,"1769","85"
10204,,,3,0,"1008","369"
6431,"0004-12-19",,0,2,"1409","588"
2168,,"0004-07-14",2,1,"289","87"
10160,"0007-11-20",,40,2,"298","324"
2044,"0009-03-15","0009-10-15",3,1,"271","87"
10894,,"2010-02-20",117,1,"833","444"
2307,"0005-09-14",,0,1,"303","88"
2101,"0005-09-14",,3,1,"278","88"
8053,,,4,0,"1204","565"
3504,,,1,0,"540","396"
6827,,,0,1,"1019","536"
6112,,"0004-04-19",3,0,"447","370"
3399,"0004-06-17",,0,0,"899","470"
6131,,"0004-07-19",0,0,"1260","442"
7618,,"0008-05-19",92,2,"1194","563"
9166,"0004-08-20",,3,1,"726","391"
2640,"0009-08-17",,3,0,"654","412"
5391,"2010-04-18","2010-11-18",11,1,"728","391"
10161,,,40,2,"262","324"
2676,"0006-04-17","0006-07-17",0,1,"832","444"
3206,,,8,0,"216","349"
9995,"0007-10-20",,96,2,"1152","87"
9240,"0004-09-20",,14,2,"2049","635"
5080,,"0005-01-18",1,1,"265","194"
6811,"0006-07-19",,0,1,"941","510"
7749,,"0009-03-19",1,2,"1351","579"
10359,,"0007-10-20",182,2,"2052","635"
6851,"0005-08-19",,2,2,"1139","87"
4382,"0005-10-18",,0,0,"456","519"
7379,,,156,2,"309","324"
9926,"0006-09-20",,13,2,"311","87"
8904,,"0004-02-20",9,2,"1896","97"
3459,,,3,1,"180","333"
9291,"0004-10-20",,5,2,"1347","578"
7230,,"0007-06-19",0,1,"942","510"
10023,"0004-04-20","0004-09-20",0,2,"276","324"
11226,,"0007-10-20",95,2,"2431","663"
2294,"0005-09-14",,0,1,"301","89"
4067,"0004-01-18","0004-09-18",4,1,"297","85"
4536,,,0,1,"729","391"
4597,,"0007-03-18",2,1,"943","510"
7207,,"0007-02-19",40,1,"833","444"
3108,"2010-05-17","2010-12-17",10,0,"451","369"
10326,"0007-07-20",,1180,2,"2229","588"
6002,"0004-12-19",,0,2,"240","87"
149,"0007-06-17",,4,0,"450","371"
11281,,"2011-04-20",19,2,"2467","77"
1533,"0001-04-16",,2,1,"131","407"
3939,,"0003-05-18",0,1,"937","510"
8240,,,79,2,"1717","617"
3142,"2010-01-17",,50,0,"889","467"
8566,,,1,0,"1205","565"
7138,"0009-02-15","0009-09-15",2,1,"64","595"
9439,,"0005-04-20",0,1,"942","510"
9315,"0004-10-20",,13,2,"1459","591"
11252,,"2011-04-20",17,2,"343","78"
7826,"0009-03-19","0009-10-19",6,0,"1220","441"
11147,,"2011-07-20",20,2,"271","324"
9597,,,0,1,"940","510"
9595,,,0,1,"938","510"
10512,"0007-01-20",,18,2,"94","646"
7370,,,77,2,"276","352"
1191,,"0009-05-17",1,0,"542","396"
7002,,,5,2,"243","87"
1536,"0001-04-16",,0,1,"580","407"
9631,,"0006-02-20",0,1,"936","510"
434,"0008-12-17",,1,0,"568","398"
4491,"0006-06-18",,4,1,"261","85"
10668,,"0009-05-20",5,2,"1151","87"
8649,,"0002-06-20",0,0,"1780","625"
5282,,,0,1,"974","87"
9665,"0006-06-20","0006-09-20",4,0,"2158","632"
11173,,"0004-05-20",4,2,"2379","577"
1303,"0009-10-15",,0,1,"151","335"
952,"0007-04-17","0007-12-17",8,0,"217","350"
4418,,,0,1,"830","444"
1743,"0009-03-15","0009-10-15",11,1,"237","87"
2740,"0009-09-17",,5,0,"487","376"
4473,,,0,1,"1020","536"
5411,"2010-05-18","2010-12-18",52,0,"900","470"
9712,"0006-08-20",,0,1,"939","510"
9895,"0005-01-20","0005-07-20",10,2,"283","87"
4654,"0007-12-18",,2,1,"1021","536"
3022,,"2010-05-17",0,0,"456","369"
7159,,,2,2,"1353","579"
4730,,,8,1,"155","335"
1039,"0008-01-17","0008-08-17",0,0,"211","329"
835,,"0009-06-17",1,0,"734","433"
36,,,2,1,"253","87"
362,,"0009-01-17",1,0,"529","395"
3214,,,0,0,"539","396"
8962,,"0004-01-20",3,2,"1954","86"
9736,,"0007-03-20",0,1,"943","510"
10201,,,1,0,"1027","369"
3593,"0004-01-17","0004-09-17",0,1,"947","510"
2123,,,61,1,"280","87"
2184,"0009-03-15","0009-10-15",2,1,"290","87"
838,"0007-10-17",,1,1,"712","391"
9728,,,0,1,"943","510"
3997,,,0,1,"945","510"
1284,"0009-03-15","0009-06-15",2,1,"146","335"
10601,"0004-05-20",,4,2,"1280","528"
3015,,"2010-05-17",8,0,"448","370"
6542,,,1514,1,"28","92"
10883,,"2010-01-20",22,1,"1670","391"
483,,,3,1,"582","407"
380,"0005-06-17",,1,0,"563","397"
3867,,,22,1,"947","510"
8475,,,3,0,"1748","621"
1297,"0009-10-15",,1,1,"143","335"
5659,,,0,1,"1086","346"
1968,,"0007-09-14",24,1,"263","85"
4883,"0008-06-18",,5,1,"947","510"
9430,,,0,0,"1222","440"
1375,,,3,1,"155","335"
498,"0008-10-17",,5,1,"585","408"
4269,"0007-10-17",,17,1,"241","87"
2189,,,36,1,"290","324"
8551,,,3,0,"746","441"
9285,"0004-10-20",,8,2,"1342","578"
9283,"0004-10-20",,9,2,"1335","578"
6448,"0005-05-19","0005-10-19",3,2,"1426","589"
4000,,"0004-02-18",0,0,"535","396"
5529,"0001-02-19","0001-09-19",0,0,"1122","558"
4404,"0005-11-18",,0,1,"942","510"
3527,,,46,0,"710","432"
5952,,,1,2,"1147","87"
6785,"0006-03-19","0006-06-19",1,1,"1513","346"
1420,,,1,1,"155","335"
8373,,,166,2,"1145","324"
7271,"0007-08-19","0007-11-19",0,0,"523","393"
5128,,"0005-01-18",3,1,"287","352"
6188,"0004-06-19",,5,2,"1288","528"
9164,"0004-08-20",,0,1,"723","391"
3025,,"2010-05-17",7,0,"453","369"
5696,"0004-01-19",,0,2,"1194","563"
5879,,"0009-03-18",18,0,"1222","440"
6796,"0006-02-19","0006-07-19",0,1,"938","510"
8365,,,41,2,"1764","353"
6611,,,14,1,"263","94"
7345,,,8,2,"287","87"
5793,,,6,0,"744","441"
3244,,,20,0,"899","470"
2224,,,83,1,"295","88"
2060,"0004-11-16",,3,1,"274","87"
6115,,"0004-04-19",0,0,"458","369"
9152,,,1,0,"1583","602"
6052,"0004-11-19",,1,2,"1246","568"
4519,,,0,1,"521","391"
7026,,,24,2,"277","85"
4130,,,0,1,"293","87"
11409,"2011-08-20","2011-11-20",23,0,"2183","393"
4107,,,7,1,"245","194"
1598,"0007-06-16","0007-10-16",3,1,"581","407"
9367,"0004-10-20",,3,2,"106","646"
7287,"0007-06-19",,0,1,"945","510"
6122,,"0004-04-19",0,0,"460","519"
9037,"0004-04-20","0004-09-20",2,2,"2022","83"
9016,"0004-01-20","0004-06-20",86,2,"2000","84"
8934,,"0004-02-20",33,2,"1926","96"
6913,"0006-07-19","0006-12-19",1,2,"1153","87"
9420,,,1,0,"1212","565"
11376,,"2011-04-20",18,2,"2342","73"
6808,"0006-07-19",,0,1,"938","510"
8398,"2011-10-19",,12,1,"224","214"
4564,,,0,0,"445","371"
9313,"0004-06-20",,1,2,"1425","589"
993,"0008-05-17",,4,0,"201","326"
8823,,,1,2,"247","85"
10413,,,13,0,"2265","522"
6293,"0005-01-19","0005-07-19",1,0,"1199","565"
2947,,"2010-02-17",9,0,"803","450"
7288,"0007-06-19",,0,1,"1021","536"
3250,,,33,0,"901","470"
619,"0007-09-17",,1,0,"614","416"
1679,"0004-03-12","0004-10-12",0,1,"2","90"
6346,,"0005-03-19",29,2,"1344","578"
3633,"2010-04-17","2010-12-17",0,1,"939","510"
2327,"2010-08-15",,4,1,"304","88"
9686,,,0,1,"2082","638"
998,,"0005-04-17",10,0,"203","327"
4403,"0005-11-18",,0,1,"941","510"
3587,"0004-01-17","0004-09-17",1,1,"937","510"
10193,,"0008-01-20",25,0,"2155","555"
4666,"0007-09-18",,6,2,"281","87"
9600,,,0,1,"943","510"
138,,,0,0,"452","369"
4704,"0007-12-18",,9,0,"1030","546"
3133,,,270,0,"884","464"
153,,,0,0,"449","371"
9634,,"0006-02-20",0,1,"939","510"
4963,"0005-01-18","0005-08-18",0,1,"315","87"
6675,,,0,1,"937","510"
9405,,,0,0,"702","429"
4019,,"0004-03-18",0,1,"937","510"
10766,"0009-03-20","0009-11-20",1,2,"381","76"
8400,"2011-10-19",,22,1,"1643","214"
4423,,,0,1,"937","510"
9601,,,0,1,"944","510"
8438,"2012-03-19","2012-08-19",18,0,"964","522"
6684,,,0,1,"946","510"
240,"0008-06-17",,0,0,"466","372"
6495,"0005-02-19","0005-07-19",3,2,"1473","592"
5944,,,0,2,"269","89"
825,"0004-03-17","0004-11-17",0,0,"736","433"
2068,"0009-03-15","0009-07-15",0,1,"274","88"
3128,"2010-08-17",,4,1,"831","444"
11427,,"2011-10-20",0,0,"2495","664"
598,"0009-01-17","0009-08-17",0,0,"606","414"
4165,,,0,0,"968","523"
472,"0008-10-17",,2,1,"583","407"
4243,"0009-01-18","0009-05-18",2,2,"276","87"
7505,,,60,2,"1154","87"
3099,"2010-04-17","2010-11-17",13,1,"725","391"
2731,"0009-09-17",,1,0,"477","375"
9888,"0005-01-20","0005-07-20",2,2,"311","87"
10683,,"0009-05-20",36,2,"1150","324"
1894,,"0008-03-15",29,1,"252","88"
832,,"0009-06-17",3,0,"731","433"
628,"0009-01-17","0009-08-17",7,0,"634","411"
2626,"0009-08-17",,0,0,"603","414"
2910,"0004-12-17",,4,0,"846","457"
3379,,,17,0,"192","332"
8782,,,2,0,"1844","632"
441,,"0009-01-17",0,0,"488","376"
10269,"0004-04-20",,20,2,"2216","588"
3621,"2010-02-17","2010-04-17",0,1,"939","510"
4090,,"0004-02-18",4,1,"271","352"
353,,,0,0,"529","395"
3859,,,12,1,"939","510"
7264,"0007-12-19",,14,0,"1503","594"
2166,,"2010-08-15",16,1,"288","89"
7060,"0009-02-15","0009-09-15",4,1,"50","595"
5325,,,25,0,"1053","439"
2999,,"2010-04-17",3,1,"730","391"
429,"0007-01-17","0007-08-17",1,0,"569","398"
10398,,,5,0,"965","522"
10009,,,115,2,"283","87"
3626,"2010-02-17","2010-04-17",0,1,"944","510"
648,"0009-01-17","0009-08-17",5,0,"649","412"
911,,,9,1,"226","214"
4661,"0007-09-18",,30,2,"271","324"
6964,"0006-07-19","0006-12-19",10,2,"1094","85"
8001,"2010-06-19","2010-12-19",5,0,"1585","586"
6327,,"0005-03-19",15,2,"1325","578"
5673,,,2,2,"1159","562"
228,"0008-07-17",,18,0,"478","375"
6182,"0004-06-19",,1,2,"1286","528"
2409,,,376,1,"315","87"
8933,,"0004-02-20",12,2,"1925","96"
3284,,,0,0,"566","397"
184,"0008-07-17",,0,0,"446","370"
9400,,,0,0,"1197","564"
2283,,,15,1,"301","87"
382,"0005-06-17",,0,0,"565","397"
6887,"0005-08-19",,96,2,"273","324"
5785,,"2010-03-18",20,0,"1213","441"
7192,,,0,1,"942","510"
11066,,,1,2,"1760","87"
1133,"0008-11-17",,5,1,"171","333"
3192,,,23,1,"848","351"
599,"0009-01-17","0009-08-17",0,0,"607","414"
1537,"0001-04-16",,2,1,"581","407"
5024,,"0009-01-18",4,0,"450","371"
1251,,,2,1,"150","335"
7205,,"0007-02-19",179,1,"826","444"
9222,"0004-09-20",,4,2,"2065","636"
10179,,,1,1,"943","510"
10034,,,8,2,"246","324"
6383,,,8,2,"1376","580"
5241,"0005-01-18","0005-08-18",0,1,"284","87"
2242,,,42,1,"296","89"
1138,"0008-11-17",,6,1,"179","333"
2297,,,106,1,"302","85"
7048,"0007-10-15",,18,1,"58","595"
3784,,,28,1,"950","512"
1887,"0004-11-16",,5,1,"252","87"
10043,,,24,2,"275","324"
3599,,,0,1,"947","510"
5107,"0009-09-18",,99,2,"319","352"
2207,"0007-10-15",,4,1,"292","88"
5755,,,0,0,"1207","565"
11240,,"0007-10-20",50,2,"2432","663"
432,"0007-08-17",,0,0,"569","398"
6468,"0005-02-19","0005-07-19",76,2,"1446","590"
7343,,,22,2,"1154","87"
3528,,,320,0,"711","432"
1873,,,178,1,"250","85"
4197,,,14,1,"306","85"
98,,,17,1,"249","87"
8803,,,2,2,"1148","194"
5356,,"2010-04-18",9,1,"724","391"
8189,"0007-06-19",,555,2,"1317","577"
7270,"0007-06-19","0007-11-19",0,0,"1257","555"
5577,"0003-10-19",,2,2,"299","353"
1886,"0009-11-15",,62,1,"251","194"
9451,,"0004-03-20",2,2,"263","194"
111,,,2,1,"275","85"
2761,,,10,0,"596","410"
5289,,"0005-02-18",4,1,"283","353"
2698,,,0,1,"830","444"
7102,,"2010-08-15",6,1,"64","595"
7897,,,5,0,"1586","586"
11363,,"2011-04-20",35,2,"2346","73"
8671,"0002-06-20",,0,0,"1788","625"
2553,"0009-10-17",,13,1,"316","87"
7243,"0006-01-19","0006-10-19",5,0,"1494","594"
2183,"2010-08-14",,18,1,"290","87"
4324,"0005-05-18","0005-10-18",4,0,"445","371"
694,"0009-03-17","0009-10-17",28,0,"593","409"
1264,,,2,1,"143","335"
3281,,,0,0,"563","397"
5645,,,1,2,"295","85"
6745,,"0004-04-19",7,0,"1500","594"
3195,,,23,1,"850","351"
9799,"0007-08-20",,1,1,"944","510"
2049,"2010-08-14",,31,1,"272","87"
9349,"0004-10-20",,2,2,"1443","590"
5311,,,2,0,"1082","554"
4169,"0004-09-18",,0,0,"436","367"
6920,"0006-07-19","0006-12-19",8,2,"285","87"
5778,"0009-08-17","0009-11-17",9,0,"741","441"
4146,"0004-10-18",,2,0,"961","521"
10773,"0009-03-20","0009-11-20",4,2,"388","76"
3286,,,0,0,"564","397"
10563,,"0008-01-20",99,2,"253","87"
588,"0007-04-17","0007-11-17",0,0,"596","410"
9211,"0004-09-20",,0,2,"2054","636"
9352,"0004-10-20",,1,2,"83","590"
5640,,,0,2,"236","85"
8984,,"0004-05-20",1,1,"1968","587"
664,"0009-01-17","0009-08-17",3,0,"665","412"
5190,,"0005-01-18",1,1,"289","324"
1539,"0001-04-16",,2,1,"135","407"
8982,,"0004-05-20",2,1,"1964","587"
7819,"0009-03-19","0009-10-19",8,0,"1214","441"
2252,,,6,1,"298","87"
3251,,,4,0,"902","470"
3577,,,0,1,"939","510"
5718,,"0009-03-18",4,0,"1197","564"
11018,"2010-10-20",,4,2,"298","324"
8938,,"0004-02-20",4,2,"1930","96"
6654,,,0,0,"1025","370"
10202,,,1,0,"1025","369"
7510,,,10,2,"1148","87"
658,"0009-01-17","0009-08-17",7,0,"659","412"
5714,"0004-08-19",,3,0,"898","470"
9912,,,1,2,"282","87"
82,,,1,1,"295","89"
7056,"2010-06-15",,4,1,"46","595"
2362,,,23,1,"308","89"
4829,,,0,0,"453","518"
2789,,,0,0,"645","411"
10497,,"0007-04-20",21,2,"1457","591"
1948,,,11,1,"258","324"
194,"0008-07-17",,1,0,"458","369"
7044,"0007-10-15",,14,1,"54","595"
537,,"0009-09-17",4,1,"240","85"
5612,"0003-10-19",,0,2,"293","87"
1982,,,2,1,"265","88"
6283,"0005-01-19","0005-07-19",1,0,"746","441"
2653,"0009-10-17",,36,0,"508","383"
83,,"0005-04-17",1,1,"295","89"
9196,,,75,2,"2129","644"
3547,,,2,1,"245","194"
4952,"0005-08-18","0005-12-18",0,1,"305","87"
11049,,,17,0,"2184","611"
11211,,,11,2,"2423","618"
11413,,"2011-10-20",5,0,"1784","625"
6315,,,202,2,"1313","577"
1217,"0007-08-15","0007-12-15",0,1,"158","335"
9903,,,1,2,"1763","87"
6517,,,68,1,"3","90"
5026,,"0009-01-18",4,0,"954","371"
6963,"0006-07-19","0006-12-19",6,2,"283","85"
1926,,"0005-01-14",0,1,"256","89"
3781,,"0007-10-16",4,1,"939","510"
7125,"0009-09-15",,7,1,"63","595"
4208,,,1,1,"895","351"
10713,"0009-03-20","0009-11-20",3,2,"328","79"
11119,"2011-02-20","2011-07-20",3,0,"2364","660"
4715,,,4,1,"1017","536"
7733,,,100,0,"1529","522"
5184,,"0005-01-18",0,1,"300","324"
534,,"0009-09-17",13,1,"267","85"
3613,,"2010-02-17",0,1,"943","510"
3674,,,2,1,"947","510"
8913,,"0004-02-20",19,2,"1905","97"
5670,,,0,2,"1156","562"
6236,,,4,2,"249","85"
11128,,"2011-07-20",19,2,"265","87"
4091,"0004-02-18","0004-11-18",5,1,"271","352"
3315,,,23,0,"496","377"
2028,,,5,1,"269","89"
6310,,,529,2,"1308","577"
3454,,,21,1,"172","333"
7980,,,1,2,"1296","528"
3248,,,6,0,"901","470"
8937,,"0004-02-20",14,2,"1929","96"
2085,,,15,1,"276","85"
7814,"0009-06-19",,76,0,"1648","609"
3450,,,2,1,"168","333"
1349,"0007-07-16","0007-10-16",0,1,"147","335"
2613,"0009-08-17",,6,0,"624","413"
9158,"0004-08-20",,1,1,"521","391"
1204,,"0009-05-17",1,0,"557","396"
5362,,"2010-05-18",7,0,"892","469"
8561,,,0,0,"1199","565"
3116,"2010-05-17","2010-12-17",0,0,"459","369"
1646,,,33,1,"139","407"
1522,"0009-08-15","0009-12-15",4,1,"137","407"
4191,,,0,1,"273","352"
3028,,,26,0,"591","409"
2883,,,13,0,"482","375"
10467,"0007-12-20",,46,2,"1445","590"
7346,,,1,2,"288","87"
1348,"0007-07-16","0007-10-16",0,1,"146","335"
8118,,,10,0,"1661","566"
2427,,"2010-03-14",25,1,"316","88"
6831,,,0,1,"944","510"
2812,,,1,0,"656","412"
1643,,,33,1,"137","407"
8413,,,6,0,"1751","621"
3395,"2011-04-17","2011-12-17",3,0,"488","376"
3353,,,4,0,"125","338"
9816,,,2,0,"2151","555"
7877,"0009-11-19",,5,0,"444","370"
882,,,13,1,"224","214"
5387,"2010-04-18","2010-11-18",26,1,"724","391"
5244,,,5,2,"284","87"
6977,,,3,2,"1147","87"
11055,,,16,2,"266","87"
4977,"0006-09-18",,5,1,"249","87"
9259,,,0,1,"2069","637"
3589,"0004-01-17","0004-09-17",0,1,"939","510"
3240,,,6,0,"898","470"
58,,,3,1,"319","352"
3951,"0003-05-18",,0,1,"936","510"
10618,"0007-02-20",,42,2,"2305","657"
8965,,"0004-01-20",13,2,"1957","86"
8145,,,11,0,"751","441"
9592,"0005-01-20","0005-08-20",0,0,"1669","610"
6492,"0005-02-19","0005-07-19",4,2,"1470","592"
6324,,"0005-03-19",108,2,"1322","578"
1001,"0007-10-17",,20,0,"203","327"
2469,,,18,0,"757","440"
5811,,"2010-03-18",20,0,"1215","441"
4953,"0006-09-18",,2,1,"305","87"
11294,,"2011-03-20",69,2,"2472","79"
1769,,"0005-01-14",6,1,"239","89"
6091,"0003-08-19",,0,0,"432","366"
2909,,"2010-01-17",25,0,"509","383"
7803,,"0009-05-19",6,0,"1638","611"
1868,,"2010-04-14",9,1,"249","194"
2133,,"2010-03-14",56,1,"282","88"
2009,"0009-03-15","0009-07-15",47,1,"267","88"
9879,,,3,2,"251","87"
9141,,,1,1,"160","335"
9406,,,0,0,"703","429"
3368,"2011-03-17","2011-07-17",13,0,"524","393"
6155,,,1,1,"728","391"
8765,,"0004-04-20",1,0,"1826","629"
3095,"2010-04-17","2010-11-17",3,1,"721","391"
7722,,,3,0,"964","522"
5947,,,4,2,"1153","87"
7354,,,84,2,"310","87"
10372,"0008-06-20",,37,2,"1356","579"
10145,"0007-11-20",,15,2,"262","324"
50,"0007-06-17","0007-10-17",8,1,"241","87"
5005,,"0005-01-18",0,1,"248","87"
11325,,"2011-03-20",23,2,"373","76"
10711,"0009-03-20","0009-11-20",72,2,"326","79"
1983,,"0008-03-15",8,1,"265","88"
6406,"0005-09-19",,0,0,"1228","566"
7731,,,11,0,"1526","522"
6507,"0005-02-19","0005-07-19",10,2,"1485","593"
5222,"0006-09-18",,0,1,"276","87"
10705,"0009-08-20",,1,0,"973","367"
4261,,,0,1,"975","87"
7605,,"0008-05-19",38,2,"1181","563"
6442,"0004-12-19",,2,2,"1420","588"
59,,,2,1,"287","352"
7033,,,12,2,"1534","596"
2953,,"2010-02-17",1,0,"808","451"
3748,,,1,1,"939","510"
10722,"0009-03-20","0009-11-20",6,2,"337","79"
3645,"2010-12-17",,0,1,"939","510"
1279,"0009-03-15","0009-06-15",1,1,"161","335"
5662,,,0,1,"1083","346"
7395,"0007-06-19","0007-10-19",45,2,"1572","598"
1828,"0009-03-15","0009-10-15",2,1,"245","87"
11185,,"0004-05-20",8,2,"1311","577"
10348,"0007-07-20",,168,2,"2245","588"
6106,,"0004-04-19",0,0,"445","371"
7431,"0007-04-19","0007-09-19",10,2,"240","87"
5738,"0009-02-17","0009-05-17",0,0,"1203","565"
1231,"0007-08-15","0007-12-15",1,1,"150","335"
5248,"0005-01-18","0005-08-18",0,1,"975","87"
9469,,"0004-03-20",1,2,"1768","85"
10079,"0005-01-20","0005-07-20",0,2,"244","324"
1084,,"0009-06-17",9,0,"492","377"
9301,"0004-06-20",,25,2,"1434","589"
6813,"0006-07-19",,0,1,"943","510"
5608,"0003-10-19",,1,2,"975","87"
4830,,,8,0,"443","370"
10498,,"0007-04-20",80,2,"1459","591"
4828,,,1,0,"454","518"
8151,"2011-01-19","2011-08-19",41,0,"1676","616"
3522,,,2,0,"560","396"
4460,"0006-11-18",,3,1,"833","444"
6721,,"0003-02-19",5,0,"1500","594"
4965,"0006-09-18",,1,1,"315","87"
4128,,,2,1,"259","87"
967,,"0009-04-17",3,0,"443","370"
4820,,"0008-02-18",0,0,"449","371"
8917,,"0004-02-20",22,2,"1909","97"
6162,,,0,0,"780","443"
4551,,,0,1,"944","510"
11300,,"2011-03-20",15,2,"336","79"
9811,,,51,1,"1965","587"
8383,"2011-11-19",,8,0,"1756","622"
3811,"0008-08-16","0008-09-16",4,1,"939","510"
2688,"0007-07-17",,13,1,"832","444"
8783,,,1,0,"1845","632"
2665,"0009-01-17","0009-08-17",6,0,"802","450"
4989,"0005-08-18","0005-12-18",5,1,"316","87"
4110,,,4,1,"299","194"
6228,,,1,2,"1148","87"
8939,,"0004-02-20",13,2,"1931","96"
7448,"0007-04-19","0007-09-19",46,2,"245","324"
9915,,,2,2,"253","87"
7078,,"2010-08-15",11,1,"53","595"
8954,,"0004-01-20",5,2,"1946","86"
10826,,,4,2,"277","353"
8376,"2011-11-19",,7,0,"1748","621"
5825,,,1,0,"748","441"
10881,,"2010-01-20",27,1,"2182","391"
8311,"2010-01-19","2010-07-19",9,2,"316","87"
5230,"0005-08-18","0005-12-18",0,1,"263","87"
10591,"0004-05-20",,10,2,"1293","528"
6143,,,0,1,"833","444"
1125,"0007-07-17",,38,1,"184","333"
10015,,,22,2,"1760","87"
3489,,"2010-04-17",4,0,"570","399"
4997,"0007-09-18",,6,2,"288","87"
3304,,,35,0,"491","377"
8686,,,0,0,"1784","625"
141,,,0,0,"455","369"
9744,"0007-03-20","0007-08-20",0,1,"944","510"
404,,,1,0,"573","400"
8152,"0007-06-19",,495,2,"1319","578"
10312,"0004-04-20","0004-10-20",85,2,"2249","588"
1624,,,40,1,"583","407"
2293,,"0005-01-14",1,1,"301","89"
10815,"0009-03-20",,9,2,"2355","659"
4615,"0007-03-18","0007-12-18",0,1,"944","510"
7694,,,26,2,"1277","528"
5429,,"2011-03-18",17,1,"224","214"
3940,,"0003-05-18",0,1,"938","510"
6039,"0004-12-19",,1,2,"286","353"
10321,"0007-07-20",,1383,2,"2224","588"
5301,"0005-01-18","0005-07-18",0,1,"299","353"
8378,"2011-11-19",,4,0,"1770","621"
5829,"0008-12-18",,42,0,"1216","441"
7562,,,45,2,"1398","588"
8969,,"0004-04-20",2,1,"1561","346"
10763,"0009-03-20","0009-11-20",2,2,"378","76"
3808,"0008-08-16","0008-09-16",2,1,"936","510"
3665,,,3,1,"945","510"
565,"0007-05-17","0007-12-17",3,0,"437","367"
7436,"0007-04-19","0007-09-19",5,2,"242","87"
7108,,,53,1,"58","595"
8921,,"0004-02-20",3,2,"1913","97"
1865,,"0004-06-14",2,1,"249","87"
10427,,,105,0,"506","383"
7918,"0009-11-19",,14,0,"1261","442"
1636,,,27,1,"133","407"
8507,,"0001-03-20",13,0,"1747","621"
1451,,,10,1,"579","407"
8690,,,0,0,"1788","625"
10217,,,3,0,"2212","534"
9889,"0005-01-20","0005-07-20",2,2,"266","87"
10623,"0009-05-20","0009-12-20",17,2,"314","87"
1813,,,6,1,"243","324"
7706,,,11,2,"1291","528"
2402,,"2010-08-15",15,1,"314","89"
4278,,,0,0,"541","396"
9538,"0005-07-20","0005-11-20",0,1,"939","510"
1845,"2010-08-14",,14,1,"247","87"
2863,,,0,0,"840","456"
8022,"2010-12-19",,0,0,"1134","559"
2251,,"0004-07-14",3,1,"298","87"
4188,,,16,1,"291","352"
6165,,,0,0,"785","443"
3513,,,0,0,"551","396"
207,"0007-06-17","0007-12-17",0,0,"459","369"
8302,"2010-01-19","2010-07-19",27,2,"285","87"
10462,"0007-02-20","0007-07-20",89,2,"1691","578"
5160,,,60,2,"253","353"
10155,"0007-11-20",,345,2,"275","324"
8010,"2010-11-19",,5,0,"1348","555"
2401,"0009-11-15",,7,1,"314","89"
7783,"0009-06-19","0009-09-19",21,0,"1041","522"
7821,"0009-03-19","0009-10-19",13,0,"746","441"
8677,"0002-11-20",,1,0,"1014","393"
1762,,,14,1,"239","85"
9306,"0004-06-20",,16,2,"1438","589"
4187,,,1,1,"314","352"
7937,,"2010-06-19",0,0,"1593","586"
881,,,25,1,"223","214"
4469,,,0,1,"1016","536"
11237,,,1,2,"2440","663"
8829,,,2,2,"271","352"
5138,,,17,2,"298","352"
10419,,,15,0,"505","383"
1466,,,18,1,"140","407"
3607,,"2010-02-17",0,1,"937","510"
7134,"0009-02-15","0009-09-15",2,1,"60","595"
7296,,,11,0,"1555","551"
8396,"2011-10-19",,16,1,"222","214"
6863,"0005-08-19",,4,2,"310","87"
5252,"0009-01-18","0009-05-18",2,2,"975","87"
10634,"0009-05-20","0009-12-20",16,2,"1151","87"
6943,"0006-07-19","0006-12-19",20,2,"258","352"
6739,,"0004-04-19",5,0,"1494","594"
6411,"0005-09-19",,0,0,"1234","566"
9347,"0004-10-20",,4,2,"81","590"
5574,"0003-10-19",,1,2,"306","353"
4125,,,0,1,"286","87"
11364,,"2011-04-20",24,2,"405","73"
964,,"0009-04-17",3,0,"460","369"
9345,"0004-10-20",,8,2,"80","590"
3105,"2010-02-17","2010-12-17",14,1,"791","447"
6020,"0004-12-19",,0,2,"276","352"
9791,,,3,0,"2151","555"
4489,,,1,1,"271","324"
6487,"0005-02-19","0005-07-19",18,2,"1465","592"
5892,,,0,2,"308","324"
1059,"0009-01-17","0009-04-17",8,0,"522","393"
813,,"0004-07-17",0,1,"716","391"
8845,,,2,2,"242","87"
11026,"2010-10-20",,46,2,"265","87"
9985,"0007-10-20",,23,2,"265","87"
9617,,,0,1,"941","510"
5783,"0001-04-19",,0,0,"741","441"
1335,"0007-07-16","0007-10-16",2,1,"155","335"
7880,"0009-04-19","0009-10-19",34,0,"457","369"
9794,,,5,0,"2184","611"
7245,"0006-01-19","0006-10-19",5,0,"1496","594"
3003,,,4,0,"697","428"
7325,,,20,1,"1566","345"
10261,,"0008-08-20",0,0,"2211","534"
3266,"2010-11-17",,21,0,"507","383"
5121,"0005-07-18","0005-12-18",35,1,"291","352"
6261,,,2,2,"283","194"
9380,"0004-06-20",,27,2,"92","589"
2690,,,10,1,"828","444"
4566,,,0,0,"955","371"
5973,"0004-12-19",,6,2,"1145","89"
4198,,,2,1,"261","85"
6053,"0004-11-19",,3,2,"1247","568"
4911,,,4,1,"946","510"
9906,,,5,2,"314","87"
4339,"0005-03-18","0005-10-18",0,0,"455","519"
7540,,,7,2,"1369","580"
9130,,"0004-11-20",0,2,"2096","640"
3460,,,0,1,"182","333"
5376,"2010-01-18","2010-09-18",64,0,"1095","383"
1746,,,37,1,"237","87"
10165,,,36,2,"305","324"
6535,,,47,1,"21","92"
1437,"0007-08-15","0007-11-15",5,1,"581","407"
5086,"0005-07-18","0005-12-18",0,1,"243","85"
7776,,"0009-04-19",17,0,"460","519"
4085,"0004-02-18","0004-11-18",59,1,"257","194"
10916,"0009-12-20",,21,2,"253","87"
2800,,,5,0,"606","414"
9284,"0004-10-20",,8,2,"1322","578"
5919,,,5,2,"253","353"
7795,,"0009-07-19",23,1,"220","214"
3166,"2010-11-17",,5,1,"722","391"
9650,"0006-02-20","0006-08-20",0,1,"943","510"
5448,"2010-11-18",,35,1,"724","391"
3164,"2010-11-17",,0,1,"720","391"
655,"0009-01-17","0009-08-17",3,0,"656","412"
4203,,,5,1,"269","85"
10666,,"0009-05-20",5,2,"1764","87"
1877,"2010-08-14",,39,1,"250","87"
6769,,"0005-07-19",43,0,"1500","594"
9827,"0004-03-20","0004-09-20",1,2,"1763","87"
426,,"0009-03-17",1,0,"576","404"
2443,"0009-06-17",,0,0,"731","433"
3238,,,29,0,"897","470"
464,"0007-04-17","0007-11-17",2,1,"581","407"
5623,"0003-10-19",,1,2,"313","89"
5480,,,10,1,"1076","346"
7516,,,17,2,"288","87"
10044,,,0,2,"1150","324"
8248,"0007-04-19",,1297,2,"1721","618"
11245,,,1,2,"2442","663"
5983,"0004-12-19",,4,2,"285","87"
7451,"0007-04-19","0007-09-19",1420,2,"273","324"
9550,"0005-02-20","0005-12-20",1,1,"830","444"
9651,"0006-02-20","0006-08-20",0,1,"944","510"
2370,,,6,1,"309","324"
2204,"0004-11-14",,9,1,"292","85"
654,"0009-01-17","0009-08-17",18,0,"655","412"
11216,"0007-12-20",,127,2,"2421","618"
8482,,,13,0,"1747","621"
324,,,6,0,"524","393"
2934,,,9,0,"446","370"
7073,,"2010-08-15",3,1,"52","595"
2036,,,7,1,"270","85"
6623,"0005-01-13","0005-06-13",6,1,"264","95"
5277,"0005-01-18","0005-08-18",0,1,"258","87"
7622,,"0008-04-19",0,2,"1350","579"
10800,"0009-03-20",,3,2,"2340","73"
135,,,6,0,"442","368"
7578,,,51,2,"1415","588"
5498,,"2012-07-18",25,1,"714","391"
9984,"0007-10-20",,24,2,"266","87"
6108,,"0004-04-19",2,0,"443","370"
9921,,,2,2,"1762","87"
5189,"0005-07-18","0005-12-18",1,1,"236","324"
1967,"0004-11-14",,2,1,"263","85"
2434,,,19,1,"320","87"
8531,,"0001-08-20",2,0,"702","429"
8018,,,4,0,"1257","555"
1900,"2010-08-15",,5,1,"252","88"
10077,"0005-01-20","0005-07-20",1,2,"281","324"
1568,"0003-01-16","0003-10-16",3,1,"584","407"
4178,,,0,1,"285","324"
10172,,,134,2,"281","324"
7623,,"0008-04-19",3,2,"1351","579"
5358,,"2010-04-18",5,1,"726","391"
3726,,"0005-12-16",0,1,"944","510"
2950,,"2010-02-17",1,0,"805","451"
11106,,,7,2,"1024","324"
11043,"2010-12-20",,32,0,"2184","611"
6025,"0004-12-19",,2,2,"308","324"
4862,,"0008-06-18",10,1,"939","510"
5205,"0009-08-18",,74,1,"793","447"
7550,,,2,2,"1359","580"
11424,,"2011-10-20",14,0,"2498","625"
6671,,,0,0,"454","518"
1470,,,30,1,"578","407"
898,,,6,1,"220","214"
9748,,"0007-08-20",0,1,"1020","536"
1733,"0004-02-12","0004-10-12",8,1,"242","95"
11256,,"2011-04-20",6,2,"348","78"
8156,"0007-06-19",,229,2,"1322","578"
11092,,,6,2,"282","87"
8949,,"0004-01-20",11,2,"1941","86"
9376,"0004-10-20",,5,2,"90","591"
6949,"0006-07-19","0006-12-19",12,2,"315","352"
892,,,18,1,"223","214"
5847,,,3,0,"750","441"
8865,,,296,2,"1149","87"
76,,,4,1,"247","353"
2217,"2010-08-14",,23,1,"294","87"
7967,,,5,2,"1282","528"
8434,,"2012-08-19",21,0,"1752","621"
8209,,"0005-03-19",16,2,"1712","617"
5660,,,0,1,"1087","346"
928,,,2,1,"222","214"
6432,"0004-12-19",,4,2,"1410","588"
5921,,,0,2,"263","353"
10794,"0009-03-20",,6,2,"409","73"
249,"0008-06-17",,2,0,"465","373"
10771,"0009-03-20","0009-11-20",1,2,"386","76"
5631,,,1,2,"1153","194"
960,,"0009-04-17",0,0,"456","369"
3181,"2010-12-17",,10,0,"455","369"
10725,"0009-03-20",,5,2,"340","78"
344,,,5,0,"530","395"
1730,"0004-02-12","0004-10-12",2,1,"44","95"
9764,"0007-04-20",,10,0,"2154","555"
3320,,"2011-03-17",35,0,"897","470"
5787,"0009-08-17",,40,0,"742","441"
1484,,,78,1,"138","407"
1707,"0004-04-12","0004-10-12",1,1,"30","92"
9802,"0007-08-20",,2,1,"2164","536"
10923,,,29,2,"319","87"
5516,"2012-02-18","2012-09-18",6,0,"1122","558"
376,"0007-08-17",,1,0,"563","397"
9060,"0004-06-20","0004-11-20",24,2,"76","596"
6837,,,22,1,"828","444"
5022,"0009-01-18","0009-09-18",5,0,"451","518"
1472,,,18,1,"130","407"
5285,,,1,2,"974","87"
2063,,,68,1,"274","87"
5590,"0003-10-19",,0,2,"276","87"
7199,,,3,1,"1519","574"
2671,"0009-01-17","0009-08-17",3,0,"810","451"
10888,,"2010-01-20",1,1,"729","391"
854,"0007-10-17",,4,1,"728","391"
5380,"2010-04-18","2010-11-18",19,1,"714","391"
5807,"0001-04-19",,0,0,"1214","441"
2707,"0009-09-17",,5,1,"832","444"
8150,"2011-01-19","2011-08-19",29,0,"1582","601"
4356,,,0,1,"728","391"
6493,"0005-02-19","0005-07-19",4,2,"1471","592"
9326,"0004-10-20",,3,2,"1453","590"
3036,,"2010-06-17",1,0,"596","410"
1219,"0007-08-15","0007-12-15",0,1,"160","335"
10925,,,28,2,"311","87"
1932,,,58,1,"256","89"
5398,"2010-09-18",,68,0,"1095","383"
14,"0007-06-17","0007-10-17",11,1,"259","87"
7110,,,3,1,"60","595"
462,"0007-04-17","0007-11-17",2,1,"578","407"
8496,,,35,0,"1775","470"
685,"0009-03-17","0009-10-17",30,0,"673","418"
9739,,"0007-04-20",4,0,"1348","555"
52,,,0,1,"273","352"
11220,"0007-12-20",,91,2,"2422","618"
1962,"0009-11-15",,70,1,"262","85"
7794,"0009-06-19","0009-09-19",1,0,"1531","522"
9670,"0006-06-20","0006-09-20",11,0,"1853","631"
9098,"0004-11-20",,0,1,"2080","638"
6650,,"0002-08-19",5,0,"1505","594"
9525,"0005-04-20","0005-07-20",0,1,"938","510"
6524,,,76,1,"10","90"
10520,"0007-01-20",,110,2,"99","646"
6890,"0005-08-19",,4,2,"295","324"
8766,,"0004-03-20",0,0,"1844","632"
280,"0005-08-17",,3,0,"508","383"
564,"0007-07-17",,0,0,"441","366"
6190,"0004-06-19",,9,2,"1292","528"
1397,"0007-04-17","0007-09-17",0,1,"157","335"
2373,,"0004-07-14",2,1,"311","87"
842,"0007-10-17",,2,1,"719","391"
10527,,"0007-04-20",171,2,"1429","589"
7835,"0009-03-19","0009-09-19",8,0,"1207","565"
10912,"0009-12-20",,4,2,"1094","87"
43,,,5,1,"317","87"
165,,,0,0,"459","369"
8403,,,39,0,"1749","621"
3896,"0002-03-17",,1,1,"945","510"
6893,"0005-08-19",,3,2,"248","324"
4609,"0007-02-18","0007-05-18",29,0,"965","522"
10767,"0009-03-20","0009-11-20",1,2,"382","76"
1040,"0008-01-17","0008-08-17",0,0,"212","329"
3955,"0003-05-18",,0,1,"941","510"
7911,,,20,0,"1664","612"
7032,,,38,2,"1533","596"
1423,,,0,1,"158","335"
2727,"0003-11-17",,10,1,"831","444"
4582,,,1,0,"1008","369"
3501,,,2,0,"537","396"
8395,"2011-10-19",,5,1,"221","214"
4744,,,15,1,"146","335"
8618,,,4,0,"1529","522"
7129,"0009-02-15","0009-09-15",4,1,"55","595"
10408,,,19,0,"1529","522"
8980,,"0004-05-20",2,1,"1962","587"
8999,,"0004-04-20",6,2,"1983","99"
6919,"0006-07-19","0006-12-19",1,2,"1154","87"
7857,"0009-02-19","0009-11-19",9,0,"1661","566"
8284,,,11,2,"1742","620"
6938,"0006-07-19","0006-12-19",9,2,"239","87"
1777,,"2010-03-14",31,1,"240","85"
1369,,,3,1,"147","335"
3611,,"2010-02-17",2,1,"941","510"
5018,,"0009-01-18",1,0,"454","518"
10318,"0007-07-20",,1668,2,"2221","588"
9805,"0007-08-20",,6,1,"2166","536"
3096,"2010-04-17","2010-11-17",2,1,"722","391"
3361,"2011-01-17","2011-06-17",2,0,"910","372"
1382,,,8,1,"162","335"
3216,,,1,0,"541","396"
442,,"0009-01-17",0,0,"489","376"
10760,"0009-03-20","0009-11-20",0,2,"375","76"
8007,"2010-09-19",,6,0,"1639","611"
829,"0007-04-17","0007-11-17",3,0,"734","433"
6476,"0005-02-19","0005-07-19",6,2,"1454","590"
9124,"0004-12-20",,0,0,"1664","612"
8348,,,116,2,"282","194"
6838,,,28,1,"829","444"
3147,"0007-03-17","0007-10-17",4,0,"888","467"
863,,,1,0,"474","380"
5206,,,8,1,"242","324"
9019,"0004-01-20","0004-06-20",10,2,"2003","84"
3717,,,0,1,"944","510"
9080,"0004-09-20",,1,0,"1537","597"
6754,"0004-07-19",,2,0,"1497","594"
6304,"0005-01-19","0005-07-19",0,0,"1210","565"
10952,"2010-01-20","2010-08-20",39,1,"725","391"
1143,"0008-11-17",,6,1,"184","333"
367,"0007-12-17",,1,0,"544","396"
11337,,"2011-03-20",64,2,"389","76"
4077,,"0004-02-18",2,1,"263","194"
6952,"0006-07-19","0006-12-19",7,2,"300","324"
4809,,,4,1,"937","510"
180,,,0,0,"445","370"
2525,"0007-02-17","0007-10-17",3,0,"772","442"
6399,"0005-09-19",,0,0,"1224","440"
2035,,,27,1,"270","85"
9762,"0007-07-20","0007-11-20",11,0,"2179","652"
9823,,,21,1,"1680","346"
2399,,,3,1,"314","89"
9188,,,0,2,"2120","642"
2580,"0009-10-17",,17,0,"765","442"
6189,"0004-06-19",,10,2,"1279","528"
5047,,"0009-01-18",7,0,"1008","369"
2559,"0009-10-17",,9,1,"278","87"
6984,,,68,2,"1138","87"
6677,,,0,1,"939","510"
8,,,1,1,"256","87"
3045,,,15,0,"166","431"
597,"0009-01-17","0009-08-17",4,0,"605","414"
3207,,,2,0,"217","350"
9569,"0005-11-20",,0,1,"938","510"
9710,"0006-08-20",,0,1,"937","510"
6263,,,1,2,"306","194"
2490,"0009-05-17","0009-09-17",10,0,"213","349"
5977,"0004-12-19",,0,2,"1141","87"
11340,,"2011-03-20",37,2,"385","76"
8791,,,0,0,"1853","631"
9178,,,1,2,"2110","642"
3529,"2010-02-17","2010-09-17",331,0,"708","432"
2387,,,14,1,"312","324"
10972,"2010-08-20","2010-11-20",2,0,"2071","637"
7887,"0009-04-19","0009-10-19",6,0,"454","369"
6396,"0005-09-19",,0,0,"756","440"
4823,,"0008-02-18",0,0,"954","371"
9778,"0007-10-20",,74,0,"1639","611"
8901,,"0004-02-20",29,2,"1893","97"
6514,"0005-02-19","0005-07-19",52,2,"1492","593"
9837,"0004-03-20","0004-09-20",5,2,"259","87"
190,"0008-07-17",,1,0,"454","369"
903,,"0002-06-16",7,1,"223","214"
4960,,,0,2,"281","87"
6285,"0005-01-19","0005-07-19",1,0,"748","441"
2594,"0009-12-17",,7,0,"696","428"
8077,,,15,0,"1014","393"
1263,,,1,1,"164","335"
10643,"0009-05-20","0009-12-20",19,2,"305","324"
8357,,,23,2,"266","353"
10029,"0004-04-20","0004-09-20",1,2,"281","324"
9825,,,61,1,"1681","346"
11150,,"2011-07-20",7,2,"275","324"
8601,,,0,0,"1229","566"
10109,"0006-09-20",,15,2,"281","324"
35,,,2,1,"253","87"
2868,,,0,0,"195","331"
6109,,"0004-04-19",3,0,"444","370"
11104,,,7,2,"315","324"
9594,,,0,1,"937","510"
7409,"0007-04-19","0007-09-19",34,2,"247","87"
2963,"0009-05-17",,10,0,"817","405"
4244,,,1,1,"305","87"
3020,,"2010-05-17",3,0,"458","369"
3203,,,5,0,"213","349"
4322,"0005-05-18","0005-10-18",0,0,"955","371"
6457,"0005-05-19","0005-10-19",5,2,"1435","589"
11324,,"2011-03-20",13,2,"362","80"
1433,"0007-08-15","0007-11-15",5,1,"131","407"
556,,,0,0,"437","367"
9263,"0004-11-20",,4,0,"1821","629"
7774,,"0009-04-19",17,0,"455","519"
2144,,,49,1,"284","89"
22,"0007-06-17","0007-10-17",13,1,"272","87"
3040,"0009-07-17",,7,0,"705","431"
5976,"0004-12-19",,4,2,"1153","87"
7524,,,274,2,"261","87"
4891,"0008-05-18","0008-12-18",37,0,"505","383"
6216,,,4,2,"1144","87"
1566,"0003-01-16","0003-10-16",1,1,"140","407"
7131,"0009-02-15","0009-09-15",9,1,"57","595"
10944,,"2010-04-20",12,2,"1762","87"
3804,"0008-03-16","0008-08-16",11,1,"936","510"
723,,,0,0,"687","421"
6799,"0006-02-19","0006-07-19",0,1,"941","510"
2862,,,0,0,"839","456"
6858,"0005-08-19",,2,2,"1144","87"
4492,"0006-06-18",,0,1,"310","85"
7203,,"0007-02-19",89,1,"828","444"
6303,"0005-01-19","0005-07-19",0,0,"1209","565"
532,,"0009-09-17",4,1,"310","85"
980,"0008-05-17","0008-10-17",4,0,"199","325"
3609,,"2010-02-17",0,1,"939","510"
1712,"0004-04-12","0004-10-12",0,1,"35","93"
6259,,,2,2,"277","194"
3403,"2011-10-17",,1,1,"832","444"
6394,"0005-09-19",,0,0,"1221","440"
806,"0004-03-17","0004-10-17",1,1,"721","391"
2354,"0009-11-15",,15,1,"308","85"
3799,,"0008-08-16",29,1,"944","510"
1555,"0003-01-16","0003-10-16",1,1,"133","407"
11404,,"2011-04-20",39,2,"2359","659"
5694,"0004-01-19",,8,2,"1196","563"
4388,"0005-02-18","0005-11-18",0,1,"938","510"
7875,"0009-11-19",,34,0,"1025","370"
6443,"0004-12-19",,8,2,"1421","588"
7829,"0009-03-19","0009-09-19",12,0,"1199","565"
6380,,,38,2,"1373","580"
9846,,,4,2,"1763","87"
5583,"0003-10-19",,1,2,"300","324"
11333,,"2011-03-20",30,2,"390","76"
7558,,"0008-02-19",44,1,"1508","587"
4416,,,0,1,"829","444"
6862,"0005-08-19",,5,2,"1150","87"
9716,"0006-08-20",,0,1,"943","510"
7758,,"0009-04-19",18,0,"1004","371"
5575,"0003-10-19",,2,2,"297","353"
1781,,"0004-07-14",5,1,"240","87"
1800,"0009-11-15",,83,1,"242","85"
4572,,,4,0,"443","370"
10648,"0009-05-20","0009-12-20",103,2,"275","324"
5142,,"0009-01-18",7,0,"1010","535"
2654,"0009-10-17",,22,0,"509","383"
492,"0007-04-17","0007-11-17",12,1,"585","408"
5262,"0006-09-18",,0,1,"286","87"
5321,,,2,0,"1104","554"
7666,"0007-08-19","0007-12-19",11,2,"1275","528"
8604,,,0,0,"1232","566"
5769,,"0009-01-18",1,0,"1210","565"
1119,"0007-07-17",,19,1,"177","333"
7500,,,24,2,"299","87"
1525,"0009-08-15","0009-12-15",4,1,"139","407"
566,"0007-05-17","0007-12-17",7,0,"438","367"
4909,,,5,1,"944","510"
3073,"2010-07-17",,0,0,"874","462"
3704,,,0,1,"940","510"
6049,"0004-11-19",,4,2,"1243","568"
9189,,,0,2,"2121","642"
1317,,,5,1,"150","335"
3925,,"0003-09-17",0,1,"943","510"
1864,"2010-08-15",,14,1,"248","88"
6758,"0004-07-19",,2,0,"1501","594"
4678,"0007-09-18",,25,2,"286","87"
5267,"0005-08-18","0005-12-18",2,1,"254","87"
8285,,,13,2,"1743","620"
9854,,,0,2,"1094","87"
8180,"0007-06-19",,183,2,"1691","578"
11320,,"2011-03-20",22,2,"2476","80"
2571,,"0008-03-17",18,0,"787","445"
491,,"0005-02-17",3,1,"590","408"
11013,"2010-10-20",,19,2,"275","324"
4100,"0004-10-18",,0,1,"833","444"
10031,"0004-04-20","0004-09-20",3,2,"244","324"
4136,"0004-11-18",,0,1,"309","352"
5257,,,8,2,"244","87"
7867,"0009-12-19",,40,0,"1646","608"
10538,"0007-02-20","0007-07-20",175,2,"113","578"
8906,,"0004-02-20",0,2,"1898","97"
8925,,"0004-02-20",9,2,"1917","96"
2908,,"2010-01-17",13,0,"508","383"
8067,,,9,0,"1198","564"
3907,,,0,1,"947","510"
9514,,"0004-04-20",6,2,"315","352"
4292,,,5,1,"978","527"
1211,"0009-04-17","0009-08-17",18,0,"514","389"
6755,"0004-07-19",,1,0,"1498","594"
3329,,"2011-04-17",8,0,"478","375"
5689,,,1,2,"1175","562"
591,"0009-01-17","0009-08-17",2,0,"599","414"
9645,"0006-02-20","0006-08-20",0,1,"938","510"
3950,"0003-05-18",,0,1,"936","510"
10924,,"2010-04-20",24,2,"319","87"
6966,"0006-07-19","0006-12-19",2,2,"277","85"
2051,,,7,1,"272","87"
6047,"0004-12-19",,18,2,"280","353"
4129,,,1,1,"284","87"
8819,,,3,2,"1140","324"
8676,"0002-06-20",,2,0,"1793","625"
1294,"0009-10-15",,0,1,"161","335"
3088,"2010-04-17","2010-11-17",13,1,"714","391"
272,"0005-01-17","0005-07-17",1,0,"507","383"
659,"0009-01-17","0009-08-17",4,0,"660","412"
1330,,,0,1,"147","335"
7528,,,10,2,"242","87"
8935,,"0004-02-20",8,2,"1927","96"
9993,"0007-10-20",,32,2,"251","87"
4426,,,0,1,"940","510"
10134,"0007-03-20","0007-10-20",28,2,"305","324"
2548,"0009-10-17",,1,1,"315","87"
6626,,,0,0,"1257","555"
10296,"0004-04-20",,55,2,"2242","588"
5259,,"0005-01-18",1,1,"286","87"
3831,"0008-08-16","0008-09-16",3,1,"947","510"
7949,,"0009-07-19",115,0,"1505","594"
3217,,,4,0,"542","396"
7274,"0007-08-19","0007-11-19",1,0,"1014","393"
9945,,"0007-03-20",73,2,"311","87"
1684,"0004-03-12","0004-10-12",0,1,"7","90"
11247,,"0007-10-20",0,2,"2436","663"
10105,"0006-09-20",,173,2,"293","324"
8555,,,2,0,"1217","441"
7005,,,39,2,"264","352"
3190,"2010-07-17",,3,0,"892","469"
2292,"2010-08-15",,1,1,"301","88"
3087,"2010-04-17","2010-11-17",4,1,"713","391"
4921,"0009-06-18","0009-09-18",2,1,"224","214"
5939,,,1,2,"1139","87"
2105,,,64,1,"279","87"
494,"0007-04-17","0007-11-17",1,1,"587","408"
1615,,,14,1,"132","407"
5039,,"0009-01-18",10,0,"446","370"
4383,"0005-10-18",,0,0,"461","519"
9807,,,26,1,"1508","587"
4709,,,0,1,"940","510"
3382,"2011-05-17","2011-11-17",17,0,"507","383"
3891,"0002-03-17",,0,1,"939","510"
6909,"0005-08-19",,6,2,"319","89"
669,"0007-07-17",,15,0,"669","417"
3258,,,3,1,"903","346"
10310,"0004-04-20",,20,2,"2247","588"
4497,"0006-06-18",,1,1,"269","85"
4007,,"0004-02-18",0,0,"543","396"
7820,"0009-03-19","0009-10-19",16,0,"1215","441"
8146,,"2011-04-19",15,0,"1673","615"
10144,"0007-03-20","0007-10-20",41,2,"298","324"
4699,"0007-09-18",,3,1,"725","391"
11183,,"0004-05-20",9,2,"2382","577"
6594,,,3,1,"22","92"
7511,,,2,2,"1147","87"
7673,"0007-08-19","0007-12-19",7,2,"1282","528"
8262,"2011-06-19","2011-11-19",18,0,"963","522"
3898,,,0,1,"936","510"
5936,,,1,2,"1140","87"
2916,,,3,0,"739","439"
7137,"0009-02-15","0009-09-15",8,1,"63","595"
1427,,,2,1,"162","335"
3282,,,0,0,"564","397"
10132,"0007-03-20","0007-10-20",1,2,"264","324"
3993,,,0,1,"941","510"
6397,"0005-09-19",,0,0,"757","440"
523,,"0009-09-17",8,1,"276","353"
8780,,"0004-03-20",0,0,"1858","631"
2397,,"0005-01-14",1,1,"314","89"
3396,"2011-04-17","2011-12-17",8,0,"489","376"
10492,,"0007-04-20",148,2,"112","81"
7535,,,10,2,"1382","580"
9533,"0005-04-20","0005-07-20",0,1,"946","510"
1947,,,12,1,"258","324"
7920,"0009-11-19",,14,0,"1263","442"
11203,,,5,2,"2395","662"
9510,,"0004-04-20",40,2,"295","352"
1394,,,5,1,"152","335"
6349,,"0005-03-19",71,2,"1347","578"
2984,,"2010-04-17",1,1,"715","391"
923,"2010-08-16","2010-09-16",4,1,"224","214"
576,"0009-03-17","0009-10-17",10,1,"319","352"
7773,,"0009-04-19",1,0,"447","370"
105,,,6,1,"248","87"
3121,"2010-05-17","2010-12-17",59,0,"447","370"
6200,,,0,2,"271","89"
932,,,13,1,"226","214"
1805,"0005-09-14",,2,1,"243","89"
3782,,,7,1,"948","512"
9654,"0006-02-20","0006-08-20",0,1,"947","510"
7900,,,1,0,"1590","586"
4983,"0005-08-18","0005-12-18",3,1,"311","87"
9652,"0006-02-20","0006-08-20",0,1,"945","510"
9814,,,8,0,"2154","555"
7101,,"2010-08-15",8,1,"63","595"
10710,"0009-03-20","0009-11-20",10,2,"325","79"
5143,,"0009-01-18",8,0,"1011","535"
1635,,,22,1,"132","407"
9177,,,1,2,"2109","641"
6424,"0004-12-19",,3,2,"1402","588"
9911,,,2,2,"1094","87"
10971,"2010-08-20","2010-11-20",4,0,"2070","637"
8197,,"0005-03-19",3,2,"1700","617"
8767,,"0004-03-20",0,0,"1845","632"
4729,,,1,0,"1044","548"
10887,,"2010-01-20",0,1,"728","391"
9989,"0007-10-20",,40,2,"259","87"
3890,"0002-03-17",,0,1,"938","510"
3196,,,5,1,"893","351"
10332,"0007-07-20",,2894,2,"2235","588"
2521,"0007-02-17","0007-10-17",9,0,"768","442"
5844,"0001-04-19",,0,0,"1220","441"
7066,"0009-09-15",,2,1,"51","595"
10183,,,3,1,"2164","536"
3390,"2011-04-17","2011-12-17",9,0,"483","376"
9874,,,0,2,"282","87"
370,"0007-12-17",,3,0,"555","396"
3714,,,0,1,"941","510"
2837,,,2,0,"842","456"
7893,,,8,0,"1639","611"
4202,,,4,1,"259","85"
9626,,"0006-02-20",0,0,"1644","608"
1815,,,68,1,"244","85"
4833,,,4,0,"447","370"
7462,"0007-04-19","0007-09-19",41,2,"251","85"
5014,"0007-10-17",,9,1,"312","87"
7216,,"0007-06-19",30,0,"433","366"
3910,,,0,1,"938","510"
6150,,,0,1,"718","391"
1439,"0007-08-15","0007-11-15",8,1,"135","407"
2274,,"0004-07-14",0,1,"300","87"
9023,"0004-04-20","0004-09-20",3,2,"2007","83"
8369,,,70,2,"245","324"
7347,,,74,2,"289","87"
10956,"2010-08-20","2010-11-20",2,0,"2076","638"
6388,,,66,2,"1381","580"
1675,"0005-02-18","0005-09-18",1,1,"150","335"
64,,,5,1,"271","352"
6691,,"0006-02-19",0,1,"941","510"
7934,,"2010-06-19",1,0,"1590","586"
10603,"0004-05-20",,6,2,"1283","528"
5951,,,2,2,"1148","87"
811,"0004-03-17","0004-10-17",1,1,"729","391"
7621,,"0008-04-19",0,2,"1349","579"
3318,,,10,0,"499","378"
2094,,,37,1,"277","87"
10740,"0009-03-20","0009-11-20",3,2,"355","80"
8252,"0007-04-19",,4277,2,"1725","618"
10778,"0009-03-20","0009-11-20",5,2,"393","75"
6944,"0006-07-19","0006-12-19",17,2,"262","352"
7943,,"0009-07-19",41,0,"1499","594"
6107,,"0004-04-19",0,0,"955","371"
3842,"0008-09-16","0008-12-16",14,1,"946","510"
8267,"2011-06-19","2011-11-19",7,0,"1043","522"
130,,,9,1,"255","324"
2597,"0009-12-17",,2,0,"699","428"
6307,"0005-02-19","0005-07-19",0,0,"1197","564"
1005,"0008-06-17",,22,0,"204","327"
8833,,,1,2,"276","352"
9729,,,0,1,"944","510"
6751,"0004-07-19",,6,0,"1494","594"
1449,"0007-08-15","0007-11-15",2,1,"142","407"
9687,,,0,1,"2083","638"
7300,,,98,0,"1041","522"
7769,,"0009-04-19",67,0,"459","369"
488,,"0005-02-17",2,1,"587","408"
646,"0009-01-17","0009-08-17",3,0,"647","412"
7008,,,36,2,"305","352"
6579,,,1,1,"7","90"
316,,"0004-07-17",1,0,"513","389"
5349,,"2010-04-18",1,1,"716","391"
5940,,,1,2,"239","87"
3574,,,0,1,"936","510"
6916,"0006-07-19","0006-12-19",2,2,"265","87"
9648,"0006-02-20","0006-08-20",0,1,"941","510"
9749,,"0007-08-20",0,1,"2165","536"
4304,,"0005-01-18",1,0,"509","383"
7667,"0007-08-19","0007-12-19",31,2,"1276","528"
7055,"0007-10-15",,17,1,"65","595"
11276,,"2011-04-20",159,2,"2462","77"
9520,,"0004-04-20",4,2,"306","352"
10681,,"0009-05-20",9,2,"295","324"
9089,"0004-11-20",,0,1,"2068","637"
6866,"0005-08-19",,0,2,"316","87"
5989,"0004-12-19",,0,2,"1149","87"
11249,,"2011-04-20",7,2,"340","78"
4805,,"0008-02-18",8,0,"1010","535"
7823,"0009-03-19","0009-10-19",13,0,"748","441"
11268,,"2011-04-20",11,2,"2454","77"
1213,"0005-02-18","0005-09-18",4,1,"156","335"
7106,,,5,1,"56","595"
3741,,,0,1,"941","510"
8166,"0007-06-19",,605,2,"1333","578"
1558,"0003-01-16","0003-10-16",2,1,"134","407"
6982,,,2,2,"288","87"
10978,"2010-06-20","2010-12-20",3,0,"1042","522"
3531,"2010-02-17","2010-09-17",725,0,"710","432"
10402,,,1,0,"1044","522"
6833,,,1,1,"1021","536"
9851,,,0,2,"266","87"
6627,,,4,0,"1494","594"
7727,,,15,0,"1044","522"
9134,,"0004-09-20",0,2,"2100","579"
4503,,,10,1,"243","85"
3483,,"0009-01-17",8,1,"187","333"
11088,,,9,2,"311","87"
9963,"0007-03-20","0007-10-20",47,2,"314","87"
4762,,,10,0,"1046","349"
2720,,,0,1,"830","444"
9549,"0005-02-20","0005-12-20",1,1,"829","444"
474,,,1,1,"578","407"
1881,,"0004-06-14",0,1,"251","87"
6018,"0004-12-19",,0,2,"262","352"
5261,"0005-08-18","0005-12-18",0,1,"286","87"
4588,,,0,0,"455","519"
10807,"0009-03-20",,6,2,"2347","659"
3097,"2010-04-17","2010-11-17",10,1,"723","391"
5173,"0009-08-18",,7,1,"979","527"
10658,,"0009-05-20",12,2,"311","87"
5600,"0003-10-19",,0,2,"254","87"
10187,,,3,1,"2172","536"
7371,,,18,2,"1024","352"
6086,"0003-06-19",,10,0,"438","367"
10633,"0009-05-20","0009-12-20",8,2,"251","87"
2679,,,2,1,"830","444"
2454,"0009-05-17","0009-07-17",4,0,"738","439"
6999,,,0,2,"240","87"
1653,"0005-02-18","0005-09-18",3,1,"157","335"
7565,,,95,2,"1401","588"
11418,,"2011-10-20",7,0,"1789","625"
1956,"0009-11-15",,42,1,"261","85"
6482,"0005-02-19","0005-07-19",25,2,"1460","591"
6093,"0003-08-19",,5,0,"435","366"
6480,"0005-02-19","0005-07-19",166,2,"1458","591"
4560,,,4,1,"832","444"
459,,"0005-02-17",2,1,"582","407"
11082,,,13,2,"244","324"
10878,,"2010-01-20",11,1,"2362","391"
4230,,,2,1,"232","346"
11038,"2010-10-20",,1,2,"1760","87"
8489,,,7,0,"1756","622"
4857,,,1,0,"969","523"
9078,,"0004-09-20",0,0,"441","366"
2792,,,8,0,"193","332"
11356,,"2011-03-20",25,2,"393","75"
9459,,"0004-03-20",4,2,"1141","353"
3892,"0002-03-17",,0,1,"940","510"
6500,"0005-02-19","0005-07-19",14,2,"1478","593"
11251,,"2011-04-20",3,2,"342","78"
5907,,,0,2,"974","87"
605,"0009-01-17","0009-08-17",0,0,"613","413"
3377,,,16,0,"194","332"
7556,,"0008-02-19",81,1,"1510","587"
11022,"2010-10-20",,28,2,"311","87"
11001,"2010-11-20",,18,0,"2255","597"
8246,"0005-02-19",,27,2,"1723","618"
6553,,,332,1,"39","93"
7184,"0006-07-19",,0,0,"1257","555"
7571,,,7,2,"1407","588"
2860,"0005-07-17",,1,0,"842","456"
3430,,,4,1,"792","447"
3491,,"2012-09-17",20,0,"570","399"
2328,,,215,1,"305","85"
4183,"0004-12-18",,5,1,"239","89"
2082,,,327,1,"276","85"
4078,,"0004-02-18",58,1,"257","194"
9359,"0004-10-20",,8,2,"98","646"
8175,"0007-06-19",,65,2,"1342","578"
1464,,,30,1,"138","407"
8621,,,1,0,"1771","470"
8089,,,7,1,"521","391"
5559,"0003-01-19","0003-07-19",0,0,"525","393"
8577,,,0,0,"1197","564"
1765,"0009-03-15","0009-10-15",6,1,"239","87"
10899,,"2010-02-20",16,0,"1537","597"
9959,,"0007-03-20",2,2,"1762","87"
11017,"2010-10-20",,10,2,"244","324"
8794,,,0,0,"1856","631"
2451,"0009-04-17","0009-11-17",1,0,"614","416"
10769,"0009-03-20","0009-11-20",1,2,"384","76"
7730,,,6,0,"1525","522"
6119,,"0004-04-19",1,0,"457","534"
7974,,,5,2,"1290","528"
592,"0009-01-17","0009-08-17",1,0,"600","414"
4445,,,0,1,"945","510"
10439,"0009-01-20","0009-07-20",196,0,"1639","611"
7724,,,7,0,"1041","522"
8355,,,157,2,"1762","89"
3989,,,0,1,"937","510"
1032,,"0007-05-17",6,0,"212","329"
2477,,,0,0,"749","441"
578,"0009-03-17","0009-10-17",20,1,"291","352"
1209,,"0009-05-17",1,0,"562","396"
1718,"0004-02-12","0004-10-12",3,1,"313","94"
1554,"0003-01-16","0003-10-16",1,1,"132","407"
3857,,,5,1,"937","510"
8444,"2012-03-19","2012-08-19",81,0,"1523","522"
3569,,,1,1,"831","444"
8238,,,95,2,"1715","617"
9176,,,0,2,"2108","641"
2730,"0003-11-17",,0,1,"827","444"
4463,,,1,1,"938","510"
5197,,"0005-01-18",0,1,"308","324"
1603,"0007-06-16","0007-10-16",7,1,"137","407"
4865,,"0008-06-18",8,1,"942","510"
4192,,,2,1,"298","87"
234,,,31,0,"504","382"
1414,"0009-09-17",,2,1,"159","335"
6552,,,106,1,"38","93"
6653,,,0,0,"446","370"
11343,,"2011-03-20",8,2,"372","76"
9507,,"0004-04-20",3,2,"271","352"
493,"0007-04-17","0007-11-17",5,1,"586","408"
2918,,,4,0,"738","439"
4386,"0005-02-18","0005-11-18",0,1,"936","510"
5446,"2010-11-18",,25,1,"721","391"
9707,"0004-01-20","0004-06-20",5,2,"236","353"
3772,,,5,1,"952","512"
1019,"0008-06-17",,91,0,"206","328"
4504,,,10,1,"245","85"
5095,,"0005-01-18",0,1,"240","85"
2811,,,4,0,"654","412"
8296,"0007-09-19",,108,2,"1742","620"
8498,,"0001-03-20",3,0,"1755","622"
10046,,,5,2,"306","324"
4948,,,7,2,"280","87"
6332,,"0005-03-19",6,2,"1330","578"
2130,,,4,1,"281","87"
10816,"0009-03-20",,32,2,"2356","659"
2393,,,82,1,"313","85"
10038,,,5,2,"305","324"
8160,"0007-06-19",,217,2,"1327","578"
5611,"0003-10-19",,1,2,"263","87"
8751,,,1,0,"523","393"
7935,,"2010-06-19",0,0,"1591","586"
286,,,16,0,"509","383"
5525,"2012-02-18","2012-09-18",1,0,"1131","558"
10457,"0007-02-20","0007-07-20",309,2,"1342","578"
4482,"0006-06-18",,6,1,"242","324"
2116,,"2010-08-15",4,1,"279","88"
6194,"0004-06-19",,6,2,"1281","528"
10741,"0009-03-20","0009-11-20",21,2,"356","80"
3519,,,1,0,"557","396"
7454,"0007-04-19","0007-09-19",90,2,"295","324"
7229,,"0007-06-19",0,1,"1020","536"
9839,"0004-03-20","0004-09-20",6,2,"253","87"
5637,,,2,2,"319","85"
4760,,,15,0,"1052","439"
722,,,1,0,"686","422"
1618,,,12,1,"581","407"
4447,,,0,1,"1017","536"
8994,,"0004-06-20",15,0,"1970","560"
510,,,2,1,"585","408"
8584,,,0,0,"1224","440"
9787,,,60,0,"525","393"
5972,"0004-12-19",,0,2,"271","89"
687,"0009-03-17","0009-10-17",10,0,"666","417"
1333,,,1,1,"151","335"
8795,,,0,0,"1857","631"
8345,,,69,2,"264","352"
3205,,,4,0,"215","349"
11075,,,27,2,"271","324"
5508,,"2012-07-18",155,1,"727","391"
1836,,,108,1,"246","87"
5485,,"2012-02-18",0,0,"1044","522"
2650,"0009-10-17",,113,0,"505","383"
6402,"0005-09-19",,1,0,"761","440"
2038,,,12,1,"270","85"
3710,,,0,1,"947","510"
1975,,,4,1,"264","87"
4013,,"0004-02-18",0,0,"554","396"
4726,,,20,0,"1041","548"
9212,"0004-09-20",,2,2,"2055","636"
10903,,"2010-04-20",21,0,"2254","656"
9149,,,3,1,"146","335"
10556,,"0008-01-20",49,2,"266","87"
808,"0004-03-17","0004-10-17",1,1,"723","391"
6842,,,18,1,"832","444"
2457,,,2,0,"742","441"
1498,"0009-01-15","0009-05-15",4,1,"134","407"
10714,"0009-03-20","0009-11-20",12,2,"329","79"
7919,"0009-11-19",,7,0,"1262","442"
5063,,"0009-01-18",1,0,"456","519"
2310,,,72,1,"303","324"
2575,,"0008-03-17",38,0,"788","445"
7000,,,1,2,"1143","87"
9976,"0007-03-20","0007-10-20",64,2,"1152","87"
6834,,,0,1,"947","510"
1694,"0004-03-12","0004-10-12",0,1,"17","91"
1021,"0008-06-17",,0,0,"208","328"
3835,"0008-09-16","0008-12-16",19,1,"939","510"
9360,"0004-10-20",,8,2,"99","646"
7545,,,32,2,"1375","580"
10317,"0007-07-20",,1184,2,"2220","588"
9867,,,6,2,"291","87"
11253,,"2011-04-20",14,2,"341","78"
10437,,"0009-05-20",7,1,"225","214"
8050,,,10,0,"1201","565"
1871,,"0005-07-15",27,1,"250","85"
10782,"0009-03-20","0009-11-20",46,2,"397","75"
5215,,,30,0,"1095","383"
1951,"0007-10-15",,95,1,"260","88"
3131,"2010-08-17",,5,1,"827","444"
6658,,,0,0,"1025","370"
11020,"2010-10-20",,7,2,"319","87"
2822,,,1,0,"732","433"
2677,"0006-04-17","0006-07-17",2,1,"827","444"
5735,,"0009-01-18",4,0,"1202","565"
9018,"0004-01-20","0004-06-20",80,2,"2002","84"
1289,"0009-03-15","0009-06-15",2,1,"152","335"
6366,,,9,2,"1359","580"
7630,,"0008-04-19",0,2,"1599","579"
4734,,,9,1,"158","335"
8852,,,1,2,"266","87"
7077,,,6,1,"53","595"
2202,,,9,1,"291","89"
8930,,"0004-02-20",5,2,"1922","96"
2139,,,11,1,"284","87"
3464,,,4,1,"186","333"
6747,,"0004-04-19",4,0,"1502","594"
1260,,,1,1,"161","335"
7029,,,11,2,"311","85"
8558,,,3,0,"1220","441"
3256,,,22,1,"907","345"
4928,"0009-07-18","0009-10-18",15,1,"1072","345"
8476,,,5,0,"1749","621"
3275,,"2010-07-17",1,0,"565","397"
7088,"2010-08-15",,44,1,"62","595"
1580,,,28,1,"135","407"
8838,,,2,2,"262","352"
1456,,,13,1,"580","407"
10306,"0004-04-20",,7,2,"1414","588"
5942,,,2,2,"313","87"
2495,"0009-09-17","0009-12-17",12,0,"214","349"
615,"0004-02-17","0004-09-17",0,0,"614","416"
5101,"0005-07-18","0005-12-18",8,1,"295","85"
8037,,,5,1,"521","391"
1797,"0009-10-15",,11,1,"241","88"
11034,"2010-10-20",,42,2,"1764","87"
3690,"0004-06-16","0004-11-16",1,1,"944","510"
6563,,,284,1,"296","94"
5665,,,0,1,"1088","346"
6153,,,0,1,"725","391"
3400,"0004-06-17",,0,0,"900","470"
6948,"0006-07-19","0006-12-19",18,2,"305","352"
75,,,2,1,"279","353"
3888,"0002-03-17",,0,1,"936","510"
8578,,,3,0,"1652","564"
9474,,"0004-03-20",1,2,"236","353"
5314,,,4,0,"1098","554"
10208,,,5,0,"1007","369"
7291,,,3,1,"1553","561"
9615,,,0,1,"939","510"
6576,,,8,1,"2","90"
7840,"0009-03-19","0009-09-19",4,0,"1197","564"
6921,"0006-07-19","0006-12-19",7,2,"287","87"
2513,"0004-09-17",,1,0,"774","442"
5571,"0003-10-19",,1,2,"1094","353"
2,"0007-06-17","0007-10-17",3,1,"412","87"
8179,"0007-06-19",,160,2,"1347","578"
2000,"0009-03-15","0009-07-15",9,1,"266","88"
185,"0008-07-17",,0,0,"447","370"
8627,"0001-12-20",,3,0,"1537","597"
7586,,,56,2,"1423","588"
2221,,"0007-09-14",9,1,"295","85"
1872,,,234,1,"250","85"
4093,"0004-03-18","0004-12-18",6,1,"239","89"
8884,,"0004-02-20",10,2,"1876","98"
7334,"0007-07-19",,37,0,"1135","559"
4581,,,0,0,"458","369"
1338,"0007-07-16","0007-10-16",0,1,"158","335"
10371,"0008-06-20",,12,2,"1605","579"
3208,,,4,0,"218","350"
7122,"0009-09-15",,2,1,"60","595"
4062,,"0004-01-18",2,1,"240","85"
901,,"0002-06-16",7,1,"220","214"
5162,,,28,2,"251","353"
2245,"0009-03-15","0009-10-15",0,1,"297","87"
8586,,,1,0,"759","440"
3915,,,0,1,"943","510"
2752,"0009-01-17",,29,0,"500","378"
11112,,,10,2,"275","324"
10620,"0009-05-20","0009-12-20",17,2,"1763","87"
2073,"2010-08-15",,1,1,"274","88"
7905,,,3,0,"1595","586"
624,"0009-01-17","0009-08-17",18,0,"630","411"
2866,,,3,0,"843","456"
2723,,,2,1,"832","444"
10736,"0009-03-20",,6,2,"351","78"
7962,,,0,2,"1277","528"
10307,"0004-04-20",,9,2,"2245","588"
3129,"2010-08-17",,14,1,"833","444"
6532,,,21,1,"18","91"
7754,,"0009-03-19",7,2,"1636","579"
7447,"0007-04-19","0007-09-19",115,2,"262","352"
3817,"0008-08-16","0008-09-16",4,1,"945","510"
1043,"0008-08-17",,0,0,"211","329"
9361,"0004-10-20",,7,2,"100","646"
8911,,"0004-02-20",5,2,"1903","97"
10787,"0009-03-20",,4,2,"402","73"
3159,"2010-11-17",,0,1,"715","391"
10499,,"0007-04-20",10,2,"1460","591"
3321,,"2011-03-17",21,0,"898","470"
8276,"2011-06-19","2011-11-19",41,0,"1531","522"
1300,"0009-10-15",,0,1,"147","335"
8516,,"0001-07-20",0,0,"1539","597"
6884,"0005-08-19",,2,2,"245","324"
8270,"2011-06-19","2011-11-19",6,0,"1524","522"
6720,,"0003-02-19",2,0,"1499","594"
7046,"0007-10-15",,10,1,"56","595"
3904,,,0,1,"942","510"
8226,,,54,2,"1703","617"
8918,,"0004-02-20",11,2,"1910","97"
3042,,,18,0,"166","431"
2838,,,9,0,"838","456"
5753,,"2010-02-18",6,0,"1206","565"
8628,"0001-12-20",,2,0,"1538","597"
10300,"0004-04-20",,10,2,"1404","588"
3509,,,0,0,"545","396"
11339,,"2011-03-20",16,2,"384","76"
205,"0007-06-17","0007-12-17",0,0,"461","369"
9850,,,5,2,"311","87"
8157,"0007-06-19",,15,2,"1324","578"
8420,,"2012-03-19",7,0,"1014","393"
1200,,"0009-05-17",2,0,"552","396"
8031,"2010-01-19","2010-08-19",2,1,"718","391"
11007,"2010-10-20",,6,2,"1024","324"
10149,"0007-11-20",,75,2,"1024","324"
7089,"2010-08-15",,11,1,"63","595"
4151,"0004-09-18",,3,1,"295","85"
7352,,,10,2,"299","87"
7411,"0007-04-19","0007-09-19",23,2,"285","87"
9449,,"0004-03-20",11,2,"309","194"
10448,"0007-02-20","0007-07-20",44,2,"1330","578"
4677,"0007-09-18",,20,2,"248","87"
210,"0007-06-17","0007-12-17",1,0,"456","369"
1882,"0004-11-16",,1,1,"251","87"
8774,,"0004-03-20",0,0,"1852","631"
4532,,,0,1,"725","391"
3184,"2010-12-17",,7,0,"452","369"
9117,"0004-10-20",,0,0,"1857","631"
6362,"0005-03-19",,3,2,"1355","579"
3098,"2010-04-17","2010-11-17",4,1,"724","391"
1403,"0007-04-17","0007-09-17",0,1,"163","335"
11067,,,3,2,"1762","87"
10394,,,21,0,"1538","597"
9721,,,1,1,"936","510"
8230,,,173,2,"1707","617"
1010,"0005-01-17","0005-07-17",3,0,"206","328"
1193,,"0009-05-17",3,0,"545","396"
1233,"0007-08-15","0007-12-15",5,1,"152","335"
5576,"0003-10-19",,1,2,"283","353"
10001,,,78,2,"314","87"
6899,"0005-08-19",,2,2,"277","85"
1719,"0004-02-12","0004-10-12",2,1,"263","94"
9610,,"0005-10-20",0,0,"1095","383"
5103,"0009-08-18",,3,0,"1015","449"
4022,,"0004-03-18",0,1,"940","510"
10792,"0009-03-20",,4,2,"407","73"
10117,,"0007-03-20",12,2,"1024","324"
3061,,"2010-06-17",8,0,"861","459"
9463,,"0004-03-20",1,2,"254","85"
4487,,,8,1,"247","324"
8870,,,0,2,"1760","87"
3303,,,18,0,"490","377"
10073,"0005-01-20","0005-07-20",15,2,"293","324"
346,,,2,0,"533","395"
10399,,,78,0,"1041","522"
5932,,,0,2,"242","87"
9703,,,70,0,"1970","560"
4605,,"0007-04-18",0,1,"1021","536"
3768,,,0,1,"949","512"
7642,,,4,0,"1007","369"
9537,"0005-07-20","0005-11-20",0,1,"938","510"
5335,,,61,0,"508","383"
11186,,,63,2,"1311","577"
9329,"0004-10-20",,4,2,"1478","593"
5943,,,2,2,"1145","89"
9388,,,0,0,"746","441"
6879,"0005-08-19",,2,2,"276","352"
4368,"0005-10-18",,0,0,"955","371"
1878,"0009-03-15","0009-10-15",4,1,"250","87"
10259,"0008-08-20","0008-12-20",2,0,"1009","519"
1531,"0001-04-16",,3,1,"579","407"
204,"0007-06-17","0007-12-17",0,0,"462","369"
8726,"0003-12-20",,0,0,"1850","631"
10133,"0007-03-20","0007-10-20",43,2,"1024","324"
3178,"2010-12-17",,1,0,"458","369"
9662,"0006-06-20","0006-09-20",91,0,"1848","632"
9437,,"0005-04-20",0,1,"940","510"
7357,,,1,2,"316","87"
6375,,,4,2,"1368","580"
3866,,,29,1,"946","510"
501,"0008-10-17",,5,1,"588","408"
5843,,"2010-03-18",24,0,"1220","441"
9574,"0005-11-20",,0,1,"943","510"
10960,"2010-08-20","2010-11-20",10,0,"2080","638"
8451,"2012-03-19","2012-08-19",13,0,"1531","522"
3393,"2011-04-17","2011-12-17",7,0,"486","376"
2903,,,4,0,"596","410"
2493,"0009-05-17","0009-09-17",4,0,"216","349"
8998,,"0004-04-20",4,2,"1982","99"
9997,"0007-10-20",,3,2,"1762","87"
8609,,,7,0,"965","522"
2142,,,77,1,"284","87"
10319,"0007-07-20",,1121,2,"2222","588"
10624,"0009-05-20","0009-12-20",8,2,"311","87"
4441,,,0,1,"940","510"
2136,,"0007-09-14",19,1,"283","85"
4378,"0005-12-18",,0,0,"459","369"
8721,"0003-12-20",,0,0,"1845","632"
9659,"0006-06-20","0006-09-20",1,0,"1845","632"
3968,,,3,0,"445","370"
7985,"2010-07-19","2010-12-19",3,0,"1539","597"
6414,"0005-08-19",,10,2,"1393","585"
3865,,,10,1,"945","510"
193,"0008-07-17",,1,0,"457","369"
212,"0007-06-17","0007-12-17",1,0,"454","369"
8797,,,0,0,"1859","631"
9531,"0005-04-20","0005-07-20",0,1,"944","510"
10957,"2010-08-20","2010-11-20",0,0,"2077","638"
5083,,,1,1,"243","85"
8202,,"0005-03-19",5,2,"1705","617"
10873,,,60,2,"1350","579"
208,"0007-06-17","0007-12-17",0,0,"458","369"
9323,"0004-10-20",,4,2,"1452","590"
757,"0009-02-17","0009-07-17",350,0,"698","428"
10076,"0005-01-20","0005-07-20",2,2,"1150","324"
3468,,"0009-01-17",17,1,"168","333"
5935,,,0,2,"1143","87"
9765,"0007-04-20",,10,0,"2155","555"
5359,,"2010-04-18",71,1,"727","391"
8091,,,5,1,"714","391"
4644,"0007-12-18",,0,1,"940","510"
2787,,,0,0,"641","411"
9372,"0004-10-20",,16,2,"1320","591"
1113,"0007-07-17",,168,1,"171","333"
3477,,"0009-01-17",12,1,"180","333"
8697,,"0003-01-20",0,0,"1781","625"
6127,,,0,0,"1254","569"
7940,,"2010-06-19",3,0,"1585","586"
1965,,,50,1,"262","324"
3391,"2011-04-17","2011-12-17",0,0,"484","376"
8325,"2010-01-19","2010-07-19",14,2,"1148","87"
5530,"0001-02-19","0001-09-19",3,0,"1123","558"
8813,,,2,2,"1762","87"
11318,,"2011-03-20",14,2,"2475","80"
2590,"0009-10-17",,2,0,"775","442"
4262,,,1,1,"284","87"
7972,,,2,2,"1287","528"
10189,,"0008-01-20",6,0,"1348","555"
11127,,"2011-07-20",8,2,"266","87"
1581,,,70,1,"136","407"
2845,,,3,0,"839","456"
1234,,,3,1,"155","335"
988,"0005-01-17","0005-07-17",2,0,"202","326"
3333,,"2011-04-17",7,0,"483","376"
5859,"0001-06-19",,1,0,"1221","440"
1760,,"0005-07-15",6,1,"239","85"
8406,,,22,0,"1752","621"
11321,,"2011-03-20",11,2,"2477","80"
8770,,"0004-03-20",0,0,"1848","632"
246,"0008-06-17",,1,0,"463","374"
10421,,,36,0,"507","383"
6730,"0003-02-19",,4,0,"1497","594"
10583,,"0008-01-20",139,2,"306","324"
10215,,,2,0,"2210","534"
5586,"0003-10-19",,1,2,"308","324"
9338,"0004-10-20",,16,2,"109","81"
1079,,"0009-05-17",2,0,"480","375"
3851,"0008-12-16",,2,1,"943","510"
3422,"2011-08-17",,3,0,"465","373"
6600,,,7,1,"31","93"
11086,,,2,2,"291","87"
7252,"0006-01-19","0006-10-19",9,0,"1503","594"
5641,,,2,2,"317","85"
1704,"0004-04-12","0004-10-12",6,1,"27","92"
1500,"0009-01-15","0009-05-15",5,1,"136","407"
10798,"0009-03-20",,6,2,"923","73"
9328,"0004-10-20",,11,2,"1481","593"
9858,,,3,2,"253","87"
680,"0009-03-17","0009-10-17",10,0,"666","417"
8630,"0001-12-20",,0,0,"1541","597"
1757,,,20,1,"238","85"
8914,,"0004-02-20",7,2,"1906","97"
2428,"0005-09-14",,2,1,"316","89"
817,,"0004-07-17",1,1,"728","391"
7484,"0007-09-19",,15,2,"288","87"
8891,,"0004-02-20",1,2,"1883","97"
9175,,,0,2,"2107","641"
10174,,,5,2,"244","324"
405,,,0,0,"574","400"
4319,"0005-04-18","0005-09-18",1,0,"210","329"
893,,,12,1,"225","214"
7663,"0007-08-19","0007-12-19",39,2,"1272","528"
1137,"0008-11-17",,9,1,"175","333"
4622,"0007-04-18","0007-12-18",0,1,"1021","536"
3295,,,24,1,"828","444"
5211,,,46,0,"506","383"
8698,,"0003-01-20",0,0,"1782","625"
2088,"0009-03-15","0009-10-15",3,1,"276","87"
5716,"0004-08-19",,2,0,"900","470"
10263,"0008-08-20","0008-12-20",1,0,"2210","534"
7489,"0007-09-19",,11,2,"243","87"
7569,,,7,2,"1405","588"
6549,,,40,1,"35","93"
9159,"0004-08-20",,1,1,"714","391"
408,"0007-08-17",,2,0,"572","401"
6667,,,0,0,"459","369"
406,"0007-08-17",,4,0,"574","400"
9174,,,2,2,"2106","641"
9763,"0006-02-20","0006-05-20",30,0,"2181","653"
3988,,,0,1,"936","510"
1132,"0008-11-17",,13,1,"170","333"
4619,"0007-04-18","0007-12-18",0,1,"1018","536"
642,"0007-09-17",,2,0,"619","415"
1111,"0007-07-17",,207,1,"168","333"
3576,,,0,1,"938","510"
6981,,,6,2,"287","87"
5370,"2010-04-18","2010-07-18",3,0,"525","393"
3290,,,56,0,"505","383"
8836,,,2,2,"315","352"
8693,,,0,0,"1791","625"
4533,,,0,1,"726","391"
4247,,,2,1,"264","87"
535,,"0009-09-17",22,1,"243","85"
4449,,,0,1,"1019","536"
5978,"0004-12-19",,7,2,"261","87"
880,,,31,1,"221","214"
756,"0009-02-17","0009-07-17",100,0,"697","428"
10605,"0004-05-20",,6,2,"1286","528"
3324,,"2011-03-17",25,0,"901","470"
5158,,,8,2,"283","353"
8971,,"0004-04-20",1,1,"1562","346"
9785,,,9,0,"523","393"
4338,"0005-03-18","0005-10-18",0,0,"456","519"
1299,"0009-10-15",,1,1,"146","335"
6151,,,0,1,"721","391"
3764,"0006-02-16","0006-12-16",0,1,"947","510"
11003,"2010-10-20",,2,2,"262","324"
929,,,5,1,"223","214"
3905,,,0,1,"943","510"
10551,,"0008-01-20",224,2,"1763","87"
4025,,"0004-03-18",0,1,"943","510"
25,,"0005-08-17",0,1,"312","87"
9830,"0004-03-20","0004-09-20",2,2,"314","87"
7584,,,49,2,"1421","588"
8970,,"0004-04-20",2,1,"1557","346"
9172,,,0,2,"2104","641"
10375,"0008-06-20",,23,2,"1599","579"
10844,"0009-12-20",,18,2,"313","194"
2482,,,0,0,"744","441"
2644,"0009-08-17",,3,0,"660","412"
9332,"0004-10-20",,2,2,"1479","593"
2419,,"2010-08-15",3,1,"315","88"
7740,,"0009-03-19",4,2,"1599","579"
8005,"2010-11-19",,22,0,"1644","608"
5517,"2012-02-18","2012-09-18",29,0,"1123","558"
9961,"0007-03-20","0007-10-20",34,2,"319","87"
10264,"0008-08-20","0008-12-20",7,0,"2211","534"
2617,"0009-08-17",,3,0,"634","411"
7021,,,30,2,"1145","324"
9875,,,0,2,"259","87"
2003,,,27,1,"266","88"
7223,"0006-01-19",,4,0,"973","367"
9402,,,0,0,"702","429"
8033,"2010-01-19","2010-08-19",2,1,"725","391"
11415,,"2011-10-20",8,0,"1786","625"
3644,"2010-12-17",,0,1,"938","510"
1236,,,0,1,"157","335"
6578,,,9,1,"6","90"
9779,"0007-10-20",,460,0,"1640","611"
11062,,,24,2,"1764","87"
1129,"0007-07-17",,19,1,"188","333"
2107,,,84,1,"279","87"
10793,"0009-03-20",,4,2,"408","73"
515,,,13,1,"590","408"
1922,,,4,1,"255","194"
10507,,"0007-04-20",23,2,"90","591"
2429,"0009-11-15",,11,1,"316","194"
7689,,,83,2,"1272","528"
7281,"0007-06-19",,0,1,"1018","536"
4059,,"0004-01-18",7,1,"243","85"
2244,"2010-08-14",,70,1,"297","87"
1445,"0007-08-15","0007-11-15",3,1,"139","407"
2259,,,68,1,"298","87"
9864,,,4,2,"1762","87"
9374,"0004-10-20",,12,2,"1462","591"
10695,,"0007-11-20",248,2,"2333","658"
4026,,"0004-03-18",0,1,"944","510"
7532,,,101,2,"1379","580"
10325,"0007-07-20",,1799,2,"2228","588"
4104,,,0,1,"263","194"
3469,,"0009-01-17",24,1,"169","333"
3999,,,0,1,"947","510"
8117,,,9,0,"1660","566"
5833,,"0009-01-18",8,0,"1217","441"
7301,,,26,0,"1042","522"
1978,,,25,1,"264","324"
1793,"0007-10-15",,144,1,"241","88"
9438,,"0005-04-20",0,1,"941","510"
6561,,,106,1,"42","94"
4012,,"0004-02-18",0,0,"552","396"
10048,,,2,2,"298","324"
7457,"0007-04-19","0007-09-19",42,2,"248","324"
6538,,,120,1,"24","92"
2275,"0009-03-15","0009-10-15",1,1,"300","87"
3537,"0001-07-18","0001-12-18",3,1,"831","444"
824,"0004-03-17","0004-11-17",1,0,"735","433"
1680,"0004-03-12","0004-10-12",0,1,"3","90"
11182,,,567,2,"1312","577"
3657,,,2,1,"939","510"
6185,"0004-06-19",,0,2,"1296","528"
4105,,,0,1,"265","194"
1840,,"2010-03-14",16,1,"246","88"
6427,"0004-12-19",,2,2,"1405","588"
2593,"0009-12-17",,5,0,"695","428"
1184,,"0009-05-17",12,0,"555","396"
6343,,"0005-03-19",50,2,"1341","578"
5445,"2010-11-18",,4,1,"720","391"
8442,"2012-03-19","2012-08-19",9,0,"1043","522"
3344,,"2011-05-17",25,0,"506","383"
6198,,,1,0,"1236","567"
10621,"0009-05-20","0009-12-20",11,2,"319","87"
17,,"0005-08-17",2,1,"284","87"
10579,,"0008-01-20",66,2,"295","324"
1647,,,27,1,"140","407"
9355,"0004-10-20",,16,2,"95","646"
10943,,,13,2,"1762","87"
1990,,,21,1,"266","87"
1641,,,108,1,"136","407"
11000,"2010-11-20",,34,0,"2254","656"
6615,,,3,1,"296","94"
9633,,"0006-02-20",0,1,"938","510"
7652,,"0008-06-19",1,0,"1008","369"
10098,"0006-09-20",,30,2,"246","324"
7486,"0007-09-19",,142,2,"1138","87"
6344,,"0005-03-19",391,2,"1342","578"
4691,"0007-09-18",,0,1,"716","391"
10380,,,8,1,"2186","561"
3118,"2010-05-17","2010-12-17",1,0,"461","369"
6197,,,2,0,"1235","567"
6992,,,6,2,"313","87"
9907,,,5,2,"311","87"
1709,"0004-04-12","0004-10-12",1,1,"32","93"
8456,"2012-08-19",,1,0,"1751","621"
5295,,,2,1,"301","353"
8883,,"0004-02-20",5,2,"1875","98"
10473,"0007-12-20",,875,2,"1454","590"
10572,,"0008-01-20",83,2,"315","324"
11306,,"2011-03-20",12,2,"370","80"
3617,,"2010-02-17",0,1,"947","510"
3779,,"0007-10-16",18,1,"953","512"
5104,"0009-08-18",,20,0,"1092","449"
271,"0005-01-17","0005-07-17",0,0,"506","383"
2982,,"2010-04-17",4,1,"713","391"
5834,,"2010-03-18",15,0,"1217","441"
4406,"0005-11-18",,0,1,"944","510"
1857,,,11,1,"248","88"
10114,,"0007-03-20",15,2,"246","324"
3874,,,0,1,"942","510"
7136,"0009-02-15","0009-09-15",12,1,"62","595"
4850,,,0,0,"457","534"
5115,"0005-07-18","0005-12-18",1,1,"309","352"
2137,,"2010-03-14",25,1,"283","85"
11109,,,27,2,"271","324"
6272,"0005-02-19","0005-05-19",1,0,"1303","575"
11227,,,0,2,"2434","663"
9881,,,3,2,"1152","87"
5980,"0004-12-19",,2,2,"1147","87"
1208,,"0009-05-17",10,0,"561","396"
718,,,0,0,"682","422"
4529,,,0,1,"722","391"
6874,"0005-08-19",,1,2,"242","87"
1572,,,10,1,"579","407"
7383,,,162,2,"249","324"
10523,"0007-01-20",,32,2,"107","646"
10542,"0007-02-20","0007-07-20",4,2,"117","578"
5810,,"0009-01-18",12,0,"1215","441"
567,"0007-05-17","0007-12-17",5,0,"439","367"
260,"0007-11-17",,2,0,"512","386"
9314,"0004-10-20",,26,2,"1455","591"
8702,,"0003-01-20",0,0,"1787","625"
7598,"0008-01-19","0008-04-19",3,0,"1594","586"
1623,,,45,1,"137","407"
10677,,"0009-05-20",31,2,"305","324"
8454,"2012-08-19",,10,0,"1749","621"
6639,,"0002-08-19",4,0,"1494","594"
7169,,,68,1,"58","595"
1642,,,52,1,"582","407"
5781,,"0009-01-18",7,0,"741","441"
7960,,,4,2,"1275","528"
8225,,,497,2,"1702","617"
2942,,"2010-02-17",2,0,"797","452"
7020,,,16,2,"248","324"
5979,"0004-12-19",,0,2,"265","87"
6244,,,36,2,"273","85"
6202,,,4,2,"247","87"
9342,"0004-10-20",,31,2,"1465","590"
10503,,"0007-04-20",220,2,"88","591"
8688,,,0,0,"1786","625"
2448,"0009-06-17",,1,0,"736","433"
122,,"0005-04-17",4,1,"240","85"
8034,"2010-01-19","2010-08-19",10,1,"726","391"
8972,,"0004-04-20",4,1,"1688","346"
8869,,,4,2,"1155","87"
4932,"0005-07-18","0005-12-18",1,1,"261","85"
7542,,,2,2,"1371","580"
6886,"0005-08-19",,10,2,"298","324"
4377,"0005-12-18",,1,0,"448","369"
3969,,,1,0,"954","371"
7986,"2010-07-19","2010-12-19",4,0,"1538","597"
3334,,"2011-04-17",5,0,"484","376"
11021,"2010-04-20","2010-10-20",35,2,"311","87"
2232,,,9,1,"296","88"
6207,,,1,2,"265","87"
7145,,,5,0,"1043","522"
8510,,"0001-03-20",2,0,"1770","621"
5690,,,2,2,"1176","562"
9257,,,0,1,"2075","637"
2609,"0009-08-17",,23,0,"613","413"
3078,"2010-07-17",,0,0,"878","462"
2874,,,5,1,"828","444"
121,,,2,1,"240","85"
2466,,,4,0,"760","440"
9337,"0004-10-20",,80,2,"108","81"
9417,,,22,0,"1209","565"
1911,,,14,1,"254","87"
6336,,"0005-03-19",13,2,"1334","578"
4479,"0006-06-18",,2,1,"247","324"
584,"0004-07-17",,1,0,"596","410"
5009,,,38,2,"248","87"
3663,,,0,1,"945","510"
6681,,,0,1,"943","510"
3457,,,7,1,"175","333"
5638,,,2,2,"291","85"
1478,,,6,1,"134","407"
9756,"0007-08-20","0007-12-20",24,0,"2174","650"
6900,"0005-08-19",,8,2,"1093","85"
7165,,,758,1,"50","595"
1516,"0009-08-15","0009-12-15",4,1,"580","407"
4349,,,0,1,"721","391"
5613,"0003-10-19",,1,2,"265","89"
7323,,,17,1,"1515","346"
1571,,,15,1,"578","407"
9483,,"0004-03-20",6,2,"319","87"
7403,,,7,1,"1578","574"
8810,,,3,2,"1764","87"
1794,,,96,1,"241","88"
10379,"0008-06-20",,103,2,"2252","579"
5933,,,0,2,"271","89"
9195,"0004-12-20",,2,2,"2142","643"
5788,,"2012-06-17",1,0,"742","441"
9254,,,0,1,"2085","638"
4602,,"0007-04-18",0,1,"1018","536"
2499,"0009-05-17","0009-12-17",7,0,"218","350"
1683,"0004-03-12","0004-10-12",0,1,"6","90"
10369,"0008-06-20",,64,2,"1636","579"
2007,,,11,1,"267","88"
1130,"0008-11-17",,12,1,"168","333"
4127,,,2,1,"278","87"
436,,"0009-01-17",2,0,"483","376"
9755,"0007-08-20","0007-12-20",7,0,"2173","650"
11120,"2011-02-20","2011-07-20",5,0,"2365","660"
6857,"0005-08-19",,10,2,"1138","87"
5225,"0005-08-18","0005-12-18",1,1,"293","87"
2836,,,2,0,"841","456"
7261,"0007-12-19",,65,0,"1500","594"
8237,,,303,2,"1714","617"
7421,"0007-04-19","0007-09-19",9,2,"1143","87"
9581,,,0,0,"1644","608"
8214,,"0005-03-19",4,2,"1717","617"
6521,,,9,1,"7","90"
6847,"0005-08-19",,1,2,"1141","87"
1625,,,8,1,"138","407"
8025,"2010-01-19","2010-08-19",26,1,"1670","391"
8494,,,62,0,"1773","470"
3844,"0008-12-16",,4,1,"936","510"
5249,"0005-08-18","0005-12-18",0,1,"975","87"
8328,"2010-01-19","2010-07-19",23,2,"1152","87"
6044,"0004-12-19",,1,2,"244","353"
4004,,"0004-02-18",0,0,"539","396"
3249,"0009-02-17","0009-07-17",20,0,"901","470"
1575,,,9,1,"132","407"
8080,,,53,0,"525","393"
7222,"0006-01-19",,0,0,"440","367"
7691,,,74,2,"1274","528"
612,"0009-01-17","0009-08-17",1,0,"623","413"
9666,"0006-06-20","0006-09-20",5,0,"2159","632"
2526,"0007-02-17","0007-10-17",2,0,"773","442"
11090,,,15,2,"265","87"
425,,"0009-01-17",5,0,"571","401"
10417,,,70,0,"2269","522"
10558,,"0008-01-20",99,2,"1093","87"
6867,"0005-08-19",,5,2,"317","87"
949,"0007-05-17","0007-12-17",4,0,"215","349"
1479,,,46,1,"135","407"
3639,"2010-04-17","2010-12-17",0,1,"946","510"
5677,,,2,2,"1163","562"
3412,,,3,0,"924","365"
4472,,,0,1,"1019","536"
9366,"0004-10-20",,3,2,"105","646"
2472,,,6,0,"754","440"
10649,"0009-05-20","0009-12-20",45,2,"1150","324"
10933,,,1,2,"282","87"
9951,,"0007-03-20",7,2,"259","87"
3608,,"2010-02-17",0,1,"938","510"
10130,"0007-03-20","0007-10-20",65,2,"246","324"
504,,,3,1,"585","408"
4725,,,99,0,"965","522"
544,"0009-01-17","0009-09-17",2,0,"484","376"
8271,"2011-06-19","2011-11-19",6,0,"1525","522"
317,,"0004-07-17",2,0,"514","389"
6698,,"0006-03-19",4,1,"1506","587"
5493,,"2012-04-18",0,1,"832","444"
8511,,"0001-03-20",3,0,"1751","621"
6042,"0004-12-19",,2,2,"293","353"
11098,,,10,2,"1151","87"
7037,"0007-10-15",,9,1,"47","595"
3407,"2011-07-17",,4,0,"910","372"
9973,"0007-03-20","0007-10-20",5,2,"1764","87"
11380,,"2011-03-20",19,2,"2486","74"
5813,"0009-08-17",,50,0,"746","441"
856,"0007-10-17",,9,1,"725","391"
6892,"0005-08-19",,10,2,"249","324"
2263,,,82,1,"299","85"
3853,"0008-12-16",,0,1,"945","510"
4627,"0007-01-18",,12,1,"981","528"
8583,,,4,0,"756","440"
2791,,,6,0,"192","332"
2442,"0009-10-15",,10,1,"320","88"
7620,,"0008-05-19",90,2,"1196","563"
4274,,,0,0,"536","396"
1336,"0007-07-16","0007-10-16",3,1,"156","335"
10226,,"0008-08-20",5,0,"444","369"
3313,,,19,0,"493","377"
7879,"0009-11-19",,34,0,"443","370"
7612,,"0008-05-19",37,2,"1188","563"
1391,,,4,1,"149","335"
1614,,,25,1,"131","407"
8241,,,50,2,"1718","617"
2182,,,16,1,"290","87"
6199,,,1,2,"269","89"
10012,,,28,2,"251","87"
4832,,,1,0,"446","370"
4565,,,0,0,"954","371"
321,"0008-08-17",,8,0,"514","389"
4521,,,1,1,"713","391"
7049,"0007-10-15",,4,1,"59","595"
10128,,"0007-03-20",29,2,"298","324"
3438,,,15,1,"848","351"
5272,"0005-01-18","0005-08-18",0,1,"262","87"
3007,,,3,0,"701","428"
1253,,,3,1,"152","335"
4801,"0007-01-18","0007-08-18",1,0,"1011","535"
9226,"0004-09-20",,8,2,"2035","635"
803,"0004-03-17","0004-10-17",0,1,"715","391"
456,,"0005-02-17",2,1,"578","407"
7958,,,8,2,"1273","528"
2921,,,8,0,"213","349"
4917,"0009-06-18","0009-09-18",1,1,"220","214"
5855,,"2010-03-18",28,0,"751","441"
11033,"2010-04-20","2010-10-20",19,2,"1764","87"
3813,"0008-08-16","0008-09-16",4,1,"941","510"
7380,,,72,2,"308","324"
11336,,"2011-03-20",14,2,"382","76"
6972,,,0,2,"1155","87"
5216,,,1,1,"276","87"
8455,"2012-08-19",,2,0,"1770","621"
583,"0004-07-17",,0,0,"595","410"
9860,,,3,2,"251","87"
11307,,"2011-03-20",15,2,"358","80"
743,"0004-08-17",,0,0,"701","428"
9042,"0004-04-20","0004-09-20",1,2,"2027","83"
10081,,,2,2,"262","324"
7328,,,4,1,"1571","345"
4859,,"0008-06-18",11,1,"936","510"
10384,,,55,1,"2197","561"
6081,,"0004-01-19",3,0,"438","367"
7957,,,4,2,"1272","528"
8222,,,57,2,"1699","617"
2348,"0009-03-15","0009-10-15",3,1,"307","87"
4285,,,0,0,"557","396"
5303,,"0005-01-18",2,1,"296","89"
9013,"0004-01-20","0004-06-20",4,2,"1997","84"
11154,,"2011-07-20",10,2,"244","324"
7993,"2010-06-19","2010-12-19",1,0,"1589","586"
3669,,,0,1,"941","510"
5463,"0002-05-18","0002-12-18",1,0,"1116","556"
8073,,,13,1,"1643","214"
2056,"0009-03-15","0009-07-15",14,1,"273","88"
9356,"0004-10-20",,11,2,"1324","646"
10374,"0008-06-20",,12,2,"1353","579"
4807,,"0008-02-18",1,0,"1012","535"
7375,,,68,2,"245","324"
2050,"0009-03-15","0009-10-15",5,1,"272","87"
4864,,"0008-06-18",6,1,"941","510"
5312,,,0,0,"1096","554"
3945,,"0003-05-18",0,1,"943","510"
6412,"0005-08-19",,5,2,"1391","585"
6004,"0004-12-19",,1,2,"242","87"
10856,,,19,2,"1767","85"
6696,,"0006-02-19",0,1,"946","510"
4330,"0005-05-18","0005-10-18",0,0,"443","370"
7348,,,98,2,"1138","87"
3514,,,0,0,"552","396"
4431,,,0,1,"945","510"
11058,,,0,2,"282","87"
2103,,"0004-07-14",0,1,"279","87"
4366,"0005-10-18",,0,0,"445","371"
7340,,,8,2,"265","87"
4158,"0004-09-18",,1,1,"276","85"
936,,,5,1,"223","214"
6583,,,0,1,"11","91"
10539,"0007-02-20","0007-07-20",37,2,"114","578"
8459,"2012-08-19",,3,0,"1757","621"
10049,,,2,2,"262","324"
3931,,,0,0,"439","367"
3746,,,0,1,"947","510"
10026,"0004-04-20","0004-09-20",40,2,"295","324"
10657,,"0009-05-20",4,2,"314","87"
9576,"0005-11-20",,0,1,"945","510"
1540,"0001-04-16",,22,1,"136","407"
7433,"0007-04-19","0007-09-19",29,2,"1144","87"
4884,,"0008-08-18",27,0,"1063","553"
1477,,,24,1,"581","407"
3549,,,0,0,"898","470"
6546,,,61,1,"32","93"
428,"0007-01-17","0007-08-17",1,0,"568","398"
8340,,,2,2,"277","353"
8828,,,1,2,"1769","85"
8195,,"0005-03-19",6,2,"1698","617"
8744,,,0,0,"1593","586"
10313,"0007-07-20",,1013,2,"2215","588"
1604,"0007-06-16","0007-10-16",8,1,"583","407"
931,,,4,1,"225","214"
3800,,"0008-08-16",8,1,"945","510"
3983,,,0,0,"452","369"
9977,"0007-03-20","0007-10-20",14,2,"1760","87"
4143,"0004-10-18",,0,0,"958","521"
9954,,"0007-03-20",3,2,"1764","87"
6997,,,9,2,"1148","87"
1552,"0003-01-16","0003-10-16",5,1,"130","407"
11197,,,7,2,"2398","662"
10524,"0007-01-20",,50,2,"97","646"
2408,,,149,1,"315","87"
143,,,7,0,"457","369"
10848,,,28,2,"310","85"
631,"0009-01-17","0009-08-17",19,0,"637","411"
896,,,13,1,"223","214"
4871,,"0008-03-18",18,0,"1062","551"
4055,,"0004-01-18",7,1,"306","85"
10560,,"0008-01-20",149,2,"282","87"
9418,,,0,0,"1210","565"
3565,,,1,1,"828","444"
6379,,,4,2,"1372","580"
812,"0004-03-17","0004-10-17",4,1,"730","391"
2320,,,8,1,"304","88"
10108,"0006-09-20",,8,2,"1150","324"
9250,,,0,1,"2081","638"
10453,"0007-02-20","0007-07-20",17,2,"1336","578"
7574,,,86,2,"1410","588"
4106,,,1,1,"257","194"
6613,,,14,1,"312","94"
2901,,,8,0,"594","410"
2512,"0004-09-17",,3,0,"773","442"
1370,,,3,1,"148","335"
9955,,"0007-03-20",13,2,"251","87"
3877,,,1,1,"947","510"
2733,"0009-09-17",,5,0,"480","375"
4180,"0004-12-18",,7,1,"296","89"
3974,,,0,0,"448","370"
2628,"0009-08-17",,4,0,"605","414"
8256,,,1286,2,"1729","619"
6946,"0006-07-19","0006-12-19",18,2,"276","352"
8801,,,0,2,"278","194"
1417,"0009-09-17",,1,1,"162","335"
5760,,,2,0,"1208","565"
5392,"2010-04-18","2010-11-18",23,1,"729","391"
2843,,,2,0,"844","456"
9916,,,0,2,"1764","87"
10221,"0008-08-20","0008-12-20",15,0,"955","371"
4530,,,0,1,"723","391"
4875,"0008-06-18",,4,1,"939","510"
10257,,"0008-08-20",0,0,"1009","519"
2467,,,9,0,"759","440"
1325,,,1,1,"163","335"
4362,,,1,0,"1011","535"
7849,"0009-02-19","0009-11-19",12,0,"761","440"
1874,,,144,1,"250","85"
1098,"0004-05-17",,1,1,"177","333"
9336,"0004-10-20",,1,2,"1480","593"
9866,,,0,2,"319","87"
7317,,,33,1,"725","391"
10171,,,120,2,"1150","324"
5132,"0005-01-18","0005-07-18",1,1,"273","352"
9822,,,120,1,"1960","346"
1706,"0004-04-12","0004-10-12",1,1,"29","92"
440,,"0009-01-17",4,0,"487","376"
7963,,,4,2,"1278","528"
10939,,,32,2,"251","87"
7248,"0006-01-19","0006-10-19",3,0,"1499","594"
7982,,"2010-06-19",2,0,"1348","555"
8409,,,9,0,"1747","621"
6512,"0005-02-19","0005-07-19",41,2,"1490","593"
7734,,,85,0,"1530","522"
7530,,,5,2,"317","87"
10609,"0007-07-20","0007-11-20",6,2,"1270","528"
3002,,,7,0,"696","428"
9118,"0004-10-20",,0,0,"1858","631"
2264,,,163,1,"299","85"
1488,,,7,1,"584","407"
10113,,"0007-03-20",6,2,"262","324"
10517,"0007-01-20",,56,2,"100","646"
7886,"0009-04-19","0009-10-19",5,0,"451","369"
7335,,,15,2,"247","87"
3705,,,0,1,"941","510"
10168,,,198,2,"293","324"
2969,"0009-05-17",,17,0,"822","405"
6149,,,0,1,"715","391"
4069,"0004-01-18","0004-09-18",1,1,"261","85"
10246,"0008-08-20","0008-11-20",5,0,"455","369"
8635,,"0002-01-20",0,0,"1780","625"
4658,"0007-09-18",,19,2,"289","324"
2557,"0009-10-17",,1,1,"248","87"
10265,"0008-08-20","0008-12-20",2,0,"2212","534"
3413,,,3,0,"925","364"
10223,"0008-08-20","0008-12-20",1,0,"450","371"
10936,,"2010-04-20",18,2,"259","87"
1758,,,6,1,"238","85"
8629,"0001-12-20",,1,0,"1539","597"
6160,,,2,0,"776","443"
572,"0009-02-17","0009-09-17",21,0,"565","397"
1672,"0005-02-18","0005-09-18",4,1,"147","335"
9910,,,13,2,"1093","87"
2219,,,3,1,"294","87"
9252,,,0,1,"2083","638"
116,,"0005-04-17",1,1,"243","85"
1460,,,36,1,"136","407"
379,"0007-08-17",,2,0,"566","397"
10554,,"0008-01-20",126,2,"314","87"
1742,"2010-08-14",,51,1,"237","87"
3006,,,20,0,"700","428"
7408,"0007-04-19","0007-09-19",7,2,"299","87"
3919,,"0003-09-17",0,1,"937","510"
3715,,,0,1,"942","510"
7202,,"0007-02-19",89,1,"828","444"
9139,,,3,1,"158","335"
1450,,,37,1,"578","407"
6771,,"0005-07-19",1,0,"1502","594"
6098,"0004-10-19",,2,0,"1134","559"
1713,"0004-04-12","0004-10-12",1,1,"36","93"
1936,"0004-11-14",,0,1,"257","85"
9644,"0006-02-20","0006-08-20",0,1,"937","510"
8298,"0007-09-19",,206,2,"1744","620"
6687,,"0006-02-19",0,1,"937","510"
4910,,,19,1,"945","510"
4256,,,1,1,"248","87"
8477,,,2,0,"1770","621"
9333,"0004-10-20",,2,2,"1485","593"
94,,,5,1,"264","87"
5150,"0009-01-18","0009-10-18",2,2,"415","355"
9901,"0005-01-20","0005-07-20",0,2,"1760","87"
500,"0008-10-17",,5,1,"587","408"
2452,"0009-04-17","0009-11-17",11,0,"617","416"
8385,"2011-11-19",,4,0,"1759","622"
5672,,,0,2,"1158","562"
6181,"0004-06-19",,11,2,"1285","528"
5119,,"0005-01-18",31,1,"291","352"
4690,"0007-09-18",,3,1,"715","391"
9277,,,0,1,"946","510"
1893,,,14,1,"252","88"
1689,"0004-03-12","0004-10-12",17,1,"12","91"
9132,,"0004-09-20",0,2,"2098","579"
6175,"0004-06-19",,13,2,"1276","528"
10110,"0006-09-20",,4,2,"306","324"
6541,,,1559,1,"27","92"
3788,,,8,1,"937","510"
9824,,,115,1,"1862","346"
8375,"2011-11-19",,27,0,"1747","621"
8148,,"2011-04-19",37,0,"1674","613"
4945,"0005-01-18","0005-08-18",2,1,"280","87"
7778,,"0009-04-19",7,0,"1009","519"
865,,,0,0,"476","380"
2129,"0009-03-15","0009-10-15",1,1,"281","87"
5147,,,10,0,"1012","535"
3433,,,8,0,"522","393"
10468,"0007-12-20",,384,2,"1446","590"
2474,,,3,0,"752","441"
5492,,"2012-04-18",2,1,"1022","444"
2943,,"2010-02-17",2,0,"798","452"
10813,"0009-03-20",,10,2,"2353","659"
1147,"0008-11-17",,1,1,"188","333"
3675,,"0004-06-16",1,1,"937","510"
4510,"0006-06-18",,169,1,"291","352"
9709,"0006-08-20",,0,1,"936","510"
3326,"0009-02-17","0009-07-17",10,0,"897","470"
9890,"0005-01-20","0005-07-20",4,2,"265","87"
2935,,,6,0,"447","370"
6845,"0005-08-19",,0,2,"1155","87"
971,,"0009-04-17",8,0,"448","370"
8593,,,1,0,"1659","566"
6145,,,1,1,"832","444"
2719,,,1,1,"828","444"
5838,"0001-04-19",,0,0,"1218","441"
250,,,1,0,"465","373"
5449,"2010-11-18",,14,1,"725","391"
1819,"2010-08-14",,35,1,"244","87"
2940,,"2010-02-17",8,1,"793","447"
7344,,,28,2,"285","87"
8137,,,8,0,"747","441"
3100,"2010-04-17","2010-11-17",1,1,"726","391"
5361,,"2010-04-18",16,1,"729","391"
2095,,,87,1,"277","87"
320,"0008-08-17",,20,0,"513","389"
238,,,1,0,"464","372"
5050,,"0009-01-18",4,0,"452","369"
5824,,"2012-06-17",0,0,"748","441"
377,"0007-08-17",,1,0,"564","397"
5740,,"0009-01-18",0,0,"1203","565"
1824,,,7,1,"245","85"
7635,,"0008-05-19",1,0,"955","371"
211,"0007-06-17","0007-12-17",0,0,"455","369"
11139,,"2011-07-20",3,2,"1762","87"
4226,,,0,0,"899","470"
3858,,,21,1,"938","510"
8323,"2010-01-19","2010-07-19",30,2,"313","87"
4815,,,0,1,"943","510"
5854,,"0009-01-18",7,0,"751","441"
7398,"0007-06-19","0007-10-19",21,2,"1575","598"
5011,"0007-10-17",,24,1,"1091","87"
2378,,"2010-08-15",13,1,"311","194"
2500,"0009-05-17","0009-12-17",16,0,"219","350"
1419,"0009-09-17",,1,1,"164","335"
1779,,"0005-07-15",47,1,"240","85"
6326,,"0005-03-19",57,2,"1324","578"
1411,"0009-09-17",,6,1,"156","335"
6223,,,1,2,"313","87"
4612,"0007-03-18","0007-12-18",0,1,"940","510"
1920,,,107,1,"255","87"
879,,,86,1,"222","214"
2816,,,3,0,"661","412"
4751,,,6,1,"220","214"
5016,,"0009-04-17",15,1,"312","87"
4604,,"0007-04-18",0,1,"1020","536"
9090,"0004-11-20",,0,1,"2069","637"
3706,,,0,1,"941","510"
10945,"2010-01-20","2010-08-20",8,1,"2362","391"
8945,,"0004-01-20",13,2,"1937","86"
5151,"0009-01-18","0009-10-18",1,2,"415","355"
9044,"0004-04-20","0004-09-20",13,2,"2029","83"
579,"0009-03-17","0009-10-17",6,1,"314","352"
1128,"0007-07-17",,15,1,"187","333"
9713,"0006-08-20",,0,1,"940","510"
9219,"0004-09-20",,343,2,"2062","636"
1633,,,11,1,"130","407"
3242,,,7,0,"899","470"
7034,,,29,2,"1535","596"
2058,"0005-09-14",,2,1,"273","89"
6809,"0006-07-19",,0,1,"939","510"
9316,"0004-10-20",,9,2,"1458","591"
4258,,,1,1,"974","87"
9436,,"0005-04-20",0,1,"939","510"
7966,,,4,2,"1281","528"
195,"0008-07-17",,0,0,"459","369"
1398,"0007-04-17","0007-09-17",0,1,"158","335"
9186,,,1,2,"2118","642"
1068,"0004-12-17",,5,0,"191","332"
9203,,,40,2,"2136","644"
9447,,"0004-03-20",1,2,"245","194"
7815,"0009-05-19","0009-12-19",0,0,"1493","555"
3186,"0004-06-17",,0,0,"892","469"
8974,,"0004-04-20",2,1,"1690","346"
4343,,,0,1,"714","391"
9237,"0004-09-20",,104,2,"2046","635"
3670,,,0,1,"942","510"
5117,"0005-01-18","0005-07-18",0,1,"314","352"
9069,,"0004-06-20",0,0,"436","367"
749,"0007-11-17",,5,0,"699","428"
3563,,,0,0,"525","393"
5336,,,35,0,"509","383"
10718,"0009-03-20","0009-11-20",7,2,"333","79"
4600,,"0007-04-18",4,1,"1016","536"
3111,"2010-05-17","2010-12-17",2,0,"454","369"
2110,,,13,1,"279","88"
6226,,,0,2,"236","87"
2127,,,31,1,"281","87"
516,"0004-12-17",,0,0,"591","409"
2695,,,26,1,"827","444"
11217,,,1,2,"2426","618"
2897,,,16,0,"497","377"
2996,,"2010-04-17",4,1,"727","391"
11377,,"2011-04-20",27,2,"2343","73"
7135,"0009-02-15","0009-09-15",2,1,"61","595"
4664,"0007-09-18",,3,2,"276","87"
5867,"0001-06-19",,0,0,"1223","440"
11209,,,7,2,"2427","618"
2805,,,8,0,"647","412"
8229,,,332,2,"1706","617"
2662,"0009-01-17","0009-08-17",1,0,"799","452"
10938,,"2010-04-20",26,2,"1764","87"
8000,"2010-06-19","2010-12-19",2,0,"1595","586"
7954,,"0009-07-19",47,0,"1498","594"
4263,,,2,1,"246","87"
2141,"0009-03-15","0009-10-15",43,1,"284","87"
8339,"2010-04-19","2010-10-19",32,2,"1151","85"
9683,,,0,1,"2079","638"
5054,"0009-01-18","0009-09-18",46,0,"1007","369"
8072,,,21,1,"224","214"
690,"0009-03-17","0009-10-17",10,0,"669","417"
343,,,4,0,"529","395"
1750,,"0007-09-14",12,1,"238","85"
7948,,"0009-07-19",18,0,"1504","594"
7601,,"0008-05-19",22,2,"1177","563"
423,,"0009-01-17",3,0,"573","400"
11006,"2010-10-20",,15,2,"264","324"
4133,,,1,1,"317","87"
8415,,,2,0,"1754","621"
8598,,,0,0,"1226","566"
909,,,6,1,"223","214"
5721,,"0009-03-18",3,0,"1198","564"
8739,,,0,0,"1588","586"
11,,,4,1,"259","87"
5332,,,14,0,"505","383"
2394,,,24,1,"313","85"
6003,"0004-12-19",,1,2,"1143","87"
1883,"0005-10-14",,2,1,"251","194"
2882,,,3,0,"481","375"
2678,,,2,1,"828","444"
11242,,"0007-10-20",157,2,"2441","663"
3126,"2010-08-17",,5,1,"828","444"
2777,,,0,0,"621","413"
4979,"0009-01-18","0009-05-18",45,2,"249","87"
7852,"0009-02-19","0009-11-19",7,0,"1656","440"
2611,"0009-08-17",,6,0,"621","413"
8687,,,0,0,"1785","625"
2161,,"0005-01-14",0,1,"288","89"
7789,"0009-06-19","0009-09-19",8,0,"1525","522"
2138,"0009-11-15",,26,1,"283","85"
10967,"2010-08-20","2010-11-20",1,0,"2074","637"
1627,,,32,1,"140","407"
7968,,,8,2,"1283","528"
9455,,"0004-03-20",0,2,"299","353"
6559,,,91,1,"41","94"
33,,"0005-08-17",2,1,"301","87"
7047,"0007-10-15",,4,1,"57","595"
5089,"0005-07-18","0005-12-18",3,1,"245","85"
10982,"2010-06-20","2010-12-20",2,0,"1524","522"
9840,"0004-03-20","0004-09-20",4,2,"1764","87"
10389,,,4,0,"1541","597"
6820,,,1,0,"439","367"
1722,"0004-02-12","0004-10-12",11,1,"41","94"
2231,"0007-10-15",,9,1,"296","88"
5329,,,7,0,"1046","349"
5266,"0005-01-18","0005-08-18",6,1,"254","87"
4694,"0007-09-18",,0,1,"720","391"
4999,"0009-01-18","0009-05-18",0,2,"288","87"
6854,"0005-08-19",,2,2,"287","87"
8402,,,6,0,"1748","621"
7729,,,5,0,"1524","522"
9849,,,2,2,"314","87"
5220,,,7,2,"276","87"
4547,,,1,1,"938","510"
9113,"0004-10-20",,0,0,"1853","631"
10638,"0009-05-20","0009-12-20",15,2,"262","324"
1849,,"2010-03-14",54,1,"248","85"
1889,,,57,1,"252","87"
9229,"0004-09-20",,320,2,"2038","635"
970,,"0009-04-17",1,0,"447","370"
1254,,,3,1,"155","335"
7738,,,0,0,"1493","555"
1639,,,58,1,"134","407"
3738,,,0,1,"937","510"
1311,,,1,1,"164","335"
3696,"0004-11-16",,0,1,"941","510"
3084,"2010-07-17","2010-10-17",5,0,"514","389"
144,,,6,0,"458","369"
4708,,,3,1,"938","510"
8132,,,21,0,"744","441"
2235,"0009-10-15",,6,1,"296","88"
9024,"0004-04-20","0004-09-20",5,2,"2008","83"
8412,,,1,0,"1770","621"
6311,,,43,2,"1309","577"
7514,,,24,2,"316","87"
4822,,"0008-02-18",0,0,"445","371"
9838,"0004-03-20","0004-09-20",2,2,"283","87"
9022,"0004-04-20","0004-09-20",12,2,"2006","83"
2820,,,3,0,"665","412"
10545,"0007-02-20","0007-07-20",34,2,"120","578"
7241,"0005-07-19","0005-12-19",4,0,"1504","594"
2143,,,104,1,"284","89"
6364,"0005-03-19",,1,2,"1357","579"
10726,"0009-03-20",,4,2,"341","78"
1998,,,2,1,"266","88"
8299,"0007-09-19",,121,2,"1745","620"
5056,"0009-01-18","0009-09-18",5,0,"458","369"
10989,"2010-06-20","2010-12-20",35,0,"2263","522"
5910,,,0,2,"1093","194"
1607,"0007-06-16","0007-10-16",7,1,"140","407"
8682,,,1,0,"1639","611"
9719,"0006-08-20",,0,1,"946","510"
827,"0007-04-17","0007-11-17",11,0,"732","433"
9818,,,5,0,"1257","555"
8796,,,1,0,"1858","631"
1332,,,1,1,"150","335"
577,"0009-03-17","0009-10-17",6,1,"246","352"
5959,,,3,2,"236","87"
4205,,,0,0,"887","467"
7284,"0007-06-19",,0,1,"942","510"
125,,,1,1,"300","324"
7425,"0007-04-19","0007-09-19",18,2,"1141","87"
3734,"0005-12-16",,0,1,"943","510"
11360,,"2011-04-20",18,2,"402","73"
2876,,,12,1,"831","444"
1570,"0007-06-16","0007-10-16",4,1,"578","407"
7503,,,48,2,"285","87"
8441,"2012-03-19","2012-08-19",3,0,"1042","522"
1097,"0004-05-17",,6,1,"176","333"
8576,,,0,0,"1651","564"
3049,,"2010-05-17",8,0,"705","431"
4517,"0006-11-18",,4,0,"211","329"
2029,,"2010-04-14",32,1,"269","89"
641,"0007-09-17",,2,0,"617","416"
3880,,"0002-03-17",0,1,"938","510"
10099,"0006-09-20",,24,2,"315","324"
7468,"0007-09-19",,9,2,"299","87"
3960,"0003-05-18",,1,1,"946","510"
7712,,,2,2,"1297","528"
736,"0004-08-17",,0,0,"694","428"
3140,"2010-01-17",,50,0,"887","467"
9950,,"0007-03-20",30,2,"282","87"
5035,"0009-01-18","0009-09-18",10,0,"1004","371"
9786,,,1,0,"524","393"
7971,,,4,2,"1286","528"
6360,"0005-03-19",,5,2,"1353","579"
8989,,"0004-05-20",1,1,"1507","587"
11170,"0007-09-20",,167,2,"2372","661"
6602,,,3,1,"33","93"
10598,"0004-05-20",,24,2,"1276","528"
9740,"0007-03-20","0007-08-20",0,1,"936","510"
10066,"0005-01-20","0005-07-20",2,2,"246","324"
10146,"0007-11-20",,80,2,"246","324"
7862,"0009-02-19","0009-11-19",38,0,"1228","566"
215,"0007-06-17","0007-12-17",4,0,"451","369"
684,"0009-03-17","0009-10-17",30,0,"672","419"
480,,,2,1,"578","407"
1784,,,45,1,"240","87"
5801,,"2010-03-18",30,0,"745","441"
10613,"0007-02-20",,101,2,"2300","657"
11122,,"2011-07-20",24,2,"1763","87"
10224,,"0008-08-20",1,0,"1027","369"
9692,"0006-10-20",,0,1,"826","444"
2247,,,22,1,"297","324"
4407,"0005-11-18",,0,1,"945","510"
11196,"0007-02-20",,61,2,"2387","662"
5749,,"2010-02-18",15,0,"1205","565"
4973,"0009-01-18","0009-05-18",2,2,"264","87"
9255,,,0,1,"2073","637"
6359,"0005-03-19",,6,2,"1352","579"
11169,"0007-09-20",,42,2,"2375","661"
8069,,,43,1,"221","214"
6723,,"0003-02-19",2,0,"1502","594"
5764,"0007-02-17",,0,0,"1209","565"
5110,"0009-09-18",,6,2,"314","352"
9392,,,0,0,"1217","441"
8147,,"2011-04-19",73,0,"1675","614"
4374,"0005-10-18",,0,0,"446","370"
10,"0007-06-17","0007-10-17",8,1,"256","87"
9777,"0007-10-20",,10,0,"1638","611"
10429,,,22,0,"508","383"
8532,,"0001-08-20",1,0,"1672","429"
9775,"0007-08-20",,21,1,"729","391"
5003,"0006-09-18",,1,1,"266","87"
11323,,"2011-03-20",11,2,"363","80"
2675,"0006-04-17","0006-07-17",0,1,"833","444"
7283,"0007-06-19",,0,1,"1020","536"
11096,,,20,2,"1764","87"
4282,,,0,0,"552","396"
8707,,"0003-01-20",0,0,"1793","625"
2282,,,37,1,"301","87"
7502,,,117,2,"289","87"
9519,,"0004-04-20",20,2,"293","352"
4890,,,45,1,"231","346"
11149,,"2011-07-20",1,2,"295","324"
4297,,,1,1,"983","528"
2013,,,46,1,"267","89"
5580,"0003-10-19",,1,2,"251","353"
1685,"0004-03-12","0004-10-12",0,1,"8","90"
10289,"0004-04-20",,60,2,"2235","588"
8596,,,2,0,"1662","566"
276,"0008-05-17",,3,0,"486","376"
4415,,,0,1,"828","444"
4211,,,10,1,"847","351"
6821,,,0,0,"440","367"
3660,,,0,1,"942","510"
10958,"2010-08-20","2010-11-20",1,0,"2078","638"
1292,"0009-10-15",,2,1,"157","335"
9244,"0004-09-20",,132,2,"2053","635"
106,,,7,1,"286","87"
2308,,"2010-03-14",15,1,"303","88"
327,,,0,0,"523","393"
4138,"0004-11-18",,8,1,"291","352"
4607,"0007-02-18","0007-05-18",5,0,"963","522"
4851,,,5,0,"967","523"
11314,,"2011-03-20",16,2,"369","80"
2830,,,1,0,"841","456"
10719,"0009-03-20","0009-11-20",9,2,"334","79"
4702,"0007-09-18",,1,1,"728","391"
172,,,2,0,"446","370"
5554,"0002-01-19",,0,0,"1135","559"
10101,"0006-09-20",,23,2,"1024","324"
679,"0009-03-17","0009-10-17",35,0,"674","418"
8732,"0003-12-20",,0,0,"1856","631"
7121,"0009-09-15",,0,1,"59","595"
2633,"0009-08-17",,5,0,"611","414"
4509,"0006-06-18",,8,1,"314","352"
6221,,,7,2,"310","87"
2976,"0009-05-17",,6,0,"857","405"
10011,,,18,2,"1764","87"
4913,,,1,0,"523","393"
4707,"0007-12-18",,5,0,"1034","546"
10150,"0007-11-20",,49,2,"305","324"
3767,,,2,1,"948","512"
2764,,,96,0,"505","383"
7250,"0006-01-19","0006-10-19",4,0,"1501","594"
5536,"0001-02-19","0001-09-19",3,0,"1129","558"
7391,,,4,2,"1093","85"
2985,,"2010-04-17",27,1,"716","391"
823,"0004-03-17","0004-11-17",2,0,"734","433"
1557,"0003-01-16","0003-10-16",1,1,"581","407"
11425,,"2011-10-20",7,0,"2494","664"
6203,,,1,2,"1155","87"
11423,,"2011-10-20",8,0,"2497","625"
4468,,,0,1,"945","510"
11095,,,6,2,"253","87"
9625,,"0006-02-20",0,0,"1645","608"
7217,,"0007-06-19",13,0,"435","366"
10639,"0009-05-20","0009-12-20",16,2,"246","324"
8435,,"2012-08-19",9,0,"1754","621"
1867,,,2,1,"249","194"
8004,"2010-11-19",,48,0,"1645","608"
477,,,1,1,"582","407"
4902,,,57,1,"937","510"
9123,"0004-12-20",,4,0,"1641","612"
5430,,"2011-03-18",23,1,"225","214"
1106,"0004-05-17",,10,1,"185","333"
2145,,,99,1,"284","89"
5163,,,12,2,"277","353"
8995,,"0004-04-20",2,2,"1979","99"
2835,,,1,0,"840","456"
6158,,,1,0,"782","443"
7830,"0009-03-19","0009-09-19",0,0,"1201","565"
7788,"0009-06-19","0009-09-19",7,0,"1524","522"
3546,,,2,1,"315","87"
8236,,,226,2,"1713","617"
10764,"0009-03-20","0009-11-20",3,2,"379","76"
5584,"0003-10-19",,3,2,"289","324"
2993,,"2010-04-17",14,1,"724","391"
9925,"0006-09-20",,12,2,"314","87"
5437,"2011-01-18","2011-04-18",24,0,"965","522"
4375,"0005-10-18",,0,0,"447","370"
3294,,,17,0,"509","383"
10430,,,15,0,"509","383"
4653,"0007-12-18",,0,1,"1020","536"
6590,,,0,1,"18","91"
3530,"2010-02-17","2010-09-17",355,0,"709","432"
2857,"0005-07-17",,2,0,"839","456"
3652,"2010-12-17",,0,1,"946","510"
2979,"0009-05-17",,10,0,"860","405"
2407,"0004-11-16",,34,1,"315","87"
6912,"0006-07-19","0006-12-19",1,2,"1155","87"
9991,"0007-10-20",,72,2,"253","87"
1732,"0004-02-12","0004-10-12",2,1,"278","95"
3137,"0009-05-17",,168,0,"884","464"
8418,,,3,0,"1758","622"
4601,,"0007-04-18",1,1,"1017","536"
7045,"0007-10-15",,27,1,"55","595"
6351,,"0005-08-19",3,0,"506","383"
9245,,,0,1,"2076","638"
4452,,,2,0,"963","522"
2473,,,6,0,"753","440"
8711,"0003-01-20","0003-06-20",0,0,"1784","625"
391,,,13,0,"516","390"
6059,"0004-07-19",,3,1,"829","444"
4570,,,1,0,"454","518"
2959,"0009-05-17",,8,0,"813","405"
5100,"0005-01-18","0005-07-18",15,1,"295","85"
4753,,,6,1,"222","214"
8789,,,1,0,"1851","631"
284,,,32,0,"507","383"
5111,"0009-09-18",,50,2,"309","352"
5233,"0009-01-18","0009-05-18",0,2,"263","87"
9658,"0006-06-20","0006-09-20",20,0,"1844","632"
10861,,,21,1,"2182","391"
4253,,,1,1,"254","87"
5067,"0009-01-18","0009-09-18",12,0,"455","519"
2558,"0009-10-17",,2,1,"286","87"
8857,,,1,2,"282","87"
11280,,"2011-04-20",115,2,"2466","77"
7057,"2010-06-15",,4,1,"47","595"
8464,"2012-08-19",,18,0,"1771","470"
5852,,"2012-06-17",1,0,"751","441"
2710,,,13,1,"831","444"
8807,,,2,2,"236","89"
10927,,,10,2,"266","87"
8071,,,14,1,"223","214"
7272,"0007-08-19","0007-11-19",0,0,"524","393"
1705,"0004-04-12","0004-10-12",1,1,"28","92"
9493,,"0004-03-20",3,2,"259","87"
214,"0007-06-17","0007-12-17",0,0,"452","369"
3089,"2010-04-17","2010-11-17",0,1,"715","391"
5556,"0002-01-19",,0,0,"1137","560"
7615,,"0008-05-19",21,2,"1191","563"
6473,"0005-02-19","0005-07-19",2,2,"1451","590"
536,,"0009-09-17",7,1,"269","85"
1066,,"0008-07-17",10,0,"196","331"
4614,"0007-03-18","0007-12-18",0,1,"943","510"
8162,"0007-06-19",,802,2,"1329","578"
6347,,"0005-03-19",63,2,"1345","578"
6816,"0006-07-19",,0,1,"946","510"
10383,,,10,1,"2195","561"
6568,,,353,1,"269","95"
2795,,,4,0,"599","414"
5159,,,13,2,"299","353"
2610,"0009-08-17",,13,0,"616","413"
11317,,"2011-03-20",14,2,"364","80"
2873,,,107,0,"442","368"
1058,"0007-01-17",,11,0,"197","330"
11416,,"2011-10-20",6,0,"1787","625"
11069,,,2,2,"246","324"
6173,"0004-06-19",,13,2,"1275","528"
4419,,,1,1,"831","444"
7925,"0009-11-19",,10,0,"1268","442"
419,,,5,0,"572","401"
2295,,,7,1,"301","89"
10552,,"0008-01-20",63,2,"319","87"
1416,"0009-09-17",,2,1,"161","335"
4291,,,2,1,"977","527"
3963,,,0,0,"523","393"
6104,,"0004-04-19",0,0,"1004","371"
4674,"0007-09-18",,11,2,"254","87"
6060,"0004-07-19",,4,1,"826","444"
1980,,,24,1,"264","324"
4712,,,1,1,"944","510"
10136,"0007-03-20","0007-10-20",39,2,"271","324"
6994,,,1,2,"317","87"
11419,,"2011-10-20",5,0,"2492","664"
18,"0007-06-17","0007-10-17",11,1,"284","87"
7888,,,37,0,"1014","393"
8336,"2010-04-19","2010-10-19",70,2,"1094","85"
4990,"0006-09-18",,2,1,"316","87"
563,"0007-07-17",,2,0,"435","366"
5188,"0005-01-18","0005-07-18",5,1,"236","324"
3819,"0008-08-16","0008-09-16",3,1,"947","510"
1350,"0007-07-16","0007-10-16",1,1,"148","335"
635,"0009-01-17","0009-08-17",2,0,"641","411"
4122,,,1,1,"288","87"
2326,,"2010-08-15",2,1,"304","88"
2528,"0007-02-17","0007-10-17",12,0,"775","442"
3771,,,2,1,"951","512"
3689,"0004-06-16","0004-11-16",0,1,"943","510"
11395,,"2011-04-20",26,2,"2352","659"
9454,,"0004-03-20",0,2,"288","89"
1071,"0004-12-17",,1,0,"194","332"
8983,,"0004-05-20",7,1,"1967","587"
10531,,"0007-04-20",36,2,"1437","589"
5187,,"0005-01-18",3,1,"236","324"
7654,,"0008-06-19",0,0,"462","369"
11406,"2011-08-20","2011-11-20",1,0,"1014","393"
10529,,"0007-04-20",83,2,"1436","589"
3452,,,21,1,"170","333"
9753,"0007-04-20","0007-10-20",2,0,"1641","612"
9202,,,16,2,"2135","644"
2289,,,7,1,"301","88"
11200,"0007-02-20",,860,2,"2391","662"
3776,,"0007-10-16",14,1,"950","512"
941,"0009-02-17","0009-03-17",27,1,"222","214"
5589,"0003-10-19",,4,2,"280","87"
8790,,,2,0,"1852","631"
10033,,,14,2,"262","324"
2630,"0009-08-17",,4,0,"607","414"
2222,,"2010-03-14",102,1,"295","85"
9930,"0006-09-20",,2,2,"1094","87"
7522,,,34,2,"239","87"
4300,,"0005-01-18",0,0,"505","383"
9194,"0004-12-20",,8,2,"2141","643"
3564,,,55,1,"1","90"
8763,,"0004-04-20",8,0,"1822","629"
7333,"0007-07-19",,35,0,"1134","559"
10166,,,52,2,"276","324"
9411,,,0,0,"1203","565"
1621,,,120,1,"136","407"
7268,,"0007-07-19",13,0,"1235","567"
7798,,"0009-07-19",23,1,"223","214"
7594,"0008-01-19","0008-04-19",1,0,"1590","586"
4942,"0005-01-18","0005-07-18",2,1,"298","352"
9836,"0004-03-20","0004-09-20",1,2,"282","87"
6124,,"0004-04-19",0,0,"1009","519"
10385,,,8,1,"2200","561"
7529,,,6,2,"1146","87"
10484,"0007-09-20",,46,2,"1481","593"
1060,"0009-01-17","0009-04-17",3,0,"523","393"
9441,,"0005-04-20",0,1,"944","510"
2627,"0009-08-17",,2,0,"604","414"
2972,"0009-05-17",,0,0,"825","405"
6907,"0005-08-19",,3,2,"297","194"
6905,"0005-08-19",,0,2,"259","194"
5294,,"0005-02-18",3,1,"259","353"
4886,,"0008-08-18",18,0,"1065","552"
9311,"0004-06-20",,8,2,"1431","589"
4150,"0004-09-18",,4,1,"311","85"
1069,"0004-12-17",,0,0,"192","332"
4432,,,0,1,"946","510"
10363,"0008-06-20",,46,2,"2101","579"
11158,,"0004-07-20",2,2,"2369","661"
1673,"0005-02-18","0005-09-18",2,1,"148","335"
2344,,,103,1,"306","87"
11009,"2010-10-20",,9,2,"276","324"
6910,"0005-08-19",,5,2,"314","194"
6582,,,5,1,"10","90"
5745,,"2010-02-18",21,0,"1204","565"
950,"0007-05-17","0007-12-17",1,0,"214","349"
542,"0009-05-17","0009-09-17",7,0,"482","375"
725,,,1,0,"689","421"
10961,"2010-08-20","2010-11-20",1,0,"2081","638"
7331,"0007-06-19",,21,0,"1136","560"
10019,"0004-04-20","0004-09-20",4,2,"315","324"
9529,"0005-04-20","0005-07-20",0,1,"942","510"
3165,"2010-11-17",,5,1,"721","391"
10688,,"0007-11-20",67,2,"2326","658"
4650,"0007-12-18",,1,1,"1017","536"
4711,,,4,1,"943","510"
7157,,,4,2,"1351","579"
2059,,"0004-07-14",0,1,"274","87"
2608,"0009-06-17",,1,0,"195","331"
11008,"2010-10-20",,7,2,"305","324"
5685,,,4,2,"1171","562"
6234,,,0,2,"245","85"
1870,,"2010-08-15",22,1,"249","194"
8844,,,5,2,"1763","87"
5374,,"2010-06-18",62,0,"508","383"
7719,,,28,0,"1630","606"
7984,"2010-07-19","2010-12-19",1,0,"1541","597"
11389,,"2011-03-20",20,2,"2356","74"
8329,"2010-01-19","2010-07-19",261,2,"1154","87"
9082,"0004-09-20",,0,0,"1539","597"
5288,,,3,1,"283","85"
2880,,,3,0,"478","375"
5263,,,36,2,"286","87"
10256,,"0008-08-20",2,0,"461","519"
8910,,"0004-02-20",3,2,"1902","97"
8929,,"0004-02-20",12,2,"1921","96"
10946,"2010-01-20","2010-08-20",41,1,"714","391"
4155,"0004-09-18",,1,1,"310","85"
1402,"0007-04-17","0007-09-17",0,1,"162","335"
3213,,,0,0,"538","396"
7453,"0007-04-19","0007-09-19",115,2,"308","324"
3884,,"0002-03-17",0,1,"942","510"
9062,"0004-06-20","0004-11-20",38,2,"1532","596"
6105,,"0004-04-19",0,0,"954","371"
4555,,,42,1,"826","444"
1434,"0007-08-15","0007-11-15",5,1,"132","407"
7327,,,4,1,"1565","345"
8061,,,38,0,"1212","565"
4023,,"0004-03-18",0,1,"941","510"
86,,,1,1,"297","89"
10135,"0007-03-20","0007-10-20",45,2,"276","324"
11195,,,5,2,"2387","662"
5281,"0009-01-18","0009-05-18",1,2,"258","87"
1222,"0007-08-15","0007-12-15",1,1,"163","335"
6421,"0004-12-19",,1,2,"1399","588"
10743,"0009-03-20","0009-11-20",4,2,"358","80"
4299,,"0005-03-18",5,0,"985","529"
3336,,"2011-04-17",10,0,"486","376"
7107,,,7,1,"57","595"
10594,"0004-05-20",,15,2,"1272","528"
7841,"0009-03-19","0009-09-19",0,0,"1652","564"
10205,,,1,0,"443","369"
3761,"0006-02-16","0006-12-16",0,1,"943","510"
1538,"0001-04-16",,2,1,"134","407"
7166,,,51,1,"55","595"
6998,,,9,2,"239","87"
8729,"0003-12-20",,0,0,"1853","631"
3610,,"2010-02-17",0,1,"940","510"
8992,,"0004-07-20",2,0,"1134","559"
6378,,,3,2,"1371","580"
8437,"2012-03-19","2012-08-19",15,0,"963","522"
9844,"0004-03-20","0004-09-20",3,2,"1760","87"
3949,,"0003-05-18",0,1,"947","510"
992,"0008-05-17",,0,0,"200","326"
6557,,,870,1,"45","94"
1091,"0004-05-17",,3,1,"170","333"
9104,"0004-10-20",,0,0,"1844","632"
6330,,"0005-03-19",507,2,"1328","578"
7104,,,5,1,"54","595"
5186,"0005-07-18","0005-12-18",1,1,"300","324"
5958,,,7,2,"261","85"
656,"0009-01-17","0009-08-17",5,0,"657","412"
5630,,,0,2,"1152","194"
5956,,,0,2,"243","87"
11273,,"2011-04-20",64,2,"2459","77"
524,,"0009-09-17",2,1,"236","353"
7498,"0007-09-19",,10,2,"317","87"
3235,,,5,0,"560","396"
5702,"0004-01-19","0004-12-19",3,2,"1188","563"
930,,,1,1,"224","214"
10514,"0007-01-20",,218,2,"98","646"
2478,,,2,0,"748","441"
253,"0007-07-17",,0,0,"466","372"
10853,,,40,2,"1155","85"
8161,"0007-06-19",,1550,2,"1328","578"
1389,,,11,1,"147","335"
5814,,,0,0,"746","441"
10910,"0009-12-20",,1,2,"266","87"
5444,"2010-11-18",,11,1,"718","391"
3486,,"2010-04-17",29,0,"567","398"
3177,"2010-12-17",,30,0,"459","369"
4685,,,11,2,"293","87"
4603,,"0007-04-18",2,1,"1019","536"
7600,"0008-01-19","0008-04-19",9,0,"1596","586"
1360,,,0,1,"160","335"
8191,,"0005-03-19",2,2,"1694","617"
4296,,,2,1,"982","528"
2603,,,7,1,"791","447"
5417,,,7,0,"1111","469"
176,,,5,0,"444","370"
5680,,,0,2,"1166","562"
10103,"0006-09-20",,4,2,"276","324"
7756,,"0009-04-19",11,0,"449","371"
10915,"0009-12-20",,26,2,"283","87"
6082,,"0004-01-19",0,0,"439","367"
11342,,"2011-03-20",52,2,"387","76"
1064,"0004-08-17",,0,0,"196","331"
2185,,,4,1,"290","87"
7996,"2010-06-19","2010-12-19",0,0,"1591","586"
10667,,"0009-05-20",5,2,"251","87"
5161,,,7,2,"301","353"
10459,"0007-02-20","0007-07-20",362,2,"1344","578"
7767,,"0009-04-19",18,0,"1006","369"
7828,"0009-03-19","0009-10-19",11,0,"751","441"
11315,,"2011-03-20",11,2,"2474","80"
9071,,"0004-06-20",0,0,"439","367"
6888,"0005-08-19",,2,2,"309","324"
8070,,,37,1,"222","214"
484,,,5,1,"583","407"
10476,"0007-12-20",,18,2,"83","590"
10739,"0009-03-20","0009-11-20",14,2,"354","80"
11187,,"0004-05-20",1,2,"2385","577"
522,,"0009-09-17",59,1,"251","353"
4478,"0006-06-18",,4,1,"289","324"
1929,,"2010-04-14",49,1,"256","89"
11267,,"2011-04-20",194,2,"2453","77"
4985,,,100,2,"311","87"
9471,,"0004-03-20",0,2,"285","89"
9940,"0006-09-20",,3,2,"1762","87"
10855,,,4,2,"1766","85"
10447,"0007-02-20","0007-07-20",101,2,"1329","578"
5614,"0003-10-19",,2,2,"1138","89"
4308,,"0005-02-18",0,1,"939","510"
2024,,,9,1,"269","85"
10302,"0004-04-20","0004-10-20",14,2,"1395","588"
3265,"2010-11-17",,65,0,"506","383"
11299,,"2011-03-20",14,2,"335","79"
6567,,,105,1,"44","95"
1856,"0007-10-15",,11,1,"248","88"
9234,"0004-09-20",,71,2,"2043","635"
1337,"0007-07-16","0007-10-16",0,1,"157","335"
9636,,"0006-02-20",0,1,"941","510"
10696,,"0007-11-20",88,2,"2334","658"
5796,,"2010-03-18",50,0,"744","441"
6631,,,1,0,"1498","594"
10423,,,13,0,"509","383"
10829,,,69,2,"1140","353"
8381,"2011-11-19",,18,0,"1754","621"
4608,"0007-02-18","0007-05-18",4,0,"964","522"
2465,,,6,0,"761","440"
3872,,,0,1,"940","510"
1321,,,0,1,"156","335"
7988,"2010-05-19","2010-10-19",62,0,"1646","608"
4215,,,0,1,"938","510"
7763,,"0009-05-19",8,0,"444","370"
3134,,"0008-02-17",78,0,"885","465"
5273,"0005-08-18","0005-12-18",0,1,"262","87"
10615,"0007-02-20",,44,2,"2302","657"
6882,"0005-08-19",,2,2,"315","352"
7351,,,6,2,"1146","87"
1044,"0008-08-17",,0,0,"212","329"
10954,"2010-01-20","2010-08-20",21,1,"728","391"
390,,,26,0,"515","390"
7690,,,63,2,"1273","528"
2285,,,6,1,"301","88"
5425,,"2011-03-18",18,1,"220","214"
3793,,,33,1,"951","512"
102,,,9,1,"288","87"
4668,"0007-09-18",,5,2,"264","87"
3383,"2011-05-17","2011-11-17",30,0,"508","383"
5400,"2010-06-18",,38,0,"1110","469"
2912,"0008-07-17",,1,0,"846","457"
8109,,,188,0,"759","440"
11371,,"2011-04-20",12,2,"922","73"
7209,,"0007-02-19",198,1,"832","444"
8696,,"0003-01-20",0,0,"1780","625"
3373,,"2011-10-17",35,0,"193","332"
8898,,"0004-02-20",4,2,"1890","97"
8755,,"0004-02-20",1,1,"1862","346"
7266,"0007-12-19",,16,0,"1505","594"
4717,,,4,1,"1019","536"
1026,,"0005-04-17",2,0,"210","329"
3409,"2011-07-17",,15,0,"912","372"
3062,"0004-09-17",,1,0,"864","458"
2164,,"2010-04-14",40,1,"288","89"
9952,,"0007-03-20",41,2,"283","87"
2814,,,5,0,"658","412"
7708,,,1,2,"1294","528"
6015,"0004-12-19",,5,2,"319","85"
10072,"0005-01-20","0005-07-20",0,2,"271","324"
9256,,,0,1,"2074","637"
10335,"0007-07-20",,2350,2,"2240","588"
3666,,,0,1,"937","510"
4175,"0004-09-18",,0,0,"435","366"
6846,"0005-08-19",,9,2,"1153","87"
4276,,,0,0,"539","396"
7824,"0009-03-19","0009-10-19",36,0,"1216","441"
2337,,,11,1,"306","87"
6638,,,7,0,"1505","594"
8758,,,0,0,"703","429"
3658,,,0,1,"940","510"
7551,,,7,2,"1360","580"
5999,"0004-12-19",,1,2,"1152","87"
4121,,,1,1,"254","87"
6464,"0005-05-19","0005-10-19",5,2,"1442","589"
2405,,,32,1,"314","89"
3057,,,1,0,"861","459"
3322,,"2011-03-17",15,0,"899","470"
8542,,,34,0,"1774","470"
7745,,"0009-03-19",1,2,"1353","579"
5379,"2010-04-18","2010-11-18",15,1,"713","391"
5888,"0001-06-19",,0,0,"1232","566"
7865,"0009-02-19","0009-11-19",44,0,"1233","566"
8374,,,25,2,"281","194"
7619,,"0008-05-19",64,2,"1195","563"
1970,"0009-11-15",,38,1,"263","85"
9882,,,0,2,"1760","87"
10412,,,20,0,"2264","522"
11350,,"2011-03-20",75,2,"395","75"
10574,,"0008-01-20",152,2,"1024","324"
11369,,"2011-04-20",16,2,"410","73"
8820,,,3,2,"1141","324"
9758,"0007-09-20",,15,0,"1257","555"
10288,"0004-04-20",,177,2,"2234","588"
8330,"2010-01-19","2010-07-19",7,2,"1155","87"
3863,,,18,1,"943","510"
2782,,,20,0,"630","411"
3310,,,15,0,"490","377"
10549,,"0007-04-20",46,2,"123","589"
1556,"0003-01-16","0003-10-16",3,1,"580","407"
6387,,,26,2,"1380","580"
2450,"0009-10-17",,0,0,"703","429"
6711,"0002-08-19",,0,0,"1502","594"
7649,,"0008-06-19",2,0,"1006","369"
8177,"0007-06-19",,933,2,"1345","578"
2200,,"0005-01-14",2,1,"291","89"
7155,,,1,2,"1349","579"
7624,,"0008-04-19",7,2,"1352","579"
4095,"0004-03-18","0004-12-18",1,1,"308","89"
5950,,,0,2,"1149","87"
7111,,,7,1,"61","595"
3420,"2011-08-17",,0,0,"466","373"
6478,"0005-02-19","0005-07-19",9,2,"1456","591"
8108,,,30,0,"1225","440"
6945,"0006-07-19","0006-12-19",12,2,"264","352"
5170,"0009-11-18",,30,2,"242","324"
8636,,"0002-01-20",0,0,"1781","625"
7147,,,7,0,"1523","522"
9511,,"0004-04-20",1,2,"276","352"
5065,,"0009-01-18",5,0,"461","519"
7410,"0007-04-19","0007-09-19",100,2,"289","87"
2148,,,4,1,"286","87"
6184,"0004-06-19",,4,2,"1295","528"
10628,"0009-05-20","0009-12-20",3,2,"282","87"
3816,"0008-08-16","0008-09-16",10,1,"944","510"
5406,,,7,0,"525","393"
3385,"2011-04-17","2011-12-17",12,0,"477","375"
9543,"0005-07-20","0005-11-20",0,1,"944","510"
8277,,,10,2,"1735","620"
2363,"0004-11-14",,0,1,"309","85"
1913,"0009-03-15","0009-10-15",8,1,"254","87"
2929,,,10,0,"217","350"
2174,,,2,1,"289","88"
10820,"0009-03-20",,17,2,"2360","659"
4111,,,3,1,"247","194"
7455,"0007-04-19","0007-09-19",129,2,"275","324"
8902,,"0004-02-20",6,2,"1894","97"
8187,"0007-06-19",,2018,2,"1315","577"
4229,,,0,0,"902","470"
9121,"0004-11-20",,3,0,"1639","611"
2412,"0007-10-15",,10,1,"315","88"
1371,,,4,1,"149","335"
3935,,,1,0,"434","366"
2425,,,56,1,"316","87"
2545,"0009-10-17",,57,1,"292","87"
8173,"0007-06-19",,128,2,"1340","578"
9965,"0007-03-20","0007-10-20",19,2,"266","87"
3927,,"0003-09-17",0,1,"947","510"
4396,"0005-02-18","0005-11-18",0,1,"946","510"
4680,"0007-09-18",,5,2,"244","87"
5797,"0001-04-19",,4,0,"744","441"
9099,"0004-11-20",,0,1,"2081","638"
9343,"0004-10-20",,22,2,"78","590"
8975,,"0004-04-20",3,1,"1961","346"
7547,,,23,2,"1377","580"
10626,"0009-05-20","0009-12-20",8,2,"265","87"
2346,,,9,1,"307","87"
9442,,"0005-04-20",0,1,"945","510"
2447,"0009-06-17",,1,0,"735","433"
8952,,"0004-01-20",3,2,"1944","86"
1631,,,15,1,"578","407"
6586,,,1,1,"14","91"
651,"0009-01-17","0009-08-17",29,0,"652","412"
5789,,,1,0,"742","441"
9276,,,0,1,"945","510"
10559,,"0008-01-20",124,2,"1094","87"
9394,,,3,0,"1219","441"
7312,,,42,1,"714","391"
1541,"0001-04-16",,7,1,"582","407"
11064,,,28,2,"1151","87"
92,,,9,1,"315","87"
9817,,,12,0,"1493","555"
2618,"0009-08-17",,2,0,"638","411"
11060,,,14,2,"283","87"
10995,"2010-06-20","2010-12-20",1,0,"2269","522"
9790,,,5,0,"1493","555"
9033,"0004-04-20","0004-09-20",3,2,"2018","83"
11254,,"2011-04-20",8,2,"351","78"
11111,,,5,2,"295","324"
9031,"0004-04-20","0004-09-20",6,2,"2016","83"
5828,"0001-04-19",,2,0,"748","441"
2728,"0003-11-17",,0,1,"833","444"
9702,,,103,0,"2163","560"
4705,"0007-12-18",,20,0,"1031","546"
5235,"0005-01-18","0005-08-18",0,1,"246","87"
9456,,"0004-03-20",0,2,"1138","353"
2726,"0003-11-17",,0,1,"830","444"
3765,,,4,1,"937","510"
2480,,,2,0,"746","441"
236,"0008-03-17",,67,0,"501","382"
8617,,,0,0,"1528","522"
6779,"0005-07-19","0005-12-19",1,0,"1498","594"
4657,"0007-09-18",,15,2,"236","324"
5126,"0005-01-18","0005-07-18",3,1,"319","352"
9000,,"0004-04-20",11,2,"1984","99"
5818,"0009-08-17",,16,0,"747","441"
2657,"0009-01-17","0009-08-17",8,0,"796","452"
87,,"0005-08-17",5,1,"297","89"
6592,,,0,1,"20","91"
11015,"2010-10-20",,4,2,"281","324"
308,,"0008-05-17",3,0,"498","378"
10809,"0009-03-20",,23,2,"2349","659"
4241,,,0,1,"247","194"
8931,,"0004-02-20",5,2,"1923","96"
4098,"0004-10-18",,0,1,"829","444"
4567,,,1,0,"1004","371"
7358,,,18,2,"317","87"
199,"0007-04-17","0007-11-17",0,0,"443","370"
2788,,,0,0,"642","411"
7171,,,307,1,"59","595"
9943,,"0007-03-20",50,2,"291","87"
10940,,"2010-04-20",15,2,"251","87"
6290,"0005-01-19","0005-07-19",0,0,"1219","441"
7533,,,37,2,"1380","580"
11142,,"2011-07-20",9,2,"315","324"
6574,,,116,1,"311","95"
9672,"0006-06-20","0006-09-20",1,0,"1855","631"
5409,"2010-05-18","2010-12-18",23,0,"898","470"
10139,"0007-03-20","0007-10-20",351,2,"275","324"
8364,"2010-04-19","2010-10-19",69,2,"253","85"
2225,,"0008-03-15",172,1,"295","88"
1529,"0009-08-15","0009-12-15",24,1,"142","407"
3567,,,5,1,"826","444"
3933,,,0,0,"432","366"
5418,,,18,0,"1108","469"
2196,,,16,1,"291","88"
8619,,,1,0,"1530","522"
9088,"0004-11-20",,0,1,"2075","637"
9801,"0007-08-20",,2,1,"1017","536"
7761,,"0009-04-19",18,0,"450","371"
10901,,"2010-02-20",15,0,"2255","597"
1906,"0005-10-14",,1,1,"253","194"
5410,"2010-05-18","2010-12-18",29,0,"899","470"
1902,"0005-09-14",,4,1,"252","89"
5185,"0005-01-18","0005-07-18",4,1,"300","324"
11261,,"2011-04-20",5,2,"349","78"
575,"0009-03-17","0009-10-17",15,1,"287","352"
2491,"0009-05-17","0009-09-17",19,0,"214","349"
9505,,"0004-03-20",2,2,"1760","87"
6609,,,12,1,"40","93"
1042,"0008-08-17",,1,0,"210","329"
2121,,,3,1,"280","87"
10420,,,540,0,"506","383"
754,"0009-02-17","0009-07-17",30,0,"695","428"
8727,"0003-12-20",,2,0,"1851","631"
3894,"0002-03-17",,0,1,"942","510"
7787,"0009-06-19","0009-09-19",9,0,"1523","522"
3219,,,2,0,"544","396"
6031,"0004-12-19",,2,2,"277","194"
5827,,"2010-03-18",30,0,"748","441"
4216,,,0,1,"939","510"
9148,,,7,1,"145","335"
1724,"0004-02-12","0004-10-12",1,1,"42","94"
2885,,,1,0,"484","376"
580,"0009-03-17","0009-10-17",24,1,"309","352"
7838,"0009-03-19","0009-09-19",4,0,"1211","565"
6227,,,0,2,"1152","87"
5899,,,0,2,"1024","352"
6021,"0004-12-19",,0,2,"1024","352"
187,"0008-07-17",,1,0,"451","369"
3815,"0008-08-16","0008-09-16",6,1,"943","510"
10890,,"2010-02-20",21,1,"829","444"
11399,,"2011-04-20",52,2,"2355","659"
61,,,5,1,"291","352"
6097,,"0004-07-19",2,0,"1259","442"
530,,"0009-09-17",114,1,"250","85"
9542,"0005-07-20","0005-11-20",0,1,"943","510"
10377,"0008-06-20",,14,2,"1354","579"
10213,,,0,0,"461","519"
6522,,,13,1,"8","90"
9540,"0005-07-20","0005-11-20",0,1,"941","510"
1117,"0007-07-17",,7,1,"175","333"
2524,"0007-02-17","0007-10-17",5,0,"771","442"
5071,"0009-01-18","0009-09-18",5,0,"1009","519"
11126,,"2011-07-20",6,2,"311","87"
8880,,"0004-02-20",12,2,"1872","98"
7065,"0009-02-15","0009-09-15",1,1,"51","595"
10184,,,2,1,"1020","536"
5881,"0001-06-19",,0,0,"1222","440"
8552,,,1,0,"747","441"
9448,,"0004-03-20",5,2,"269","194"
6409,"0005-09-19",,0,0,"1232","566"
5511,"2012-02-18","2012-11-18",9,0,"523","393"
7873,"0009-05-19","0009-11-19",13,0,"446","370"
6178,"0004-06-19",,13,2,"1280","528"
3362,"2011-01-17","2011-06-17",5,0,"911","372"
9051,"0004-07-20","0004-11-20",1,0,"1823","629"
9112,"0004-10-20",,1,0,"1852","631"
546,"0009-01-17","0009-09-17",1,0,"486","376"
8723,"0003-12-20",,4,0,"1847","632"
10170,,,25,2,"275","324"
2828,,,0,0,"839","456"
10780,"0009-03-20","0009-11-20",6,2,"395","75"
8700,,"0003-01-20",3,0,"1785","625"
9657,"0006-02-20","0006-06-20",2,0,"2154","555"
2311,,,25,1,"303","324"
740,"0004-08-17",,0,0,"698","428"
4919,"0009-06-18","0009-09-18",1,1,"222","214"
3756,"0006-02-16","0006-12-16",0,1,"937","510"
900,,,3,1,"224","214"
6812,"0006-07-19",,0,1,"942","510"
5628,,,0,2,"1150","194"
6484,"0005-02-19","0005-07-19",29,2,"1462","592"
7891,,,5,0,"525","393"
3199,,"2010-04-17",89,0,"442","368"
8358,,,39,2,"286","353"
7214,,,0,0,"1302","575"
7822,"0009-03-19","0009-10-19",33,0,"747","441"
3069,,"2010-07-17",8,1,"831","444"
1763,,,12,1,"239","85"
5250,"0006-09-18",,0,1,"975","87"
2802,,,2,0,"608","414"
28,,,6,1,"307","87"
7650,,"0008-06-19",3,0,"1007","369"
7139,"0009-02-15","0009-09-15",2,1,"65","595"
1551,"0003-01-16","0003-10-16",1,1,"579","407"
4222,,,0,1,"945","510"
6525,,,96,1,"11","91"
8399,"2011-10-19",,42,1,"225","214"
1318,,,1,1,"151","335"
8841,,,20,2,"293","352"
7474,"0007-09-19",,5,2,"1153","87"
1804,,"0005-01-14",0,1,"243","89"
8612,,,15,0,"1043","522"
4513,"0006-06-18",,5,1,"287","352"
290,,"0008-05-17",15,0,"493","377"
5245,"0009-01-18","0009-05-18",7,2,"284","87"
3634,"2010-04-17","2010-12-17",0,1,"940","510"
10913,"0009-12-20",,3,2,"282","87"
5876,,"2010-02-18",40,0,"761","440"
1220,"0007-08-15","0007-12-15",0,1,"161","335"
1237,,,0,1,"158","335"
3113,"2010-05-17","2010-12-17",0,0,"456","369"
7353,,,9,2,"1150","87"
9351,"0004-10-20",,1,2,"1442","590"
8350,,,33,2,"306","194"
1700,"0004-04-12","0004-10-12",0,1,"23","92"
10140,"0007-03-20","0007-10-20",69,2,"1150","324"
6041,"0004-12-19",,3,2,"284","353"
3572,,,1,1,"827","444"
4102,,,1,1,"289","194"
6773,,"0005-07-19",4,0,"1504","594"
613,"0009-01-17","0009-08-17",0,0,"624","413"
8525,"0001-03-20","0001-06-20",5,0,"1749","621"
4161,,,0,0,"963","522"
8382,"2011-11-19",,5,0,"1755","622"
1549,"0001-04-16",,0,1,"142","407"
7177,,,138,1,"49","595"
3200,,,4,0,"738","439"
4157,"0004-09-18",,3,1,"243","85"
5968,,,0,2,"295","85"
6294,"0005-01-19","0005-07-19",0,0,"1200","565"
788,"0005-10-17",,18,0,"711","432"
2601,"0009-11-17",,4,1,"792","447"
990,,"0007-09-17",6,0,"201","326"
10553,,"0008-01-20",415,2,"291","87"
7350,,,10,2,"1149","87"
1905,,"0004-06-14",1,1,"253","87"
7123,"0009-09-15",,2,1,"61","595"
2290,,,7,1,"301","88"
9264,"0004-11-20",,9,0,"1822","629"
7285,"0007-06-19",,0,1,"943","510"
3981,,,0,0,"454","369"
1901,,"0005-01-14",0,1,"252","89"
7018,,,37,2,"275","324"
4591,,,1,0,"461","519"
9502,,"0004-03-20",1,2,"1151","87"
1386,,,8,1,"144","335"
2322,"0009-03-15","0009-07-15",3,1,"304","88"
10314,"0007-07-20",,946,2,"2216","588"
8232,,,30,2,"1709","617"
3052,"2010-03-17","2010-04-17",5,0,"867","460"
10291,"0004-04-20",,61,2,"2237","588"
2316,,,62,1,"304","87"
7128,"0009-02-15","0009-09-15",6,1,"54","595"
2539,"0009-06-17",,59,1,"285","324"
5271,,"0005-01-18",2,1,"262","87"
3986,,,0,0,"459","369"
10022,"0004-04-20","0004-09-20",4,2,"305","324"
7713,"0008-06-19",,0,0,"1348","555"
2430,,,6,1,"317","87"
4039,,"0004-05-18",1,0,"448","370"
5322,,,2,0,"1105","554"
8153,"0007-06-19",,303,2,"1323","578"
7480,"0007-09-19",,16,2,"265","87"
10008,,,217,2,"259","87"
2218,"0009-03-15","0009-10-15",0,1,"294","87"
1034,,"0008-01-17",1,0,"210","329"
1972,,,7,1,"264","87"
7518,,,175,2,"1138","87"
1930,"0009-11-15",,16,1,"256","89"
7741,,"0009-03-19",3,2,"1355","579"
2517,"0007-02-17","0007-10-17",2,0,"764","442"
1415,"0009-09-17",,1,1,"160","335"
2332,"0009-03-15","0009-10-15",7,1,"305","87"
11386,,"2011-03-20",181,2,"2489","74"
9407,,,0,0,"1672","429"
475,,,1,1,"580","407"
6368,,,5,2,"1361","580"
2248,,,80,1,"297","324"
616,"0004-02-17","0004-09-17",0,0,"617","416"
4286,,,3,0,"559","396"
8097,,,2,1,"725","391"
652,"0009-01-17","0009-08-17",0,0,"653","412"
5077,,"0005-01-18",2,1,"275","85"
8360,,,21,2,"244","353"
9399,,,1,0,"1650","564"
7538,,,11,2,"1367","580"
6865,"0005-08-19",,3,2,"313","87"
2762,,,14,0,"597","410"
1885,,"2010-04-14",23,1,"251","194"
2945,,"2010-02-17",17,0,"800","452"
476,,,1,1,"581","407"
1210,"0009-04-17","0009-08-17",16,0,"513","389"
9589,"0005-01-20","0005-08-20",0,0,"1666","610"
10546,,"0007-04-20",40,2,"1425","591"
7120,"0009-09-15",,1,1,"58","595"
6853,"0005-08-19",,1,2,"285","87"
5812,"0001-04-19",,2,0,"1215","441"
7259,"0007-12-19",,8,0,"1498","594"
508,,,10,1,"589","408"
5871,"0001-01-19","0001-09-19",0,0,"1225","440"
2893,,,20,0,"492","377"
9377,"0004-10-20",,5,2,"91","591"
7419,"0007-04-19","0007-09-19",19,2,"1147","87"
1257,,,2,1,"158","335"
9026,"0004-04-20","0004-09-20",24,2,"2010","83"
2355,,,9,1,"308","85"
5882,"0001-06-19",,0,0,"1226","566"
2374,"0005-10-14",,0,1,"311","194"
8633,"0001-10-20",,0,0,"1672","429"
11304,,"2011-03-20",19,2,"339","79"
3901,,,0,1,"939","510"
4227,,,0,0,"900","470"
10732,"0009-03-20",,4,2,"347","78"
5226,"0006-09-18",,2,1,"293","87"
1207,,"0009-05-17",12,0,"560","396"
2410,,,173,1,"315","87"
1329,,,2,1,"146","335"
6019,"0004-12-19",,0,2,"264","352"
1390,,,5,1,"148","335"
4877,"0008-06-18",,4,1,"941","510"
7302,,,2,0,"1524","522"
7685,"0007-08-19","0007-12-19",8,2,"1298","528"
383,"0005-06-17",,1,0,"566","397"
1708,"0004-04-12","0004-10-12",1,1,"31","93"
8741,,,1,0,"1590","586"
9147,,,2,1,"144","335"
10880,,"2010-01-20",76,1,"715","391"
3578,,,0,1,"940","510"
1496,"0009-01-15","0009-05-15",5,1,"580","407"
11202,"0007-02-20",,113,2,"2390","662"
4348,,,0,1,"720","391"
4611,"0007-03-18","0007-12-18",1,1,"938","510"
5240,,"0005-01-18",0,1,"284","87"
8481,,,9,0,"1757","621"
5034,"0009-01-18","0009-09-18",11,0,"955","371"
3606,,"2010-02-17",1,1,"936","510"
9272,,,0,1,"941","510"
7926,,"2010-04-19",8,0,"1537","597"
4233,,,1,1,"906","346"
2418,,,3,1,"315","88"
8513,,"0001-03-20",3,0,"1754","621"
3415,,,3,0,"927","505"
9674,"0006-06-20","0006-09-20",0,0,"1857","631"
681,"0009-03-17","0009-10-17",10,0,"667","417"
1619,,,56,1,"134","407"
5857,,,9,0,"1221","440"
11239,,,1,2,"2432","663"
837,,"0009-06-17",8,0,"736","433"
1306,,,0,1,"156","335"
2509,,"0004-07-19",4,0,"762","442"
7443,"0007-04-19","0007-09-19",36,2,"1024","352"
5832,,,1,0,"1217","441"
5708,"0004-01-19",,2,2,"1182","563"
6074,,,10,0,"973","367"
10089,,,13,2,"293","324"
9660,"0006-06-20","0006-09-20",14,0,"1846","632"
11290,,"2011-03-20",20,2,"328","79"
8047,,,54,1,"728","391"
7189,,,0,1,"1018","536"
9065,"0004-06-20","0004-11-20",9,2,"72","596"
9534,"0005-04-20","0005-07-20",0,1,"947","510"
3967,,,0,0,"450","371"
7698,,,135,2,"1281","528"
3862,,,9,1,"942","510"
7267,,"0007-06-19",0,0,"1257","555"
9385,,,0,0,"744","441"
2737,"0009-09-17",,0,0,"484","376"
6958,"0006-07-19","0006-12-19",4,2,"275","324"
7385,,,43,2,"1145","324"
5610,"0003-10-19",,1,2,"246","87"
5242,"0005-08-18","0005-12-18",0,1,"284","87"
8483,,,3,0,"1748","621"
5991,"0004-12-19",,0,2,"299","87"
8397,"2011-10-19",,33,1,"223","214"
9804,"0007-08-20",,5,1,"2165","536"
5642,,,1,2,"261","85"
3827,"0008-08-16","0008-09-16",6,1,"943","510"
2744,"0009-06-17",,6,0,"491","377"
3171,"2010-11-17",,15,1,"727","391"
3701,"0004-11-16",,1,1,"947","510"
11123,,"2011-07-20",2,2,"319","87"
8410,,,7,0,"1748","621"
9348,"0004-10-20",,4,2,"82","590"
8734,"0003-12-20",,0,0,"1858","631"
6551,,,24,1,"37","93"
2267,"0009-03-15","0009-10-15",7,1,"299","87"
5264,"0009-01-18","0009-05-18",2,2,"286","87"
8139,,,6,0,"1216","441"
5405,,,6,0,"524","393"
1367,,,0,1,"145","335"
5954,,,2,2,"1151","194"
10909,"0009-12-20",,13,2,"311","87"
1851,"0004-11-16",,1,1,"248","87"
5868,,,17,0,"1225","440"
8886,,"0004-02-20",30,2,"1878","98"
3908,,,0,1,"936","510"
4171,"0004-09-18",,0,0,"439","367"
2091,"0009-03-15","0009-10-15",1,1,"277","87"
9330,"0004-10-20",,3,2,"1484","593"
3763,"0006-02-16","0006-12-16",0,1,"945","510"
4495,"0006-06-18",,4,1,"243","85"
804,"0004-03-17","0004-10-17",0,1,"718","391"
3677,,"0004-06-16",0,1,"940","510"
3818,"0008-08-16","0008-09-16",10,1,"946","510"
1595,"0007-06-16","0007-10-16",4,1,"132","407"
5082,"0005-07-18","0005-12-18",0,1,"265","194"
7955,,,3,2,"1270","528"
4365,"0005-10-18",,0,0,"450","371"
3263,"2010-01-17","2010-11-17",36,0,"509","383"
1244,,,0,1,"143","335"
7810,"0009-05-19","0009-12-19",4,0,"1644","608"
4647,"0007-12-18",,0,1,"944","510"
5909,,,0,2,"1094","194"
1993,,,16,1,"266","87"
6231,,,4,2,"1143","87"
9045,"0004-04-20","0004-09-20",23,2,"2030","82"
11390,,"2011-03-20",20,2,"2490","74"
4006,,"0004-02-18",0,0,"541","396"
4387,"0005-02-18","0005-11-18",0,1,"937","510"
5916,,,0,2,"251","194"
5750,,"0001-07-19",0,0,"1205","565"
7725,,,2,0,"1042","522"
10640,"0009-05-20","0009-12-20",14,2,"315","324"
402,,,3,0,"571","401"
8701,,"0003-01-20",0,0,"1786","625"
2848,,,3,0,"838","456"
5254,"0005-01-18","0005-08-18",0,1,"244","87"
5988,"0004-12-19",,2,2,"1144","87"
562,"0007-07-17",,0,0,"434","366"
2438,"0007-10-15",,27,1,"320","88"
6453,"0005-05-19","0005-10-19",3,2,"1431","589"
8287,,,20,2,"1745","620"
6960,"0006-07-19","0006-12-19",6,2,"248","324"
9711,"0006-08-20",,0,1,"938","510"
1717,"0004-04-12","0004-10-12",4,1,"40","93"
7894,,,12,0,"1640","611"
4590,,,0,0,"460","519"
1734,"0004-02-12","0004-10-12",3,1,"264","95"
5057,"0009-01-18","0009-09-18",27,0,"1008","369"
6056,"0004-11-19",,2,2,"1250","568"
1324,,,0,1,"161","335"
5402,"2010-06-18",,10,0,"1111","469"
3791,,,4,1,"949","512"
1545,"0001-04-16",,4,1,"139","407"
1339,"0007-07-16","0007-10-16",0,1,"159","335"
5621,"0003-10-19",,0,2,"1144","89"
3886,,"0002-03-17",2,1,"945","510"
5945,,,0,2,"1155","87"
3661,,,0,1,"943","510"
683,"0009-03-17","0009-10-17",20,0,"671","419"
10185,,,4,1,"2165","536"
5697,"0004-01-19",,3,2,"1193","563"
292,,"0008-05-17",1,0,"496","377"
10343,"0007-07-20",,482,2,"1395","588"
1085,,"0009-06-17",5,0,"493","377"
7834,"0009-03-19","0009-09-19",5,0,"1205","565"
10892,,"2010-02-20",0,1,"830","444"
11157,"0007-09-20",,96,2,"2368","661"
7527,,,57,2,"310","87"
3367,"2011-03-17","2011-07-17",9,0,"523","393"
11136,,"2011-07-20",8,2,"1151","87"
8850,,,1,2,"287","87"
3729,"0005-12-16",,0,1,"937","510"
10865,,,69,1,"725","391"
8642,,"0002-01-20",0,0,"1787","625"
6419,"0004-12-19",,1,2,"1397","588"
10232,,"0008-08-20",11,0,"453","369"
1809,,"2010-08-15",17,1,"243","89"
10617,"0007-02-20",,200,2,"2304","657"
13,,"0005-08-17",3,1,"259","87"
3132,,,67,0,"883","463"
4314,,"0005-02-18",0,1,"945","510"
192,"0008-07-17",,0,0,"456","369"
4718,,,1,1,"1020","536"
2638,"0009-08-17",,4,0,"651","412"
10996,"2010-06-20","2010-12-20",2,0,"2270","522"
9181,,,0,2,"2113","642"
2125,,,49,1,"280","87"
9629,,"0006-02-20",0,0,"1668","610"
7833,"0009-03-19","0009-09-19",11,0,"1204","565"
11116,,,5,2,"244","324"
2510,"0004-09-17",,4,0,"771","442"
6262,,,0,2,"297","194"
8912,,"0004-02-20",16,2,"1904","97"
8136,,,8,0,"746","441"
8401,,,12,0,"1747","621"
10746,"0009-03-20","0009-11-20",113,2,"361","80"
4117,,,0,1,"258","87"
4769,,,15,1,"791","447"
8990,,"0004-05-20",1,1,"1965","587"
10416,,,38,0,"2268","522"
10069,"0005-01-20","0005-07-20",1,2,"1024","324"
3747,,,0,1,"937","510"
218,"0004-08-17",,0,0,"467","372"
2746,"0009-06-17",,6,0,"493","377"
4212,,,23,1,"848","351"
4414,,,3,0,"902","470"
5678,,,0,2,"1164","562"
7472,"0007-09-19",,28,2,"1155","87"
1230,"0007-08-15","0007-12-15",0,1,"149","335"
9731,,,0,1,"946","510"
4429,,,0,1,"943","510"
1756,,,17,1,"238","85"
2936,,,12,0,"448","370"
10745,"0009-03-20","0009-11-20",1,2,"360","80"
1241,,,1,1,"162","335"
4543,,,0,1,"1018","536"
9498,,"0004-03-20",12,2,"1144","353"
7233,,"0007-06-19",0,1,"945","510"
5519,"2012-02-18","2012-09-18",6,0,"1125","558"
7414,"0007-04-19","0007-09-19",118,2,"1153","87"
2377,"0009-11-15",,8,1,"311","194"
91,,,9,1,"281","87"
5555,"0002-01-19",,1,0,"1136","560"
2392,"0009-11-15",,31,1,"313","85"
7507,,,48,2,"1150","87"
201,"0007-04-17","0007-11-17",1,0,"446","370"
5360,,"2010-04-18",4,1,"728","391"
6685,,,0,1,"947","510"
7541,,,1,2,"1370","580"
7051,"0007-10-15",,14,1,"61","595"
6296,"0005-01-19","0005-07-19",3,0,"1202","565"
8641,,"0002-01-20",0,0,"1786","625"
6519,,,27,1,"5","90"
5333,,,36,0,"506","383"
3518,,,4,0,"556","396"
8881,,"0004-02-20",14,2,"1873","98"
1703,"0004-04-12","0004-10-12",1,1,"26","92"
5842,"0008-12-18",,2,0,"1220","441"
8044,,,7,1,"723","391"
7554,,,9,2,"1363","580"
10021,"0004-04-20","0004-09-20",2,2,"1024","324"
8879,,"0004-02-20",11,2,"1871","98"
7329,,,5,1,"1568","345"
2027,"0005-09-14",,0,1,"269","89"
2595,"0009-12-17",,2,0,"697","428"
8019,,,5,0,"1348","555"
4837,,,2,0,"1007","369"
8120,,,15,0,"1663","566"
11138,,"2011-07-20",0,2,"1760","87"
11260,,"2011-04-20",5,2,"346","78"
10177,,,3,1,"939","510"
7096,,"2010-08-15",47,1,"58","595"
387,"0007-01-17","0007-09-17",14,0,"518","390"
183,"0008-07-17",,0,0,"445","370"
3201,,,11,0,"739","439"
8501,,"0001-03-20",1,0,"1759","622"
179,,,0,0,"448","370"
4665,"0007-09-18",,9,2,"305","87"
3441,,,69,1,"232","346"
2543,"0009-06-17",,65,1,"255","324"
2053,"0007-10-15",,8,1,"273","88"
10821,"0009-03-20",,14,2,"2361","659"
5784,,"0009-01-18",6,0,"1213","441"
6251,,,1,2,"315","352"
5496,,"2012-07-18",93,1,"712","391"
8514,,"0001-03-20",1,0,"1757","621"
9734,,"0007-03-20",0,1,"939","510"
8426,,"2012-04-19",0,0,"1758","622"
6264,,,3,2,"1151","194"
9751,,"0007-08-20",0,1,"2172","536"
8342,,,71,2,"305","352"
6731,"0003-02-19",,7,0,"1498","594"
7688,,,181,2,"1271","528"
6790,"0006-03-19","0006-07-19",1,1,"1520","574"
7850,"0009-02-19","0009-11-19",11,0,"1222","440"
6708,"0002-08-19",,5,0,"1499","594"
39,,,41,1,"318","87"
3444,,,1,1,"906","346"
6094,"0003-08-19",,8,0,"441","366"
5276,,"0005-01-18",1,1,"258","87"
3215,,,0,0,"540","396"
4866,,"0008-06-18",3,1,"943","510"
2786,,,2,0,"640","411"
5415,,,11,0,"1110","469"
9289,"0004-10-20",,6,2,"1341","578"
9880,,,0,2,"1151","87"
1131,"0008-11-17",,6,1,"169","333"
5779,,"2012-06-17",0,0,"741","441"
10568,,"0008-01-20",20,2,"1760","87"
9487,,"0004-03-20",1,2,"266","87"
3716,,,0,1,"943","510"
9298,"0004-10-20",,2,2,"1337","578"
3731,"0005-12-16",,0,1,"940","510"
1182,,"0009-05-17",5,0,"535","396"
4484,,,4,1,"300","324"
11233,,,2,2,"2446","663"
4379,"0005-12-18",,0,0,"458","369"
10516,"0007-01-20",,184,2,"103","646"
3317,,,29,0,"498","378"
11208,"0007-02-20",,206,2,"2396","662"
4804,"0007-08-18",,1,0,"1011","535"
602,"0009-01-17","0009-08-17",12,0,"610","414"
9656,,"0006-02-20",3,0,"2154","555"
4249,,,1,1,"262","87"
2043,,,3,1,"270","87"
2796,,,10,0,"600","414"
5059,"0009-01-18","0009-09-18",31,0,"1026","369"
5181,"0005-01-18","0005-07-18",1,1,"285","324"
1875,,,19,1,"250","85"
7400,,,114,1,"1518","574"
5238,,,43,2,"246","87"
7583,,,297,2,"1420","588"
4748,,,13,1,"150","335"
8235,,,479,2,"1712","617"
668,"0007-07-17",,37,0,"668","417"
6704,"0002-08-19",,1,0,"1495","594"
9640,,"0006-02-20",0,1,"945","510"
2990,,"2010-04-17",0,1,"721","391"
2784,,,1,0,"638","411"
11144,,"2011-07-20",22,2,"1024","324"
9064,"0004-06-20","0004-11-20",7,2,"71","596"
6555,,,1670,1,"313","94"
1291,"0009-10-15",,0,1,"156","335"
4103,,,1,1,"251","194"
7180,,,172,1,"65","595"
1876,,,85,1,"250","87"
9115,"0004-10-20",,0,0,"1855","631"
8724,"0003-12-20",,2,0,"1848","632"
587,"0007-04-17","0007-11-17",1,0,"595","410"
1565,"0003-01-16","0003-10-16",1,1,"139","407"
10535,,"0007-04-20",30,2,"1333","589"
11309,,"2011-03-20",15,2,"357","80"
6741,,"0004-04-19",2,0,"1496","594"
3050,"2010-03-17","2010-07-17",0,0,"865","460"
5088,"0005-01-18","0005-07-18",3,1,"245","85"
5698,"0004-01-19",,2,2,"1192","563"
3210,,,6,0,"535","396"
6962,"0006-07-19","0006-12-19",6,2,"271","324"
7757,,"0009-04-19",5,0,"955","371"
4554,,,3,1,"829","444"
11059,,,14,2,"259","87"
2188,,,409,1,"290","324"
6674,,,0,1,"936","510"
8121,,,13,0,"1226","566"
6428,"0004-12-19",,2,2,"1406","588"
1023,,,8,0,"207","328"
5835,"0001-04-19","0001-07-19",0,0,"1217","441"
9953,,"0007-03-20",35,2,"253","87"
1347,"0007-07-16","0007-10-16",0,1,"145","335"
5684,,,1,2,"1170","562"
117,,,3,1,"237","85"
9150,,,1,1,"147","335"
6601,,,2,1,"32","93"
8006,"2010-09-19",,10,0,"1638","611"
5049,,"0009-01-18",12,0,"1026","369"
1377,,,0,1,"157","335"
7413,"0007-04-19","0007-09-19",38,2,"1154","87"
4986,"0009-01-18","0009-05-18",26,2,"311","87"
9798,"0007-08-20",,5,1,"943","510"
4046,,"0004-03-18",1,1,"308","89"
4515,"0006-11-18",,5,0,"209","329"
3228,,,1,0,"553","396"
1617,,,8,1,"580","407"
10852,,,39,2,"2313","85"
10444,"0007-02-20","0007-07-20",183,2,"1325","578"
9485,,"0004-03-20",2,2,"314","87"
8827,,,1,2,"1765","85"
7277,,,4,0,"1541","597"
6621,"0005-01-13","0005-06-13",10,1,"278","95"
482,,,3,1,"581","407"
7658,,"0008-06-19",3,0,"461","519"
4905,,,1,1,"940","510"
4232,,,1,1,"904","346"
3885,,"0002-03-17",0,1,"943","510"
457,,"0005-02-17",3,1,"580","407"
7227,,"0007-06-19",0,1,"1018","536"
3597,,,0,1,"942","510"
1048,,,2,0,"212","329"
1517,"0009-08-15","0009-12-15",5,1,"581","407"
8491,,,4,0,"1759","622"
7162,,,0,2,"1356","579"
1513,"0009-08-15","0009-12-15",10,1,"131","407"
1431,"0007-08-15","0007-11-15",4,1,"579","407"
8466,"2012-08-19",,101,0,"1773","470"
9873,,,4,2,"1094","87"
11421,,"2011-10-20",7,0,"2493","664"
10931,,,9,2,"1094","87"
2815,,,4,0,"660","412"
2468,,,18,0,"758","440"
7402,,,41,1,"1521","574"
731,,,0,0,"680","420"
9131,,"0004-11-20",0,2,"2097","640"
10088,,,5,2,"271","324"
9535,"0005-07-20","0005-11-20",0,1,"936","510"
2622,"0009-08-17",,1,0,"642","411"
7087,"2010-08-15",,19,1,"61","595"
8778,,"0004-03-20",0,0,"1856","631"
6229,,,3,2,"239","87"
9304,"0004-06-20",,16,2,"1439","589"
3125,"2010-07-17","2010-12-17",5,0,"463","374"
8957,,"0004-01-20",25,2,"1949","86"
7407,,"0008-01-19",44,0,"1581","600"
8976,,"0004-04-20",1,1,"1862","346"
3510,,,0,0,"546","396"
11422,,"2011-10-20",7,0,"1793","625"
8646,,"0002-01-20",0,0,"1791","625"
3079,"2010-07-17",,0,0,"879","462"
10867,,,0,1,"729","391"
8684,,,0,0,"1781","625"
3462,,,5,1,"184","333"
2911,"0007-03-17","0007-10-17",9,0,"846","457"
10884,,"2010-01-20",5,1,"1671","391"
10352,,"0007-10-20",12,2,"2036","635"
9128,,"0004-11-20",2,2,"2094","640"
1481,,,22,1,"582","407"
3622,"2010-02-17","2010-04-17",0,1,"940","510"
358,,"0009-01-17",0,0,"534","395"
8207,,"0005-03-19",1,2,"1710","617"
4800,"0007-01-18","0007-08-18",1,0,"1010","535"
3044,,,13,0,"165","431"
9320,"0004-10-20",,26,2,"1454","590"
11051,,,6,2,"319","87"
4342,,,0,1,"713","391"
1589,,,15,1,"584","407"
5076,,,3,1,"275","85"
975,,"0005-06-17",12,0,"198","325"
4931,"0005-01-18","0005-07-18",1,1,"261","85"
4399,"0005-11-18",,0,1,"937","510"
4868,,"0008-06-18",4,1,"945","510"
10557,,"0008-01-20",152,2,"265","87"
10822,,,96,2,"261","353"
9680,,,1,1,"2076","638"
8130,,,2,0,"741","441"
5682,,,1,2,"1168","562"
1501,"0009-01-15","0009-05-15",1,1,"582","407"
10126,,"0007-03-20",44,2,"306","324"
3619,"2010-02-17","2010-04-17",1,1,"937","510"
7697,,,260,2,"1280","528"
2599,"0009-12-17",,5,0,"701","428"
8450,"2012-03-19","2012-08-19",14,0,"1530","522"
9897,"0005-01-20","0005-07-20",2,2,"1764","87"
3188,,,14,0,"892","469"
3758,"0006-02-16","0006-12-16",1,1,"940","510"
10833,,,6,2,"2311","353"
8814,,,1,2,"316","324"
6795,"0006-02-19","0006-07-19",0,1,"937","510"
10280,"0004-04-20","0004-10-20",13,2,"2227","588"
818,"0004-01-17","0004-07-17",3,1,"720","391"
7853,"0009-02-19","0009-11-19",4,0,"1657","566"
3224,,,0,0,"549","396"
3283,,,1,0,"565","397"
10236,"0008-08-20","0008-11-20",4,0,"1027","369"
364,"0007-12-17",,1,0,"535","396"
6297,"0005-01-19","0005-07-19",0,0,"1203","565"
4583,,,0,0,"448","369"
2768,,,15,0,"509","383"
4398,"0005-11-18",,0,1,"936","510"
5315,,,50,0,"1099","554"
10270,"0004-04-20","0004-10-20",176,2,"2217","588"
7721,,,1,0,"963","522"
8474,,,7,0,"1747","621"
541,"0009-05-17","0009-09-17",1,0,"481","375"
11328,,"2011-03-20",13,2,"374","76"
2804,,,1,0,"611","414"
70,,,1,1,"244","353"
9980,"0007-10-20",,32,2,"319","87"
9061,"0004-06-20","0004-11-20",22,2,"77","596"
10506,,"0007-04-20",117,2,"1462","591"
9833,"0004-03-20","0004-09-20",2,2,"265","87"
9789,,,4,0,"1348","555"
8239,,,129,2,"1716","617"
11053,,,25,2,"314","87"
5873,"0001-06-19",,19,0,"759","440"
3261,"2010-01-17","2010-11-17",25,0,"507","383"
7133,"0009-02-15","0009-09-15",0,1,"59","595"
5522,"2012-02-18","2012-09-18",11,0,"1128","558"
973,,"0009-04-17",15,0,"449","371"
5581,"0003-10-19",,0,2,"277","353"
3337,,"2011-04-17",28,0,"487","376"
6885,"0005-08-19",,4,2,"300","324"
3724,,"0005-12-16",0,1,"942","510"
7659,,"0008-06-19",10,0,"1009","519"
9800,"0007-08-20",,2,1,"946","510"
6496,"0005-02-19","0005-07-19",5,2,"1474","592"
1764,,,27,1,"239","85"
8961,,"0004-01-20",20,2,"1953","86"
843,"0007-10-17",,21,1,"721","391"
9752,"0007-04-20","0007-10-20",1,0,"1664","612"
5998,"0004-12-19",,1,2,"236","87"
4305,,"0005-02-18",0,1,"936","510"
3958,"0003-05-18",,0,1,"944","510"
4488,,,15,1,"308","324"
7035,,,250,2,"1536","596"
2793,,,4,0,"194","332"
5748,,"0009-01-18",5,0,"1205","565"
3586,"0004-01-17","0004-09-17",0,1,"936","510"
1506,"0009-01-15","0009-05-15",23,1,"140","407"
5479,,,6,1,"1074","346"
8129,,,10,0,"1234","566"
11412,,"2011-10-20",10,0,"1782","625"
4703,"0007-09-18",,0,1,"729","391"
7597,"0008-01-19","0008-04-19",3,0,"1593","586"
4943,"0005-07-18","0005-12-18",3,1,"298","352"
9429,,,0,0,"761","440"
6737,"0003-02-19",,4,0,"1504","594"
108,,,1,1,"293","87"
8468,"2012-08-19",,68,0,"1775","470"
5246,,,1,1,"975","87"
8384,"2011-11-19",,2,0,"1758","622"
4224,,,0,1,"947","510"
3387,"2011-04-17","2011-12-17",8,0,"480","375"
3570,,,0,1,"833","444"
10908,"0009-12-20",,14,2,"314","87"
9623,,,0,1,"947","510"
6990,,,5,2,"310","87"
6742,,"0004-04-19",3,0,"1497","594"
4559,,,0,1,"1022","444"
5434,,"2011-03-18",10,0,"1044","522"
5655,,,0,1,"1080","346"
822,"0004-03-17","0004-11-17",0,0,"733","433"
3840,"0008-09-16","0008-12-16",6,1,"944","510"
5937,,,1,2,"1141","87"
4017,,"0004-02-18",2,0,"560","396"
1590,,,18,1,"142","407"
10644,"0009-05-20","0009-12-20",51,2,"276","324"
9887,"0005-01-20","0005-07-20",1,2,"314","87"
9151,,,1,0,"1676","616"
8680,"0002-11-20",,5,0,"525","393"
4821,,"0008-02-18",2,0,"450","371"
4331,"0005-03-18","0005-12-18",0,0,"452","369"
5330,,,18,0,"213","349"
10020,"0004-04-20","0004-09-20",0,2,"264","324"
10243,"0008-08-20","0008-11-20",8,0,"1007","369"
8611,,,5,0,"1042","522"
3431,,,4,1,"793","447"
11402,,"2011-04-20",36,2,"2361","659"
5484,,"2012-02-18",8,0,"1043","522"
2588,"0009-10-17",,5,0,"773","442"
5278,"0005-08-18","0005-12-18",0,1,"258","87"
4401,"0005-11-18",,0,1,"939","510"
4033,,"0004-05-18",1,0,"954","371"
1116,"0007-07-17",,72,1,"174","333"
9047,"0004-04-20","0004-09-20",20,2,"2032","82"
7577,,,99,2,"1414","588"
2458,,,0,0,"744","441"
4027,,"0004-03-18",0,1,"945","510"
10063,,,1,2,"244","324"
8818,,,6,2,"1139","324"
5657,,,0,1,"1073","346"
1638,,,10,1,"581","407"
7653,,"0008-06-19",22,0,"1027","369"
11140,,"2011-07-20",7,2,"262","324"
6,"0007-06-17","0007-10-17",1,1,"278","87"
7876,"0009-11-19",,15,0,"446","370"
11159,"0007-09-20",,83,2,"2369","661"
42,"0007-06-17","0007-10-17",217,1,"318","87"
7016,,,46,2,"308","324"
4812,,,0,1,"940","510"
6539,,,53,1,"25","92"
9414,,,7,0,"1206","565"
5723,,,100,0,"1199","565"
3296,,,4,1,"832","444"
461,,"0005-02-17",1,1,"584","407"
8432,,"2012-08-19",6,0,"1770","621"
3864,,,13,1,"944","510"
7595,"0008-01-19","0008-04-19",3,0,"1591","586"
11244,,"0007-10-20",68,2,"2443","663"
10691,,"0007-11-20",14,2,"2329","658"
3309,,,35,0,"497","377"
10752,"0009-03-20","0009-11-20",2,2,"367","80"
6245,,,0,2,"258","352"
554,"0004-10-17",,2,0,"441","366"
7446,"0007-04-19","0007-09-19",48,2,"258","352"
1002,"0007-10-17",,22,0,"204","327"
6895,"0005-08-19",,5,2,"271","324"
8668,"0002-06-20",,2,0,"1785","625"
775,"0004-02-17","0004-09-17",2,0,"166","431"
3524,,,235,0,"707","432"
7806,,"0009-05-19",32,0,"1641","612"
3503,,,0,0,"539","396"
3156,"2010-11-17",,1,1,"712","391"
5337,,"2010-01-18",59,0,"1095","383"
9899,"0005-01-20","0005-07-20",1,2,"1151","87"
11367,,"2011-04-20",22,2,"408","73"
8164,"0007-06-19",,338,2,"1331","578"
10997,"2010-11-20",,33,0,"1538","597"
10057,,,9,2,"293","324"
7100,,"2010-08-15",17,1,"62","595"
3001,,,11,0,"695","428"
164,,,0,0,"458","369"
6974,,,1,2,"1141","87"
4894,"0008-05-18","0008-12-18",3,0,"508","383"
6423,"0004-12-19",,3,2,"1401","588"
507,,,4,1,"588","408"
2444,"0009-06-17",,0,0,"732","433"
7683,"0007-08-19","0007-12-19",3,2,"1294","528"
2646,"0009-08-17",,6,0,"662","412"
10068,"0005-01-20","0005-07-20",8,2,"264","324"
7742,,"0009-03-19",1,2,"1604","579"
6987,,,2,2,"1146","87"
10085,,,4,2,"1024","324"
5557,"0003-01-19","0003-07-19",1,0,"523","393"
2396,,,40,1,"313","85"
6148,,,0,1,"714","391"
10573,,"0008-01-20",17,2,"264","324"
8960,,"0004-01-20",4,2,"1952","86"
2249,,,87,1,"297","324"
3757,"0006-02-16","0006-12-16",0,1,"939","510"
6508,"0005-02-19","0005-07-19",7,2,"1486","593"
10237,"0008-08-20","0008-11-20",3,0,"1025","369"
9156,"0004-12-20",,3,0,"2103","616"
8706,,"0003-01-20",0,0,"1792","625"
977,,"0007-05-17",8,0,"198","325"
7196,,,0,1,"1021","536"
9743,"0007-03-20","0007-08-20",0,1,"943","510"
607,"0009-01-17","0009-08-17",3,0,"616","413"
8538,"0001-07-20","0001-12-20",0,0,"1542","597"
8048,,,1,1,"729","391"
9720,"0006-08-20",,0,1,"947","510"
11392,,"2011-04-20",12,2,"2348","659"
6048,"0004-11-19",,2,2,"1242","568"
3499,,,1,0,"535","396"
10656,,"0009-05-20",67,2,"291","87"
3600,,,0,1,"936","510"
4803,"0007-08-18",,0,0,"1010","535"
3110,"2010-05-17","2010-12-17",9,0,"453","369"
6208,,,1,2,"1147","87"
10469,"0007-12-20",,258,2,"1447","590"
1577,,,12,1,"580","407"
1699,"0004-04-12","0004-10-12",1,1,"22","92"
944,"0009-02-17","0009-03-17",11,1,"225","214"
10528,,"0007-04-20",24,2,"1435","589"
2269,"0004-11-16",,5,1,"299","87"
7426,"0007-04-19","0007-09-19",108,2,"1138","87"
4265,,,0,1,"293","87"
10461,"0007-02-20","0007-07-20",100,2,"1347","578"
9378,"0004-10-20",,4,2,"1692","591"
10438,,"0009-05-20",13,1,"1643","214"
5401,"2010-06-18",,3,0,"1107","469"
11372,,"2011-04-20",23,2,"923","73"
95,,,2,1,"258","87"
7191,,,0,1,"1020","536"
7170,,,144,1,"52","595"
7332,"0007-06-19",,26,0,"1137","560"
3029,,,8,0,"592","409"
10245,"0008-08-20","0008-11-20",1,0,"448","369"
9467,,"0004-03-20",2,2,"1766","85"
6102,,"0004-04-19",1,0,"449","371"
7040,"0007-10-15",,6,1,"50","595"
9934,"0006-09-20",,12,2,"253","87"
3204,,,7,0,"214","349"
3467,,,15,1,"189","333"
10441,"0007-02-20","0007-07-20",272,2,"1319","578"
8544,,,21,0,"1776","470"
916,"0009-10-16","0009-11-16",6,1,"224","214"
8826,,,0,2,"277","85"
9621,,,1,1,"945","510"
750,"0007-11-17",,30,0,"700","428"
7112,,,18,1,"62","595"
7907,,,2,0,"1596","586"
2298,,,64,1,"302","85"
3255,,,57,1,"847","351"
6273,,,0,0,"1306","416"
4679,"0007-09-18",,8,2,"278","87"
9083,"0004-09-20",,1,0,"1541","597"
5636,,,0,2,"298","85"
10999,"2010-11-20",,19,0,"2253","656"
10692,,"0007-11-20",55,2,"2330","658"
9855,,,5,2,"282","87"
8978,,"0004-04-20",1,1,"1563","346"
984,,,8,0,"199","325"
10078,"0005-01-20","0005-07-20",5,2,"306","324"
6978,,,30,2,"1139","87"
6732,"0003-02-19",,3,0,"1499","594"
1407,"0007-04-17","0007-09-17",0,1,"145","335"
9584,,,0,0,"1668","610"
3485,,"0009-01-17",54,1,"189","333"
160,,,1,0,"454","369"
2505,"0004-09-17",,5,0,"766","442"
8661,,"0002-06-20",0,0,"1791","625"
5439,"2010-11-18",,28,1,"712","391"
6558,,,338,1,"267","94"
4272,"0009-10-17",,36,1,"253","353"
4394,"0005-02-18","0005-11-18",0,1,"944","510"
2741,"0009-09-17",,4,0,"488","376"
10285,"0004-04-20",,55,2,"1407","588"
11223,,,11,2,"2424","618"
6163,,,2,0,"778","443"
6529,,,139,1,"15","91"
9444,,"0005-04-20",0,1,"947","510"
10239,"0008-08-20","0008-11-20",5,0,"1008","369"
9362,"0004-10-20",,6,2,"101","646"
6363,"0005-03-19",,2,2,"1356","579"
3732,"0005-12-16",,0,1,"941","510"
9421,,,0,0,"1221","440"
1101,"0004-05-17",,1,1,"180","333"
5526,"2012-02-18","2012-09-18",25,0,"1132","558"
6830,,,0,1,"943","510"
569,"0007-05-17","0007-12-17",0,0,"436","367"
2016,,,221,1,"268","85"
9661,"0006-06-20","0006-09-20",11,0,"1847","632"
7396,"0007-06-19","0007-10-19",6,2,"1573","598"
7476,"0007-09-19",,7,2,"1152","87"
8269,"2011-06-19","2011-11-19",83,0,"1523","522"
5514,"2012-02-18","2012-11-18",36,0,"1014","393"
6717,,"0003-02-19",0,0,"1496","594"
9327,"0004-10-20",,12,2,"1490","593"
9857,,,4,2,"283","87"
8570,,,4,0,"1209","565"
11241,,,0,2,"2441","663"
11035,"2010-04-20","2010-10-20",25,2,"251","87"
7117,"0009-09-15",,10,1,"55","595"
3548,,,0,0,"897","470"
2974,"0009-05-17",,12,0,"856","405"
5992,"0004-12-19",,1,2,"1150","87"
1668,"0005-02-18","0005-09-18",2,1,"143","335"
3298,,,2,0,"888","467"
1092,"0004-05-17",,2,1,"171","333"
3721,,"0005-12-16",1,1,"939","510"
10836,"0009-12-20",,97,2,"243","194"
5572,"0003-10-19",,0,2,"282","353"
8182,"0007-06-19",,68,2,"1693","578"
3349,,,8,0,"129","340"
7936,,"2010-06-19",2,0,"1592","586"
104,,,1,1,"248","87"
7158,,,7,2,"1352","579"
4058,,"0004-01-18",1,1,"275","85"
5648,,,1,2,"309","85"
1833,,,80,1,"245","87"
6971,,,14,2,"247","87"
3360,"2011-01-17","2011-06-17",0,0,"464","372"
2544,"0009-10-17",,3,1,"280","87"
9375,"0004-10-20",,6,2,"89","591"
8294,"0007-09-19",,1573,2,"1740","620"
359,,"0009-01-17",0,0,"533","395"
3783,,,2,1,"949","512"
5739,,,1,0,"1203","565"
2944,,"2010-02-17",5,0,"799","452"
252,"0007-07-17",,10,0,"464","372"
4574,,,0,0,"446","370"
4713,,,1,1,"945","510"
6301,"0005-01-19","0005-07-19",2,0,"1207","565"
10053,,,4,2,"1024","324"
11052,,,6,2,"291","87"
6707,"0002-08-19",,4,0,"1498","594"
9479,,"0004-03-20",1,2,"310","87"
3912,,,0,1,"940","510"
9845,"0004-03-20","0004-09-20",5,2,"1762","87"
6398,"0005-09-19",,0,0,"1223","440"
6724,,"0003-02-19",3,0,"1503","594"
6642,,"0002-08-19",3,0,"1497","594"
4234,,,0,0,"469","379"
846,"0007-10-17",,8,1,"726","391"
10857,,,8,2,"1768","85"
661,"0009-01-17","0009-08-17",2,0,"662","412"
4167,,,0,0,"970","523"
4594,,"0007-03-18",3,1,"938","510"
127,,,1,1,"239","324"
9446,"0004-11-20",,377,0,"2144","647"
5551,,"0002-05-19",1,0,"525","393"
11238,,"0007-10-20",42,2,"2440","663"
2426,,,61,1,"316","87"
2384,"0009-03-15","0009-07-15",49,1,"312","88"
9499,,"0004-03-20",3,2,"239","87"
3299,,,0,0,"889","467"
4971,"0006-09-18",,1,1,"264","87"
3135,,"0008-09-17",280,0,"886","466"
239,,,1,0,"464","372"
3991,,,0,1,"939","510"
3011,,"2010-05-17",14,0,"443","370"
11024,"2010-10-20",,8,2,"266","87"
7636,,"0008-05-19",2,0,"1004","371"
7512,,,15,2,"265","87"
9632,,"0006-02-20",0,1,"937","510"
1985,"0009-10-15",,3,1,"265","88"
10120,,"0007-03-20",63,2,"271","324"
11037,"2010-04-20","2010-10-20",3,2,"1760","87"
2755,"0009-05-17",,78,0,"834","455"
1613,,,12,1,"130","407"
7399,"0007-06-19","0007-10-19",69,2,"1576","598"
3521,,,1,0,"559","396"
1910,,"2010-08-15",5,1,"253","194"
2192,,,59,1,"291","88"
10491,,"0007-04-20",22,2,"108","81"
7593,"0008-01-19","0008-04-19",2,0,"1589","586"
3494,,"2011-04-17",12,0,"569","398"
3656,,,0,1,"938","510"
2840,,,1,0,"840","456"
8445,"2012-03-19","2012-08-19",3,0,"1524","522"
4754,,,4,1,"223","214"
2205,,"2010-03-14",71,1,"292","85"
10828,,,16,2,"1139","353"
8605,,,0,0,"1233","566"
4363,,,1,0,"1012","535"
4422,,,0,1,"936","510"
7297,,,40,0,"963","522"
6889,"0005-08-19",,0,2,"308","324"
5175,"0009-08-18",,4,1,"981","528"
6418,"0004-12-19",,7,2,"1396","588"
10496,,"0007-04-20",99,2,"1456","591"
5459,"0005-01-18","0005-07-18",12,0,"1116","556"
9596,,,0,1,"939","510"
3823,"0008-08-16","0008-09-16",4,1,"939","510"
10858,,,4,2,"1769","85"
8082,,,8,0,"1538","597"
6530,,,18,1,"16","91"
10200,,,4,0,"447","370"
10301,"0004-04-20",,12,2,"1420","588"
10831,,,2,2,"2308","353"
3466,,,23,1,"188","333"
5340,"0008-11-18",,30,0,"889","467"
2770,,,17,0,"619","415"
1443,"0007-08-15","0007-11-15",16,1,"583","407"
4459,"0006-11-18",,22,1,"831","444"
10596,"0004-05-20",,6,2,"1275","528"
3948,,"0003-05-18",2,1,"946","510"
7557,,"0008-02-19",81,1,"1506","587"
3702,,,0,1,"937","510"
3252,"0009-02-17","0009-07-17",47,0,"902","470"
5269,,,29,2,"254","87"
5044,,"0009-01-18",27,0,"1007","369"
1822,,"0005-07-15",25,1,"245","85"
10998,"2010-11-20",,20,0,"1541","597"
10241,"0008-08-20","0008-11-20",17,0,"1006","369"
3063,"0007-12-17",,2,0,"864","458"
6550,,,30,1,"36","93"
836,,"0009-06-17",3,0,"735","433"
2039,,"0004-07-14",3,1,"270","87"
224,"0008-03-17","0008-07-17",16,0,"480","375"
8809,,,2,2,"319","87"
10868,,,2,1,"2362","391"
937,,,1,1,"224","214"
5198,"0005-01-18","0005-08-18",13,1,"308","324"
9011,,"0004-04-20",1,2,"1995","99"
1095,"0004-05-17",,2,1,"174","333"
2479,,,1,0,"747","441"
6719,,"0003-02-19",2,0,"1498","594"
6515,,,7,0,"1043","522"
7289,"0007-06-19",,0,1,"947","510"
4818,,,0,1,"946","510"
5756,,"0009-01-18",5,0,"1207","565"
5510,,"2012-07-18",111,1,"729","391"
6345,,"0005-03-19",28,2,"1343","578"
431,"0007-08-17",,2,0,"568","398"
9260,,,0,1,"2070","637"
4486,,,8,1,"289","324"
4465,,,0,1,"941","510"
9725,,,0,1,"940","510"
9990,"0007-10-20",,94,2,"283","87"
10234,,"0008-08-20",3,0,"455","369"
10886,,"2010-01-20",28,1,"2363","391"
8806,,,2,2,"1147","89"
9275,,,0,1,"944","510"
8213,,"0005-03-19",3,2,"1716","617"
5969,,,1,2,"245","85"
4827,,,0,0,"451","518"
8537,"0001-07-20","0001-12-20",0,0,"1541","597"
9006,,"0004-04-20",28,2,"1990","99"
1399,"0007-04-17","0007-09-17",1,1,"159","335"
2701,,,0,1,"832","444"
2333,,,5,1,"305","87"
2106,,,32,1,"279","87"
9160,"0004-08-20",,0,1,"715","391"
10790,"0009-03-20",,4,2,"405","73"
9913,,,1,2,"259","87"
1919,,,131,1,"255","87"
3833,"0008-09-16","0008-12-16",12,1,"937","510"
8176,"0007-06-19",,17,2,"1343","578"
6096,,"0004-07-19",2,0,"1258","442"
2321,,"0008-03-15",16,1,"304","88"
8862,,,10,2,"1144","87"
2887,,,1,0,"486","376"
1276,"0009-03-15","0009-06-15",3,1,"157","335"
7638,,"0008-05-19",5,0,"445","371"
1396,"0007-04-17","0007-09-17",0,1,"156","335"
11102,,,4,2,"262","324"
8181,"0007-06-19",,6,2,"1692","578"
860,,,1,0,"471","380"
5754,,"0001-07-19",0,0,"1206","565"
5548,,,0,0,"1062","551"
9319,"0004-10-20",,1,2,"1457","591"
8768,,"0004-03-20",0,0,"1846","632"
3996,,,1,1,"944","510"
8562,,,0,0,"1201","565"
9296,"0004-10-20",,2,2,"1327","578"
11355,,"2011-03-20",110,2,"400","75"
606,"0009-01-17","0009-08-17",256,0,"615","413"
2747,"0009-06-17",,2,0,"494","377"
10779,"0009-03-20","0009-11-20",10,2,"394","75"
10636,"0009-05-20","0009-12-20",1,2,"1760","87"
173,,,2,0,"447","370"
356,,,0,0,"533","395"
8533,,"0001-08-20",1,0,"703","429"
4901,,,55,1,"936","510"
3267,"2010-11-17",,24,0,"508","383"
9894,"0005-01-20","0005-07-20",2,2,"259","87"
10832,,,2,2,"2310","353"
6670,,,6,0,"1027","369"
8138,,,6,0,"748","441"
5711,"0004-01-19",,5,2,"1179","563"
3770,,,0,1,"943","510"
2424,,,136,1,"316","87"
4462,,,0,1,"1022","444"
1442,"0007-08-15","0007-11-15",3,1,"137","407"
3909,,,0,1,"937","510"
10006,,,14,2,"1094","87"
5438,"2010-11-18",,38,1,"521","391"
10738,"0009-03-20","0009-11-20",2,2,"353","80"
1480,,,60,1,"136","407"
10534,,"0007-04-20",6,2,"93","589"
5619,"0003-10-19",,0,2,"1143","89"
9575,"0005-11-20",,0,1,"944","510"
8433,,"2012-08-19",11,0,"1751","621"
5884,"0001-06-19",,0,0,"1228","566"
4925,"0009-06-18","0009-10-18",10,1,"1083","346"
9287,"0004-10-20",,6,2,"1329","578"
6757,"0004-07-19",,65,0,"1500","594"
1495,"0009-01-15","0009-05-15",1,1,"133","407"
1493,"0009-01-15","0009-05-15",13,1,"131","407"
5020,"0009-01-18","0009-09-18",5,0,"453","518"
6753,"0004-07-19",,1,0,"1496","594"
5874,"0006-11-18",,0,0,"761","440"
6566,,,241,1,"262","95"
40,,,68,1,"318","87"
6217,,,2,2,"1149","87"
7458,"0007-04-19","0007-09-19",35,2,"1145","324"
810,"0004-03-17","0004-10-17",4,1,"727","391"
7315,,,20,1,"721","391"
8253,"0007-04-19",,1237,2,"1726","618"
4030,,"0004-05-18",4,0,"449","371"
8312,"2010-01-19","2010-07-19",3,2,"288","87"
8781,,"0004-03-20",0,0,"1859","631"
4131,,,1,1,"301","87"
6007,"0004-12-19",,0,2,"248","85"
10432,,,23,0,"2148","383"
3456,,,5,1,"174","333"
4924,"0009-06-18","0009-10-18",10,1,"1084","346"
2436,,,88,1,"320","87"
10409,,,2,0,"1530","522"
2209,,"0008-03-15",9,1,"292","88"
4350,,,0,1,"722","391"
7633,,"0008-04-19",5,2,"1606","579"
1574,,,12,1,"131","407"
8159,"0007-06-19",,194,2,"1326","578"
3856,,,14,1,"936","510"
9484,,"0004-03-20",9,2,"291","87"
1957,,"0004-07-14",0,1,"261","87"
4689,"0007-09-18",,0,1,"714","391"
8645,,"0002-01-20",4,0,"1790","625"
1036,,"0008-01-17",1,0,"212","329"
10151,"0007-11-20",,46,2,"276","324"
4235,,,1,1,"289","194"
5499,,"2012-07-18",11,1,"715","391"
1888,,,17,1,"252","87"
10717,"0009-03-20","0009-11-20",9,2,"332","79"
1316,,,0,1,"148","335"
8370,,,35,2,"298","324"
10225,,"0008-08-20",1,0,"1025","369"
2170,,,14,1,"289","88"
10059,,,27,2,"275","324"
1146,"0008-11-17",,9,1,"187","333"
10522,"0007-01-20",,29,2,"104","646"
4955,"0009-01-18","0009-05-18",7,2,"305","87"
917,"0009-10-16","0009-11-16",7,1,"225","214"
1855,,,1,1,"248","87"
4606,,"0007-04-18",20,0,"892","469"
8154,"0007-06-19",,1030,2,"1320","578"
3056,"2010-03-17","2010-07-17",1,0,"869","460"
3994,,,0,1,"942","510"
3443,,,5,1,"904","346"
5052,"0009-01-18","0009-09-18",13,0,"462","369"
7580,,,74,2,"1417","588"
156,,,13,0,"450","371"
9210,,,10,2,"2128","645"
10249,,"0008-08-20",4,0,"454","370"
7700,,,163,2,"1284","528"
1786,,,76,1,"240","87"
7025,,,22,2,"251","85"
8125,,,67,0,"1230","566"
6634,,,12,0,"1501","594"
1187,,"0009-05-17",1,0,"538","396"
5734,,,8,0,"1202","565"
10748,"0009-03-20","0009-11-20",12,2,"363","80"
9137,,,2,1,"156","335"
1959,,,12,1,"261","87"
6975,,,81,2,"261","87"
8258,,,208,2,"1731","619"
7768,,"0009-04-19",67,0,"1007","369"
182,"0008-07-17",,0,0,"444","370"
9297,"0004-10-20",,2,2,"1336","578"
691,"0009-03-17","0009-10-17",15,0,"670","417"
7053,"0007-10-15",,18,1,"63","595"
6767,,"0005-07-19",2,0,"1498","594"
302,,,8,0,"491","377"
6725,,"0003-02-19",12,0,"1504","594"
443,,"0009-01-17",8,0,"498","378"
8843,,,4,2,"281","352"
2336,"0005-09-14",,2,1,"305","89"
5476,,,2,1,"1087","346"
1785,,,42,1,"240","87"
2639,"0009-08-17",,2,0,"653","412"
6084,,"0004-01-19",0,0,"973","367"
11222,"0007-12-20",,198,2,"2420","618"
5369,"2010-04-18","2010-07-18",2,0,"1014","393"
6286,"0005-01-19","0005-07-19",6,0,"748","441"
820,"0004-03-17","0004-11-17",0,0,"731","433"
9119,"0004-10-20",,0,0,"1859","631"
10604,"0004-05-20",,21,2,"1285","528"
469,"0008-10-17",,2,1,"580","407"
3752,,,1,1,"943","510"
10255,"0008-08-20","0008-12-20",11,0,"447","370"
11193,,,5,2,"2392","662"
4585,,,0,0,"1026","369"
2055,,"0008-03-15",19,1,"273","88"
10659,,"0009-05-20",0,2,"266","87"
9841,"0004-03-20","0004-09-20",1,2,"251","87"
2928,,,3,0,"216","349"
7269,,"0007-07-19",31,0,"1236","567"
7736,,,0,0,"1257","555"
5635,,,3,2,"273","85"
5431,,"2011-03-18",1,0,"1041","522"
3879,,"0002-03-17",0,1,"937","510"
6876,"0005-08-19",,2,2,"258","352"
5141,,,36,2,"273","352"
10096,,,4,2,"298","324"
369,,,8,0,"555","396"
5997,"0004-12-19",,2,2,"317","87"
10483,"0007-09-20",,13,2,"1480","593"
2081,"0009-11-15",,11,1,"275","194"
9116,"0004-10-20",,0,0,"1856","631"
5770,,"2010-02-18",3,0,"1210","565"
9236,"0004-09-20",,35,2,"2045","635"
7625,,"0008-04-19",0,2,"1353","579"
8500,,"0001-03-20",0,0,"1758","622"
11110,,,15,2,"293","324"
4849,,"0008-01-18",2,0,"1009","519"
4645,"0007-12-18",,0,1,"941","510"
10475,"0007-12-20",,74,2,"80","590"
8170,"0007-06-19",,197,2,"1337","578"
9146,,,1,1,"143","335"
4435,,"0006-02-18",1,0,"524","393"
2578,"0009-10-17",,8,0,"763","442"
10061,,,2,2,"281","324"
4290,,"0005-02-18",1,0,"892","469"
9834,"0004-03-20","0004-09-20",4,2,"1093","87"
6612,,,20,1,"267","94"
1045,,,2,0,"209","329"
2471,,,23,0,"755","440"
227,"0008-07-17",,50,0,"477","375"
9523,"0005-04-20","0005-07-20",0,1,"936","510"
999,,"0005-04-17",8,0,"204","327"
5607,"0003-10-19",,0,2,"244","87"
6545,,,24,1,"31","93"
4114,,,0,1,"281","87"
10619,"0007-02-20",,28,2,"2306","657"
4888,,"0008-08-18",17,0,"1067","368"
7906,,,5,0,"1585","586"
7702,,,5,2,"1286","528"
8171,"0007-06-19",,18,2,"1338","578"
10882,,"2010-01-20",52,1,"718","391"
1725,"0004-02-12","0004-10-12",1,1,"314","94"
9494,,"0004-03-20",1,2,"283","87"
2112,"0009-03-15","0009-07-15",1,1,"279","88"
5006,"0005-01-18","0005-08-18",0,1,"248","87"
7717,,,11,0,"1622","606"
3372,,"2011-10-17",0,0,"190","332"
8243,"0005-02-19",,18,2,"1720","618"
6407,"0005-09-19",,0,0,"1229","566"
6794,"0006-02-19","0006-07-19",0,1,"936","510"
1696,"0004-03-12","0004-10-12",10,1,"19","91"
8424,,"2012-04-19",5,0,"1755","622"
10788,"0009-03-20",,4,2,"403","73"
11234,,"0007-10-20",55,2,"2446","663"
10561,,"0008-01-20",249,2,"259","87"
2422,"0004-11-16",,2,1,"316","87"
5255,"0005-08-18","0005-12-18",0,1,"244","87"
748,"0007-11-17",,20,0,"698","428"
2460,,,1,0,"750","441"
8292,"0007-09-19",,350,2,"1738","620"
5743,,,3,0,"1204","565"
1640,,,60,1,"135","407"
10286,"0004-04-20",,116,2,"2232","588"
7573,,,44,2,"1409","588"
3209,,,9,0,"219","350"
7775,,"0009-04-19",29,0,"456","519"
4206,,,0,0,"888","467"
5001,"0005-01-18","0005-08-18",0,1,"266","87"
4490,,,2,1,"242","324"
10587,"0009-03-20","0009-09-20",28,0,"1641","612"
5060,"0009-01-18","0009-09-18",19,0,"1027","369"
5569,"0003-09-19",,2,1,"225","214"
7912,,"2010-01-19",31,0,"1646","608"
2854,,,3,0,"841","456"
2852,,,0,0,"838","456"
10947,"2010-01-20","2010-08-20",88,1,"715","391"
9273,,,0,1,"942","510"
6030,"0004-12-19",,0,2,"259","194"
9782,,,70,0,"1823","629"
9109,"0004-10-20",,0,0,"1849","632"
3542,"0001-12-18",,1,0,"524","393"
9820,,,138,1,"1959","346"
6352,,,0,0,"507","383"
9593,,,0,1,"936","510"
5902,,,0,2,"258","352"
3189,,"2010-07-17",6,0,"892","469"
7307,"0007-07-19",,2,1,"791","447"
1046,,,0,0,"210","329"
9690,"0006-10-20",,2,1,"828","444"
10811,"0009-03-20",,5,2,"2351","659"
9200,,,7,2,"2133","644"
9627,,"0006-02-20",0,0,"1666","610"
7118,"0009-09-15",,3,1,"56","595"
1,,,0,1,"412","87"
1469,,,9,1,"142","407"
1326,,,0,1,"164","335"
5705,"0004-01-19",,0,2,"1185","563"
7581,,,197,2,"1418","588"
9106,"0004-10-20",,0,0,"1846","632"
10471,"0007-12-20",,13,2,"1452","590"
4904,,,37,1,"939","510"
7247,"0006-01-19","0006-10-19",2,0,"1498","594"
9325,"0004-10-20",,3,2,"1451","590"
3268,"2010-11-17",,72,0,"509","383"
4185,,,0,1,"271","352"
1226,"0007-08-15","0007-12-15",0,1,"145","335"
7588,,,7,2,"1584","588"
9994,"0007-10-20",,7,2,"1151","87"
7506,,,6,2,"1153","87"
2877,,,1,1,"833","444"
2406,,,2,1,"314","324"
8541,,,2,0,"1773","470"
3769,,,3,1,"950","512"
4991,,,50,2,"316","87"
6499,"0005-02-19","0005-07-19",12,2,"1477","592"
6171,"0004-06-19",,10,2,"1272","528"
7149,,,0,0,"1525","522"
5395,"2010-07-18",,39,0,"507","383"
4049,"0004-01-18","0004-09-18",3,1,"277","85"
4068,"0004-01-18","0004-09-18",5,1,"306","85"
8493,,,3,0,"1772","470"
3048,,"2010-05-17",15,0,"166","431"
2415,"0009-03-15","0009-07-15",5,1,"315","88"
6840,,,21,1,"833","444"
10489,"0007-09-20",,98,2,"1490","593"
8205,,"0005-03-19",6,2,"1708","617"
2760,,,3,0,"595","410"
3086,"2010-04-17","2010-11-17",1,1,"712","391"
9917,,,6,2,"251","87"
8775,,"0004-03-20",0,0,"1853","631"
8958,,"0004-01-20",2,2,"1950","86"
3860,,,3,1,"940","510"
169,,,2,0,"443","370"
3614,,"2010-02-17",0,1,"944","510"
3532,"0001-07-18","0001-12-18",0,1,"827","444"
6548,,,43,1,"34","93"
918,"0009-10-16","0009-11-16",5,1,"226","214"
1446,"0007-08-15","0007-11-15",8,1,"140","407"
9215,"0004-09-20",,18,2,"2058","636"
8134,,,4,0,"1214","441"
7093,,"2010-08-15",25,1,"55","595"
7459,"0007-04-19","0007-09-19",13,2,"271","324"
4563,,,1,0,"450","371"
11068,,,5,2,"262","324"
6765,,"0005-07-19",1,0,"1496","594"
4092,"0004-03-18","0004-12-18",0,1,"313","89"
9087,"0004-11-20",,0,1,"2074","637"
8414,,,10,0,"1752","621"
4395,"0005-02-18","0005-11-18",0,1,"945","510"
4496,"0006-06-18",,4,1,"245","85"
9390,,,1,0,"748","441"
10328,"0007-07-20",,1779,2,"2231","588"
4494,"0006-06-18",,0,1,"265","85"
3148,"0007-03-17","0007-10-17",83,0,"889","467"
395,,,19,0,"520","390"
5819,,,0,0,"747","441"
517,"0004-12-17",,2,0,"592","409"
1270,,,1,1,"149","335"
3043,,,13,0,"705","431"
6814,"0006-07-19",,0,1,"944","510"
11258,,"2011-04-20",4,2,"352","78"
3956,"0003-05-18",,0,1,"942","510"
7361,,,10,2,"1148","87"
2732,"0009-09-17",,2,0,"478","375"
5872,,"0009-03-18",21,0,"759","440"
1201,,"0009-05-17",8,0,"553","396"
9233,"0004-09-20",,66,2,"2042","635"
5317,,,0,0,"1101","554"
15,,,3,1,"284","87"
5643,,,3,2,"310","85"
5887,"0001-06-19",,1,0,"1231","566"
6356,"0005-03-19","0005-08-19",0,2,"1349","579"
3807,"0008-03-16","0008-08-16",7,1,"946","510"
7517,,,36,2,"1141","87"
3479,,"0009-01-17",30,1,"183","333"
4682,"0007-09-18",,1,2,"284","87"
3580,,,0,1,"942","510"
724,,,0,0,"688","421"
7881,"0009-04-19","0009-10-19",26,0,"1026","369"
1090,"0004-05-17",,1,1,"169","333"
2966,"0009-05-17",,5,0,"820","405"
9797,"0007-08-20",,0,1,"940","510"
9204,,,6,2,"2122","645"
6817,"0006-07-19",,0,1,"947","510"
4329,"0005-05-18","0005-10-18",0,0,"444","370"
8550,,,0,0,"1215","441"
6815,"0006-07-19",,0,1,"945","510"
840,"0007-10-17",,5,1,"715","391"
9465,,"0004-03-20",1,2,"277","353"
7854,"0009-02-19","0009-11-19",3,0,"1658","566"
7181,,,75,1,"67","595"
8588,,,5,0,"1656","440"
9057,"0004-06-20","0004-11-20",14,2,"1535","596"
8056,,,7,0,"1207","565"
10378,"0008-06-20",,14,2,"1355","579"
5053,"0009-01-18","0009-09-18",33,0,"1006","369"
8540,,,4,0,"1772","470"
586,"0007-04-17","0007-11-17",18,0,"594","410"
8599,,,0,0,"1227","566"
6902,"0005-08-19",,16,2,"311","85"
7941,,"2010-06-19",1,0,"1596","586"
4984,"0006-09-18",,29,1,"311","87"
7859,"0009-02-19","0009-11-19",2,0,"1663","566"
10631,"0009-05-20","0009-12-20",20,2,"253","87"
435,"0008-12-17",,1,0,"567","398"
6940,"0006-07-19","0006-12-19",6,2,"1143","87"
5348,,"2010-04-18",3,1,"715","391"
6204,,,3,2,"1153","87"
4124,,,0,1,"248","87"
9996,"0007-10-20",,17,2,"1760","87"
1468,,,25,1,"584","407"
9803,"0007-08-20",,5,1,"1020","536"
11250,,"2011-04-20",4,2,"344","78"
2989,,"2010-04-17",1,1,"720","391"
9412,,,2,0,"1204","565"
10819,"0009-03-20",,6,2,"2359","659"
3822,"0008-08-16","0008-09-16",9,1,"938","510"
8981,,"0004-05-20",2,1,"1963","587"
5759,"0007-02-17","0007-11-17",0,0,"1208","565"
3187,,"0007-07-17",13,0,"892","469"
1107,"0004-05-17",,3,1,"186","333"
9324,"0004-10-20",,3,2,"1445","590"
5078,"0005-01-18","0005-07-18",0,1,"275","85"
11236,,"0007-10-20",29,2,"2438","663"
10929,,,36,2,"265","87"
6544,,,753,1,"30","92"
4994,"0005-01-18","0005-08-18",2,1,"288","87"
5707,"0004-01-19","0004-12-19",34,2,"1183","563"
8725,"0003-12-20",,0,0,"1849","632"
609,"0009-01-17","0009-08-17",106,0,"620","413"
6746,,"0004-04-19",5,0,"1501","594"
7255,"0007-12-19",,10,0,"1494","594"
7316,,,26,1,"723","391"
1524,"0009-08-15","0009-12-15",8,1,"138","407"
10433,,"0009-05-20",10,1,"221","214"
8149,"2011-01-19","2011-08-19",21,0,"1581","600"
6271,"0005-02-19","0005-05-19",0,0,"1302","575"
9472,,"0004-03-20",2,2,"300","89"
5352,,"2010-04-18",0,1,"720","391"
11388,,"2011-03-20",85,2,"359","74"
254,"0007-07-17",,0,0,"467","372"
1661,,,0,0,"129","340"
9714,"0006-08-20",,0,1,"941","510"
8286,,,12,2,"1744","620"
4126,,,0,1,"274","87"
7735,,,1,0,"1531","522"
2637,"0009-08-17",,4,0,"650","412"
10486,"0007-09-20",,13,2,"1485","593"
555,,,0,0,"436","367"
1737,,"0005-07-15",73,1,"237","85"
6404,"0005-09-19",,0,0,"1226","566"
9992,"0007-10-20",,9,2,"1764","87"
10970,"2010-08-20","2010-11-20",2,0,"2069","637"
1935,,,38,1,"256","324"
7950,,"0009-07-19",52,0,"1494","594"
8133,,,15,0,"745","441"
10028,"0004-04-20","0004-09-20",0,2,"1150","324"
6762,"0004-07-19",,18,0,"1505","594"
5946,,,2,2,"1154","87"
6413,"0005-08-19",,1,2,"1392","585"
5454,,,1,0,"1062","551"
3027,,"2010-05-17",5,0,"451","369"
4148,"0004-09-18",,3,1,"282","85"
6043,"0004-12-19",,2,2,"278","353"
4920,"0009-06-18","0009-09-18",0,1,"223","214"
8201,,"0005-03-19",0,2,"1704","617"
11341,,"2011-03-20",32,2,"386","76"
5570,"0003-10-19",,5,2,"1093","353"
533,,"0009-09-17",10,1,"275","85"
5427,,"2011-03-18",15,1,"222","214"
6077,,"0002-12-19",2,0,"439","367"
1141,"0008-11-17",,0,1,"182","333"
2771,,,67,0,"614","416"
7114,,,6,1,"64","595"
8317,"2010-01-19","2010-07-19",6,2,"1139","87"
4927,"0009-07-18","0009-10-18",42,1,"1074","345"
6456,"0005-05-19","0005-10-19",4,2,"1434","589"
4906,,,34,1,"941","510"
11207,,,5,2,"2396","662"
6841,,,16,1,"1022","444"
9308,"0004-06-20",,8,2,"1435","589"
8204,,"0005-03-19",17,2,"1707","617"
2025,,"0004-07-14",0,1,"269","87"
3655,,,0,1,"937","510"
4511,"0006-06-18",,3,1,"298","352"
8528,"0001-03-20","0001-06-20",3,0,"1752","621"
1798,,"0007-09-14",0,1,"242","85"
9506,,"0004-03-20",2,2,"1762","87"
4425,,,0,1,"939","510"
5424,,,85,1,"793","447"
6280,"0005-01-19","0005-07-19",0,0,"745","441"
7687,,,236,2,"1270","528"
3077,"2010-07-17",,1,0,"877","462"
5544,,,1,0,"1041","522"
7195,,,0,1,"945","510"
444,,"0009-01-17",20,0,"499","378"
7866,"0009-02-19","0009-11-19",5,0,"1234","566"
5908,,,2,2,"299","87"
2869,,,1,0,"196","331"
4926,"0009-06-18","0009-10-18",12,1,"1070","346"
3742,,,0,1,"942","510"
11387,,"2011-03-20",21,2,"397","74"
9957,,"0007-03-20",56,2,"1152","87"
8346,,,50,2,"262","352"
10119,,"0007-03-20",29,2,"276","324"
6325,,"0005-03-19",44,2,"1323","578"
9730,,,1,1,"945","510"
10464,"0007-12-20",,98,2,"1442","590"
11259,,"2011-04-20",9,2,"347","78"
7099,,"2010-08-15",7,1,"61","595"
409,"0007-08-17",,2,0,"571","401"
6750,,"0004-04-19",5,0,"1505","594"
10502,,"0007-04-20",134,2,"91","591"
6483,"0005-02-19","0005-07-19",0,2,"1461","591"
4199,,,0,1,"310","85"
11083,,,2,2,"298","324"
4412,,,2,0,"900","470"
10570,,"0008-01-20",48,2,"262","324"
4309,,"0005-02-18",0,1,"940","510"
1413,"0009-09-17",,0,1,"158","335"
7081,"2010-08-15",,52,1,"55","595"
6265,,,6,2,"311","194"
11117,,,8,2,"298","324"
5407,,,20,0,"1014","393"
3243,"0009-02-17","0009-07-17",21,0,"899","470"
10175,,,46,2,"298","324"
9971,"0007-03-20","0007-10-20",54,2,"283","87"
509,,,14,1,"590","408"
1649,,,26,1,"584","407"
5605,"0003-10-19",,0,2,"974","87"
9622,,,0,1,"946","510"
4524,,,0,1,"716","391"
547,"0009-01-17","0009-09-17",0,0,"487","376"
5441,"2010-11-18",,35,1,"714","391"
4400,"0005-11-18",,0,1,"938","510"
2299,,,73,1,"302","85"
137,,,2,0,"451","369"
7641,,,2,0,"1006","369"
1462,,,26,1,"137","407"
2461,,,7,0,"751","441"
5948,,,0,2,"1150","87"
10373,"0008-06-20",,26,2,"1352","579"
3010,,"2010-05-17",16,0,"445","370"
6028,"0004-12-19",,1,2,"1093","194"
3233,,,1,0,"558","396"
9738,,"0007-03-20",0,1,"946","510"
9084,"0004-09-20",,0,0,"1542","597"
10817,"0009-03-20",,11,2,"2357","659"
926,,,8,1,"220","214"
10365,"0008-06-20",,0,2,"2251","579"
10487,"0007-09-20",,6,2,"1487","593"
7692,,,18,2,"1275","528"
6855,"0005-08-19",,1,2,"288","87"
10872,,,950,2,"2094","640"
7568,,,9,2,"1404","588"
9076,,"0004-09-20",0,0,"434","366"
6323,,"0005-03-19",16,2,"1321","578"
4283,,,2,0,"554","396"
7362,,,16,2,"239","87"
6727,"0003-02-19",,9,0,"1494","594"
8582,,,0,0,"755","440"
11192,"0007-02-20",,133,2,"2393","662"
6683,,,0,1,"945","510"
8416,,,3,0,"1755","622"
8822,,,20,2,"289","85"
8128,,,51,0,"1233","566"
9676,"0006-06-20","0006-09-20",1,0,"1859","631"
6046,"0004-12-19",,1,2,"266","353"
7310,,,21,1,"521","391"
2191,"0007-10-15",,47,1,"291","88"
5127,"0005-07-18","0005-12-18",0,1,"319","352"
11039,"2010-04-20","2010-10-20",6,2,"1762","87"
4860,,"0008-06-18",20,1,"937","510"
11161,"0007-09-20",,304,2,"2370","661"
7609,,"0008-05-19",10,2,"1185","563"
9197,,,17,2,"2130","644"
3750,,,0,1,"941","510"
6400,"0005-09-19",,0,0,"1225","440"
2301,,"0004-06-14",1,1,"302","87"
3973,,,0,0,"447","370"
282,,,20,0,"506","383"
4745,,,22,1,"147","335"
3868,,,0,1,"936","510"
9862,,,6,2,"1152","87"
8964,,"0004-01-20",0,2,"1956","86"
3845,"0008-12-16",,9,1,"937","510"
2560,"0009-10-17",,32,1,"256","87"
5412,"2010-05-18","2010-12-18",270,0,"901","470"
1252,,,1,1,"151","335"
6083,,"0004-01-19",0,0,"440","367"
10895,,"2010-02-20",0,1,"1022","444"
3694,"0004-11-16",,0,1,"939","510"
4163,,,0,0,"965","522"
3692,"0004-06-16","0004-11-16",0,1,"947","510"
2569,"0004-02-17","0004-09-17",0,0,"787","445"
10704,"0009-08-20",,9,0,"440","367"
1850,,"0005-07-15",4,1,"248","85"
9476,,"0004-03-20",3,2,"1763","87"
2847,,,18,0,"841","456"
3947,,"0003-05-18",0,1,"945","510"
8452,"2012-08-19",,19,0,"1747","621"
5800,,"0009-01-18",20,0,"745","441"
10959,"2010-08-20","2010-11-20",4,0,"2079","638"
7552,,,14,2,"1361","580"
10896,,"2010-02-20",4,1,"832","444"
4084,"0004-02-18","0004-11-18",3,1,"263","194"
8101,,,25,0,"1221","440"
1941,"0004-11-14",,0,1,"258","85"
3979,,,0,0,"457","369"
1899,,"2010-08-15",4,1,"252","88"
2345,,,56,1,"306","87"
11378,,"2011-04-20",29,2,"2344","73"
1916,"0004-11-16",,0,1,"255","87"
8890,,"0004-02-20",8,2,"1882","97"
10785,"0009-03-20","0009-11-20",9,2,"400","75"
1567,"0003-01-16","0003-10-16",4,1,"141","407"
7052,"0007-10-15",,15,1,"62","595"
8356,,,12,2,"269","353"
1952,,,119,1,"260","88"
8457,"2012-08-19",,12,0,"1752","621"
2703,"0009-09-17",,3,1,"828","444"
5048,,"0009-01-18",10,0,"448","369"
11349,,"2011-03-20",37,2,"2484","75"
8392,"2011-11-19",,3,0,"1672","429"
10287,"0004-04-20",,110,2,"2233","588"
1660,"0007-04-17","0007-12-17",42,0,"128","340"
6146,,,3,1,"521","391"
9265,"0004-11-20",,2,0,"1823","629"
3982,,,0,0,"453","369"
10405,,,3,0,"1525","522"
5713,"0004-01-19",,2,2,"1177","563"
11076,,,22,2,"293","324"
3021,,"2010-05-17",10,0,"457","369"
8462,"2012-04-19",,1,0,"1758","622"
5564,"0003-09-19",,3,1,"220","214"
10784,"0009-03-20","0009-11-20",14,2,"399","75"
7537,,,5,2,"1366","580"
5518,"2012-02-18","2012-09-18",4,0,"1124","558"
3802,,"0008-08-16",8,1,"937","510"
9735,,"0007-03-20",0,1,"940","510"
4168,"0004-09-18",,0,0,"972","526"
9571,"0005-11-20",,0,1,"940","510"
8713,"0003-01-20","0003-06-20",0,0,"1786","625"
10976,"2010-06-20","2010-12-20",1,0,"965","522"
7998,"2010-06-19","2010-12-19",0,0,"1593","586"
8486,,,11,0,"1752","621"
614,"0009-01-17","0009-08-17",2,0,"625","413"
2875,,,7,1,"830","444"
4139,"0004-11-18",,2,1,"246","352"
7626,,"0008-04-19",9,2,"1354","579"
5403,"2010-06-18",,27,0,"1108","469"
7420,"0007-04-19","0007-09-19",11,2,"265","87"
1666,"0005-02-18","0005-09-18",1,1,"163","335"
1073,"0007-10-17",,11,0,"191","332"
8985,,"0004-05-20",1,1,"1506","587"
6089,"0003-06-19",,7,0,"973","367"
7187,,,0,1,"1017","536"
6697,,"0006-02-19",0,1,"947","510"
6573,,,270,1,"308","95"
2514,"0004-09-17",,4,0,"775","442"
2754,,"2010-04-17",84,0,"835","455"
3730,"0005-12-16",,0,1,"938","510"
4014,,"0004-02-18",0,0,"556","396"
1934,,,59,1,"256","89"
5543,,,8,0,"965","522"
9030,"0004-04-20","0004-09-20",8,2,"2015","83"
3463,,,9,1,"185","333"
11171,"0007-09-20",,36,2,"2374","661"
9497,,"0004-03-20",2,2,"251","87"
5112,"0009-09-18",,6,2,"295","352"
8660,,"0002-06-20",0,0,"1790","625"
10801,"0009-03-20",,2,2,"2341","73"
4029,,"0004-03-18",0,1,"947","510"
7493,"0007-09-19",,31,2,"1144","87"
11224,"0007-12-20",,74,2,"2424","618"
2496,"0009-09-17","0009-12-17",4,0,"215","349"
3760,"0006-02-16","0006-12-16",0,1,"942","510"
5880,,"2010-02-18",20,0,"1222","440"
5472,,,7,1,"1084","346"
11283,,"2011-04-20",242,2,"2469","77"
10671,,"0009-05-20",5,2,"1762","87"
10242,"0008-08-20","0008-11-20",11,0,"459","369"
5470,,,7,1,"1081","346"
8078,,,20,0,"523","393"
3163,"2010-11-17",,3,1,"719","391"
10871,,,236,2,"2095","640"
3487,,"2011-04-17",53,0,"567","398"
6505,"0005-02-19","0005-07-19",27,2,"1483","593"
6770,,"0005-07-19",2,0,"1501","594"
10501,,"0007-04-20",500,2,"1320","591"
2383,,"0008-03-15",256,1,"312","88"
8337,"2010-04-19","2010-10-19",62,2,"283","85"
2892,,,12,0,"491","377"
1891,,,3,1,"252","87"
4337,"0005-03-18","0005-10-18",0,0,"461","519"
10434,,"0009-05-20",9,1,"222","214"
7965,,,5,2,"1280","528"
5599,"0003-10-19",,1,2,"316","87"
3700,"0004-11-16",,0,1,"945","510"
4882,"0008-06-18",,1,1,"946","510"
7492,"0007-09-19",,214,2,"261","87"
2455,"0009-07-17","0009-12-17",8,0,"738","439"
4289,,,0,0,"562","396"
739,"0004-08-17",,0,0,"697","428"
9036,"0004-04-20","0004-09-20",6,2,"2021","83"
5875,,"0009-03-18",42,0,"761","440"
9461,,"0004-03-20",24,2,"289","85"
2872,,,235,0,"442","368"
1320,,,0,1,"155","335"
6662,,,0,0,"458","369"
11087,,,5,2,"314","87"
2435,,,60,1,"320","87"
3167,"2010-11-17",,7,1,"723","391"
6467,"0005-02-19","0005-07-19",5,2,"1445","590"
1430,"0007-08-15","0007-11-15",7,1,"578","407"
145,,,2,0,"459","369"
9056,"0004-06-20","0004-11-20",11,2,"1534","596"
7504,,,23,2,"1155","87"
6219,,,0,2,"299","87"
4669,"0007-09-18",,7,2,"258","87"
3323,,"2011-03-17",32,0,"900","470"
7279,"0007-06-19",,0,1,"1017","536"
1262,,,0,1,"163","335"
5809,,,1,0,"1215","441"
7113,,,6,1,"63","595"
8966,,"0004-01-20",15,2,"1958","86"
10169,,,163,2,"295","324"
5029,,"0009-01-18",6,0,"1005","371"
7006,,,21,2,"276","352"
9208,,,6,2,"2126","645"
10428,,,30,0,"507","383"
6470,"0005-02-19","0005-07-19",9,2,"1448","590"
5122,,"0005-01-18",31,1,"291","352"
10750,"0009-03-20","0009-11-20",20,2,"365","80"
10056,,,0,2,"271","324"
430,"0007-08-17",,2,0,"567","398"
10275,"0004-04-20",,126,2,"2222","588"
3970,,,0,0,"955","371"
11125,,"2011-07-20",14,2,"314","87"
31,,,2,1,"301","87"
1497,"0009-01-15","0009-05-15",1,1,"581","407"
4616,"0007-03-18","0007-12-18",0,1,"945","510"
8368,,,132,2,"275","324"
5451,"2010-11-18",,147,1,"727","391"
1474,,,8,1,"132","407"
5653,,,1,1,"1081","346"
5182,"0005-07-18","0005-12-18",2,1,"285","324"
8200,,"0005-03-19",1,2,"1703","617"
1203,,"0009-05-17",6,0,"556","396"
7952,,"0009-07-19",31,0,"1496","594"
774,"0004-02-17","0004-09-17",3,0,"705","431"
6156,,,2,1,"729","391"
4442,,,0,1,"941","510"
8051,,,8,0,"1202","565"
2238,,"2010-08-15",17,1,"296","88"
4072,"0004-01-18","0004-09-18",10,1,"243","85"
8497,,,39,0,"1776","470"
2114,,,3,1,"279","88"
10411,,,7,0,"2263","522"
6169,"0004-06-19",,29,2,"1270","528"
1559,"0003-01-16","0003-10-16",1,1,"135","407"
10735,"0009-03-20",,11,2,"350","78"
4087,"0004-02-18","0004-11-18",1,1,"236","194"
4413,,,0,0,"901","470"
6676,,,0,1,"938","510"
8817,,,4,2,"1138","324"
9936,"0006-09-20",,9,2,"251","87"
3448,,"2012-01-17",0,0,"561","396"
6361,"0005-03-19",,2,2,"1354","579"
6523,,,38,1,"9","90"
2933,,,5,0,"444","370"
649,"0009-01-17","0009-08-17",0,0,"650","412"
5196,,,4,1,"308","324"
6498,"0005-02-19","0005-07-19",3,2,"1476","592"
7293,,,7,1,"1544","561"
8492,,,15,0,"1771","470"
885,"0003-01-15",,3,1,"224","214"
2475,,,3,0,"751","441"
6856,"0005-08-19",,16,2,"289","87"
10404,,,2,0,"1524","522"
10911,"0009-12-20",,9,2,"265","87"
10930,,"2010-04-20",37,2,"265","87"
5363,,"2010-05-18",11,0,"1107","469"
1243,,,1,1,"164","335"
9828,"0004-03-20","0004-09-20",3,2,"319","87"
5319,,,0,0,"1102","554"
11151,,"2011-07-20",4,2,"1150","324"
6644,,"0002-08-19",4,0,"1499","594"
6009,"0004-12-19",,6,2,"275","85"
3826,"0008-08-16","0008-09-16",5,1,"942","510"
2602,"0009-11-17",,2,1,"793","447"
5334,,,34,0,"507","383"
1275,"0009-03-15","0009-06-15",1,1,"156","335"
9187,,,0,2,"2119","642"
6575,,,7,1,"1","90"
2680,,,2,1,"831","444"
1904,,"2010-04-14",14,1,"252","89"
6022,"0004-12-19",,1,2,"305","352"
11057,,,5,2,"1094","87"
5490,,"2012-04-18",1,1,"826","444"
392,,,17,0,"517","390"
1898,,,9,1,"252","88"
9646,"0006-02-20","0006-08-20",0,1,"939","510"
8565,,,0,0,"1204","565"
7015,,,47,2,"309","324"
10685,,"0009-05-20",79,2,"306","324"
2018,,,126,1,"268","85"
11133,,"2011-07-20",9,2,"253","87"
6300,"0005-01-19","0005-07-19",1,0,"1206","565"
10805,"0009-03-20",,8,2,"2345","73"
7440,"0007-04-19","0007-09-19",475,2,"280","352"
2586,"0009-10-17",,11,0,"771","442"
3034,,"2010-06-17",2,0,"594","410"
10477,"0007-12-20",,27,2,"78","590"
8866,,,0,2,"1150","87"
9335,"0004-10-20",,2,2,"1491","593"
4765,,,12,0,"1049","350"
6702,,"0006-03-19",1,1,"1510","587"
5478,,,10,1,"1073","346"
8761,"0003-12-20",,1,0,"703","429"
10452,"0007-02-20","0007-07-20",19,2,"1335","578"
5251,,,16,2,"975","87"
3005,,,5,0,"699","428"
2923,,,2,0,"215","349"
6469,"0005-02-19","0005-07-19",16,2,"1447","590"
3512,,,0,0,"549","396"
3369,"2011-03-17","2011-07-17",1,0,"525","393"
7386,,,13,2,"271","324"
10934,,"2010-04-20",6,2,"282","87"
1003,"0007-10-17",,18,0,"205","327"
410,"0008-05-17","0008-12-17",7,0,"571","401"
328,,,3,0,"524","393"
6036,"0004-12-19",,1,2,"1151","194"
938,,,4,1,"225","214"
8095,,,19,1,"1671","391"
10297,"0004-04-20",,160,2,"2243","588"
7748,,"0009-03-19",4,2,"1357","579"
5218,,"0005-01-18",2,1,"276","87"
7481,"0007-09-19",,23,2,"1143","87"
6604,,,4,1,"35","93"
5176,"0009-08-18",,9,1,"982","528"
2379,,,140,1,"312","87"
10840,"0009-12-20",,15,2,"287","194"
6333,,"0005-03-19",31,2,"1331","578"
7105,,,24,1,"55","595"
1721,"0004-02-12","0004-10-12",5,1,"267","94"
7084,"2010-08-15",,69,1,"58","595"
1109,"0004-05-17",,1,1,"188","333"
8613,,,0,0,"1523","522"
5084,,"0005-01-18",4,1,"243","85"
5675,,,1,2,"1161","562"
1065,,"0008-07-17",11,0,"195","331"
4508,"0006-06-18",,9,1,"309","352"
1183,,"0009-05-17",6,0,"544","396"
9501,,"0004-03-20",293,2,"1149","85"
7991,"2010-06-19","2010-12-19",2,0,"1586","586"
10458,"0007-02-20","0007-07-20",117,2,"1343","578"
6277,"0005-01-19","0005-07-19",1,0,"1213","441"
2891,,,0,0,"490","377"
342,,,6,0,"529","395"
4908,,,11,1,"943","510"
9863,,,4,2,"1760","87"
7497,"0007-09-19",,11,2,"1146","87"
8088,,,20,0,"1672","429"
3987,,,0,0,"446","370"
2416,"0009-10-15",,5,1,"315","88"
2212,,,181,1,"292","89"
601,"0009-01-17","0009-08-17",1,0,"609","414"
9960,"0007-03-20","0007-10-20",44,2,"1763","87"
3312,,,76,0,"492","377"
10387,,,15,1,"2208","561"
3739,,,0,1,"939","510"
5146,,,17,0,"1011","535"
8959,,"0004-01-20",12,2,"1951","86"
4,,,1,1,"278","87"
7039,"0007-10-15",,21,1,"49","595"
2206,,,74,1,"292","85"
11056,,,45,2,"265","87"
9872,,,3,2,"1093","87"
6137,,"0004-07-19",1,0,"1266","442"
10316,"0007-07-20",,493,2,"2219","588"
1363,,,2,1,"163","335"
3035,,"2010-06-17",1,0,"595","410"
4236,,,1,1,"251","194"
4032,,"0004-05-18",4,0,"445","370"
2074,"0005-10-14",,0,1,"274","194"
8436,,"2012-08-19",2,0,"1757","621"
7294,,,1,1,"1546","561"
4255,,,0,1,"266","87"
3662,,,0,1,"944","510"
5435,"2011-01-18","2011-04-18",11,0,"963","522"
6699,,"0006-03-19",4,1,"1508","587"
9227,"0004-09-20",,18,2,"2036","635"
947,"0007-05-17","0007-12-17",27,0,"740","439"
3332,,"2011-04-17",11,0,"482","375"
3107,"2010-02-17","2010-12-17",11,1,"793","447"
2371,,"2010-03-14",61,1,"310","85"
3961,"0003-05-18",,1,1,"947","510"
2819,,,0,0,"664","412"
10731,"0009-03-20",,2,2,"346","78"
188,"0008-07-17",,0,0,"452","369"
5915,,,1,2,"283","194"
8260,,,2409,2,"1733","619"
6157,,,2,0,"781","443"
9970,"0007-03-20","0007-10-20",4,2,"259","87"
8113,,,25,0,"1222","440"
7276,,,0,0,"1348","555"
8988,,"0004-05-20",2,1,"1966","587"
5663,,,0,1,"1085","346"
1583,,,12,1,"137","407"
1848,,"0007-09-14",7,1,"248","85"
5804,,,1,0,"1214","441"
2010,"0009-10-15",,62,1,"267","88"
3436,,,3,0,"525","393"
10755,"0009-03-20","0009-11-20",6,2,"370","80"
4881,"0008-06-18",,11,1,"945","510"
3331,,"2011-04-17",20,0,"481","375"
7144,,,36,0,"1042","522"
5533,"0001-02-19","0001-09-19",5,0,"1126","558"
10753,"0009-03-20","0009-11-20",25,2,"368","80"
2084,,,251,1,"276","85"
8854,,,0,2,"1146","87"
3735,"0005-12-16",,0,1,"944","510"
2265,,,2,1,"299","87"
8585,,,3,0,"1225","440"
11235,,,1,2,"2438","663"
9155,,,120,0,"2102","616"
7256,"0007-12-19",,11,0,"1495","594"
4360,,,0,0,"1012","535"
8316,"2010-01-19","2010-07-19",193,2,"1138","87"
1687,"0004-03-12","0004-10-12",2,1,"10","90"
6743,,"0004-04-19",3,0,"1498","594"
5397,"2010-07-18",,59,0,"509","383"
9780,,,171,0,"1821","629"
5864,"0001-06-19",,1,0,"756","440"
4436,,"0006-02-18",0,0,"525","393"
7797,,"0009-07-19",138,1,"222","214"
11322,,"2011-03-20",18,2,"360","80"
9017,"0004-01-20","0004-06-20",3,2,"2001","84"
6712,"0002-08-19",,0,0,"1503","594"
1328,,,0,1,"145","335"
899,,,8,1,"222","214"
1225,"0007-08-15","0007-12-15",1,1,"144","335"
2243,,,11,1,"297","87"
10765,"0009-03-20","0009-11-20",1,2,"380","76"
5667,,,0,1,"1069","345"
8685,,,1,0,"1782","625"
935,,,2,1,"222","214"
10580,,"0008-01-20",70,2,"275","324"
2361,,,20,1,"308","89"
3013,,"2010-05-17",16,0,"446","370"
3623,"2010-02-17","2010-04-17",0,1,"941","510"
10515,"0007-01-20",,154,2,"1324","646"
6395,"0005-09-19",,0,0,"755","440"
3846,"0008-12-16",,3,1,"938","510"
11184,,,30,2,"2382","577"
5106,"0009-09-18",,8,2,"287","352"
4370,"0005-09-18",,0,0,"454","518"
229,"0008-07-17",,150,0,"480","375"
677,"0009-03-17","0009-10-17",30,0,"672","419"
7956,,,11,2,"1271","528"
1247,,,1,1,"146","335"
7464,"0007-04-19","0007-09-19",37,2,"1093","85"
9054,"0004-06-20","0004-11-20",26,2,"1536","596"
6076,,"0002-12-19",2,0,"438","367"
978,,"0008-05-17",12,0,"199","325"
4341,,,0,1,"712","391"
629,"0009-01-17","0009-08-17",59,0,"635","411"
8928,,"0004-02-20",3,2,"1920","96"
10600,"0004-05-20",,6,2,"1277","528"
177,,,2,0,"446","370"
2583,"0009-10-17",,8,0,"768","442"
7576,,,27,2,"1412","588"
9309,"0004-06-20",,11,2,"1440","589"
5780,,,1,0,"741","441"
10592,"0004-05-20",,16,2,"1270","528"
6024,"0004-12-19",,5,2,"300","324"
5656,,,0,1,"1074","346"
415,"0008-12-17",,2,0,"573","400"
3471,,"0009-01-17",15,1,"171","333"
9568,"0005-11-20",,0,1,"937","510"
4470,,,0,1,"1017","536"
9545,"0005-07-20","0005-11-20",0,1,"946","510"
11074,,,7,2,"276","324"
5568,"0003-09-19",,2,1,"224","214"
470,"0008-10-17",,2,1,"581","407"
6218,,,1,2,"1146","87"
10456,"0007-02-20","0007-07-20",8,2,"1341","578"
6092,"0003-08-19",,10,0,"434","366"
422,,"0009-01-17",2,0,"574","400"
1358,,,0,1,"158","335"
3234,,,0,0,"559","396"
5209,"0005-08-18","0005-12-18",2,1,"242","324"
3573,,,0,1,"936","510"
11382,,"2011-03-20",20,2,"378","74"
10974,"2010-06-20","2010-12-20",4,0,"963","522"
7548,,,12,2,"1378","580"
3018,,"2010-05-17",6,0,"460","369"
9788,,,6,0,"1257","555"
7239,"0005-07-19","0005-12-19",2,0,"1502","594"
448,,,0,0,"569","398"
9458,,"0004-03-20",3,2,"1140","353"
10192,,"0008-01-20",25,0,"2154","555"
1626,,,45,1,"139","407"
8049,,,5,0,"1199","565"
3929,,,0,0,"437","367"
4539,,,1,0,"525","393"
2356,,"0005-01-14",1,1,"308","89"
2886,,,5,0,"485","376"
10451,"0007-02-20","0007-07-20",100,2,"1334","578"
6371,,,4,2,"1364","580"
8512,,"0001-03-20",13,0,"1752","621"
6798,"0006-02-19","0006-07-19",0,1,"940","510"
4371,"0005-09-18",,0,0,"454","518"
8327,"2010-01-19","2010-07-19",33,2,"1150","87"
3492,,"2010-04-17",90,0,"569","398"
7570,,,13,2,"1406","588"
7427,"0007-04-19","0007-09-19",10,2,"1139","87"
10445,"0007-02-20","0007-07-20",22,2,"1327","578"
4878,"0008-06-18",,15,1,"942","510"
10014,,,130,2,"1152","87"
5772,"0008-04-18","0008-07-18",1,0,"1211","565"
9318,"0004-10-20",,3,2,"1460","591"
1120,"0007-07-17",,7,1,"178","333"
2853,,,2,0,"839","456"
8746,,,2,0,"1595","586"
4544,,,0,1,"1019","536"
8662,,"0002-06-20",1,0,"1792","625"
1055,"0005-09-17",,2,0,"197","330"
2462,,,0,0,"753","440"
2338,"2010-08-14",,36,1,"306","87"
9331,"0004-10-20",,3,2,"1487","593"
7127,"0009-09-15",,2,1,"65","595"
3455,,,10,1,"173","333"
3352,,,10,0,"127","339"
5676,,,1,2,"1162","562"
6063,"0004-07-19",,3,1,"832","444"
1535,"0001-04-16",,12,1,"133","407"
961,,"0009-04-17",11,0,"457","369"
4221,,,0,1,"944","510"
1937,,,7,1,"257","87"
6688,,"0006-02-19",0,1,"938","510"
1121,"0007-07-17",,43,1,"179","333"
11113,,,3,2,"1150","324"
5546,,,2,0,"1043","522"
570,"0009-02-17","0009-09-17",14,0,"563","397"
3138,"0009-06-17",,182,0,"885","465"
7563,,,45,2,"1399","588"
4156,"0004-09-18",,2,1,"275","85"
9843,"0004-03-20","0004-09-20",2,2,"1152","87"
1380,,,6,1,"160","335"
11168,,"0004-07-20",6,2,"2375","661"
3212,,,0,0,"537","396"
8695,,,0,0,"1793","625"
497,"0007-04-17","0007-11-17",10,1,"590","408"
5105,"0009-09-18",,43,2,"273","352"
1799,,"2010-03-14",32,1,"242","85"
4409,"0005-11-18",,0,1,"947","510"
2859,"0005-07-17",,2,0,"841","456"
9524,"0005-04-20","0005-07-20",1,1,"937","510"
2895,,,9,0,"494","377"
203,"0007-04-17","0007-11-17",1,0,"448","370"
5953,,,2,2,"1146","87"
1976,"0004-11-16",,4,1,"264","87"
11295,,"2011-03-20",17,2,"331","79"
5585,"0003-10-19",,4,2,"247","324"
9295,"0004-10-20",,3,2,"1344","578"
525,,"0009-09-17",6,1,"244","353"
9171,"0004-11-20",,0,0,"1493","555"
3869,,,0,1,"937","510"
2214,,,95,1,"292","89"
9819,,,5,0,"1348","555"
9573,"0005-11-20",,0,1,"942","510"
4923,"0009-06-18","0009-10-18",21,1,"1069","346"
10162,,,128,2,"246","324"
862,,,0,0,"473","380"
8305,"2010-01-19","2010-07-19",11,2,"242","87"
6490,"0005-02-19","0005-07-19",4,2,"1468","592"
9281,"0004-10-20",,15,2,"1331","578"
2181,,"0004-07-14",0,1,"290","87"
2404,,,26,1,"314","89"
1954,"0009-03-15","0009-07-15",81,1,"260","88"
8112,,,56,0,"761","440"
465,"0007-04-17","0007-11-17",1,1,"582","407"
1544,"0001-04-16",,3,1,"138","407"
7376,,,222,2,"300","324"
2135,,"2010-08-15",11,1,"282","89"
5153,,,107,2,"1094","353"
9883,,,1,2,"1762","87"
1094,"0004-05-17",,0,1,"173","333"
1866,"0005-10-14",,0,1,"249","194"
5353,,"2010-04-18",2,1,"721","391"
9370,"0004-10-20",,18,2,"86","591"
6125,,,3,0,"1252","569"
10550,,"0007-04-20",10,2,"153","589"
7389,,,31,2,"251","85"
1229,"0007-08-15","0007-12-15",1,1,"148","335"
371,,,13,0,"555","396"
5038,,"0009-01-18",42,0,"444","370"
9932,"0006-09-20",,29,2,"259","87"
7179,,,144,1,"61","595"
8708,"0003-01-20","0003-06-20",0,0,"1780","625"
7095,,"2010-08-15",7,1,"57","595"
6891,"0005-08-19",,1,2,"275","324"
7278,"0007-06-19",,0,1,"1016","536"
7339,,,29,2,"261","87"
6319,,,12,2,"1317","577"
1690,"0004-03-12","0004-10-12",1,1,"13","91"
7785,"0009-06-19","0009-09-19",0,0,"1043","522"
7846,"0009-02-19","0009-11-19",100,0,"757","440"
11228,,"0007-10-20",40,2,"2434","663"
9005,,"0004-04-20",7,2,"1989","99"
5028,,"0009-01-18",2,0,"1004","371"
8206,,"0005-03-19",3,2,"1709","617"
1293,"0009-10-15",,4,1,"159","335"
7693,,,35,2,"1276","528"
5346,,"2010-04-18",0,1,"713","391"
7973,,,2,2,"1288","528"
10991,"2010-06-20","2010-12-20",5,0,"2265","522"
1651,,,0,0,"124","337"
2341,"0004-11-16",,5,1,"306","87"
2829,,,1,0,"840","456"
7090,"2010-08-15",,14,1,"64","595"
4867,,"0008-06-18",2,1,"944","510"
318,"0007-10-17","0007-12-17",13,0,"513","389"
10024,"0004-04-20","0004-09-20",1,2,"271","324"
10493,,"0007-04-20",8,2,"109","81"
1826,,,2,1,"245","87"
8840,,,2,2,"246","352"
10777,"0009-03-20","0009-11-20",4,2,"392","75"
6655,,,1,0,"443","370"
945,"0009-02-17","0009-03-17",30,1,"226","214"
5736,,"2010-02-18",9,0,"1202","565"
1940,,,0,1,"257","87"
4079,,"0004-02-18",4,1,"245","194"
1997,"0007-10-15",,2,1,"266","88"
6340,,"0005-03-19",9,2,"1338","578"
10153,"0007-11-20",,206,2,"293","324"
1955,"0009-10-15",,58,1,"260","88"
6849,"0005-08-19",,0,2,"265","87"
1383,,,4,1,"163","335"
5766,,"0009-01-18",1,0,"1209","565"
7764,,"0009-05-19",14,0,"446","370"
5602,"0003-10-19",,1,2,"266","87"
6069,,,1,0,"924","365"
11085,,,1,2,"319","87"
2683,,,3,1,"827","444"
5823,"0009-08-17",,34,0,"748","441"
11266,,"2011-04-20",298,2,"2452","77"
1987,"0005-09-14",,4,1,"265","89"
3943,,"0003-05-18",0,1,"941","510"
1127,"0007-07-17",,24,1,"186","333"
2799,,,3,0,"605","414"
46,"0007-06-17","0007-10-17",75,1,"317","87"
2391,,"2010-03-14",27,1,"313","85"
2717,"0004-10-17",,0,1,"832","444"
6835,,,0,1,"938","510"
3245,,,4,0,"900","470"
5893,,,1,2,"316","87"
326,,,5,0,"522","393"
6341,,"0005-03-19",4,2,"1339","578"
650,"0009-01-17","0009-08-17",0,0,"651","412"
8215,,"0005-03-19",2,2,"1718","617"
2648,"0009-08-17",,0,0,"664","412"
5298,"0005-01-18","0005-07-18",1,1,"251","353"
6316,,,351,2,"1314","577"
10863,,,16,1,"1670","391"
8110,,,31,0,"1655","440"
7559,,,3,2,"1395","588"
2257,,,198,1,"298","87"
9353,"0004-10-20",,0,2,"84","590"
7067,,,1,1,"51","595"
10207,,,16,0,"459","369"
4741,,,30,1,"143","335"
4333,"0005-03-18","0005-12-18",0,0,"458","369"
3965,,,1,0,"525","393"
5839,"0008-12-18",,3,0,"1219","441"
4024,,"0004-03-18",0,1,"942","510"
8449,"2012-03-19","2012-08-19",24,0,"1529","522"
6369,,,9,2,"1362","580"
802,"0004-03-17","0004-10-17",0,1,"714","391"
453,,,0,0,"570","399"
674,"0007-07-17",,100,0,"674","418"
1265,,,1,1,"144","335"
5017,,"0009-01-18",1,0,"451","518"
3875,,,0,1,"943","510"
1122,"0007-07-17",,26,1,"180","333"
3936,,,1,0,"435","366"
468,"0008-10-17",,4,1,"578","407"
6504,"0005-02-19","0005-07-19",58,2,"1482","593"
3526,,,275,0,"709","432"
11070,,,25,2,"315","324"
1343,"0007-07-16","0007-10-16",2,1,"163","335"
1812,,,99,1,"243","324"
11129,,"2011-07-20",4,2,"1094","87"
9842,"0004-03-20","0004-09-20",4,2,"1151","87"
4275,,,0,0,"537","396"
420,,,1,0,"573","400"
9167,"0004-08-20",,2,1,"728","391"
8757,,,0,0,"1672","429"
10143,"0007-03-20","0007-10-20",29,2,"244","324"
8654,,"0002-06-20",3,0,"1785","625"
1842,,,476,1,"247","85"
9630,,"0006-02-20",0,0,"1669","610"
797,,,19,0,"708","432"
4141,"0004-11-18",,2,1,"287","352"
